// Gerado por tools/make_font.py a partir da Nunito (SIL OFL 1.1). Não edite.
#include "bubble_fonts.h"

// 22 px, 44 KB
const uint8_t BUBBLE_FONT_BIG[45777] = {
  0x00, 0x00, 0x00, 0xc7, 0x00, 0x00, 0x00, 0x0b, 0x00, 0x00, 0x00, 0x16, 0x00, 0x00, 0x00, 0x00, 0x00, 0x00, 0x00, 0x17,
  0x00, 0x00, 0x00, 0x08, 0x00, 0x00, 0x00, 0x20, 0x00, 0x00, 0x00, 0x00, 0x00, 0x00, 0x00, 0x00, 0x00, 0x00, 0x00, 0x06,
  0x00, 0x00, 0x00, 0x00, 0x00, 0x00, 0x00, 0x00, 0x00, 0x00, 0x00, 0x00, 0x00, 0x00, 0x00, 0x21, 0x00, 0x00, 0x00, 0x10,
  0x00, 0x00, 0x00, 0x05, 0x00, 0x00, 0x00, 0x05, 0x00, 0x00, 0x00, 0x10, 0x00, 0x00, 0x00, 0x00, 0x00, 0x00, 0x00, 0x00,
  0x00, 0x00, 0x00, 0x22, 0x00, 0x00, 0x00, 0x10, 0x00, 0x00, 0x00, 0x0a, 0x00, 0x00, 0x00, 0x0a, 0x00, 0x00, 0x00, 0x10,
  0x00, 0x00, 0x00, 0x00, 0x00, 0x00, 0x00, 0x00, 0x00, 0x00, 0x00, 0x23, 0x00, 0x00, 0x00, 0x10, 0x00, 0x00, 0x00, 0x0d,
  0x00, 0x00, 0x00, 0x0d, 0x00, 0x00, 0x00, 0x10, 0x00, 0x00, 0x00, 0x00, 0x00, 0x00, 0x00, 0x00, 0x00, 0x00, 0x00, 0x24,
  0x00, 0x00, 0x00, 0x16, 0x00, 0x00, 0x00, 0x0e, 0x00, 0x00, 0x00, 0x0e, 0x00, 0x00, 0x00, 0x13, 0x00, 0x00, 0x00, 0x00,
  0x00, 0x00, 0x00, 0x00, 0x00, 0x00, 0x00, 0x25, 0x00, 0x00, 0x00, 0x11, 0x00, 0x00, 0x00, 0x15, 0x00, 0x00, 0x00, 0x15,
  0x00, 0x00, 0x00, 0x10, 0x00, 0x00, 0x00, 0x00, 0x00, 0x00, 0x00, 0x00, 0x00, 0x00, 0x00, 0x26, 0x00, 0x00, 0x00, 0x10,
  0x00, 0x00, 0x00, 0x10, 0x00, 0x00, 0x00, 0x10, 0x00, 0x00, 0x00, 0x10, 0x00, 0x00, 0x00, 0x00, 0x00, 0x00, 0x00, 0x00,
  0x00, 0x00, 0x00, 0x27, 0x00, 0x00, 0x00, 0x10, 0x00, 0x00, 0x00, 0x05, 0x00, 0x00, 0x00, 0x05, 0x00, 0x00, 0x00, 0x10,
  0x00, 0x00, 0x00, 0x00, 0x00, 0x00, 0x00, 0x00, 0x00, 0x00, 0x00, 0x28, 0x00, 0x00, 0x00, 0x15, 0x00, 0x00, 0x00, 0x08,
  0x00, 0x00, 0x00, 0x08, 0x00, 0x00, 0x00, 0x10, 0x00, 0x00, 0x00, 0x00, 0x00, 0x00, 0x00, 0x00, 0x00, 0x00, 0x00, 0x29,
  0x00, 0x00, 0x00, 0x15, 0x00, 0x00, 0x00, 0x08, 0x00, 0x00, 0x00, 0x08, 0x00, 0x00, 0x00, 0x10, 0x00, 0x00, 0x00, 0x00,
  0x00, 0x00, 0x00, 0x00, 0x00, 0x00, 0x00, 0x2a, 0x00, 0x00, 0x00, 0x10, 0x00, 0x00, 0x00, 0x0b, 0x00, 0x00, 0x00, 0x0b,
  0x00, 0x00, 0x00, 0x10, 0x00, 0x00, 0x00, 0x00, 0x00, 0x00, 0x00, 0x00, 0x00, 0x00, 0x00, 0x2b, 0x00, 0x00, 0x00, 0x0c,
  0x00, 0x00, 0x00, 0x0d, 0x00, 0x00, 0x00, 0x0d, 0x00, 0x00, 0x00, 0x0c, 0x00, 0x00, 0x00, 0x00, 0x00, 0x00, 0x00, 0x00,
  0x00, 0x00, 0x00, 0x2c, 0x00, 0x00, 0x00, 0x06, 0x00, 0x00, 0x00, 0x05, 0x00, 0x00, 0x00, 0x05, 0x00, 0x00, 0x00, 0x03,
  0x00, 0x00, 0x00, 0x00, 0x00, 0x00, 0x00, 0x00, 0x00, 0x00, 0x00, 0x2d, 0x00, 0x00, 0x00, 0x08, 0x00, 0x00, 0x00, 0x09,
  0x00, 0x00, 0x00, 0x09, 0x00, 0x00, 0x00, 0x08, 0x00, 0x00, 0x00, 0x00, 0x00, 0x00, 0x00, 0x00, 0x00, 0x00, 0x00, 0x2e,
  0x00, 0x00, 0x00, 0x03, 0x00, 0x00, 0x00, 0x05, 0x00, 0x00, 0x00, 0x05, 0x00, 0x00, 0x00, 0x03, 0x00, 0x00, 0x00, 0x00,
  0x00, 0x00, 0x00, 0x00, 0x00, 0x00, 0x00, 0x2f, 0x00, 0x00, 0x00, 0x12, 0x00, 0x00, 0x00, 0x09, 0x00, 0x00, 0x00, 0x07,
  0x00, 0x00, 0x00, 0x11, 0xff, 0xff, 0xff, 0xff, 0x00, 0x00, 0x00, 0x00, 0x00, 0x00, 0x00, 0x30, 0x00, 0x00, 0x00, 0x10,
  0x00, 0x00, 0x00, 0x0d, 0x00, 0x00, 0x00, 0x0d, 0x00, 0x00, 0x00, 0x10, 0x00, 0x00, 0x00, 0x00, 0x00, 0x00, 0x00, 0x00,
  0x00, 0x00, 0x00, 0x31, 0x00, 0x00, 0x00, 0x10, 0x00, 0x00, 0x00, 0x0d, 0x00, 0x00, 0x00, 0x0d, 0x00, 0x00, 0x00, 0x10,
  0x00, 0x00, 0x00, 0x00, 0x00, 0x00, 0x00, 0x00, 0x00, 0x00, 0x00, 0x32, 0x00, 0x00, 0x00, 0x10, 0x00, 0x00, 0x00, 0x0d,
  0x00, 0x00, 0x00, 0x0d, 0x00, 0x00, 0x00, 0x10, 0x00, 0x00, 0x00, 0x00, 0x00, 0x00, 0x00, 0x00, 0x00, 0x00, 0x00, 0x33,
  0x00, 0x00, 0x00, 0x10, 0x00, 0x00, 0x00, 0x0d, 0x00, 0x00, 0x00, 0x0d, 0x00, 0x00, 0x00, 0x10, 0x00, 0x00, 0x00, 0x00,
  0x00, 0x00, 0x00, 0x00, 0x00, 0x00, 0x00, 0x34, 0x00, 0x00, 0x00, 0x10, 0x00, 0x00, 0x00, 0x0d, 0x00, 0x00, 0x00, 0x0d,
  0x00, 0x00, 0x00, 0x10, 0x00, 0x00, 0x00, 0x00, 0x00, 0x00, 0x00, 0x00, 0x00, 0x00, 0x00, 0x35, 0x00, 0x00, 0x00, 0x10,
  0x00, 0x00, 0x00, 0x0d, 0x00, 0x00, 0x00, 0x0d, 0x00, 0x00, 0x00, 0x10, 0x00, 0x00, 0x00, 0x00, 0x00, 0x00, 0x00, 0x00,
  0x00, 0x00, 0x00, 0x36, 0x00, 0x00, 0x00, 0x10, 0x00, 0x00, 0x00, 0x0d, 0x00, 0x00, 0x00, 0x0d, 0x00, 0x00, 0x00, 0x10,
  0x00, 0x00, 0x00, 0x00, 0x00, 0x00, 0x00, 0x00, 0x00, 0x00, 0x00, 0x37, 0x00, 0x00, 0x00, 0x10, 0x00, 0x00, 0x00, 0x0d,
  0x00, 0x00, 0x00, 0x0d, 0x00, 0x00, 0x00, 0x10, 0x00, 0x00, 0x00, 0x00, 0x00, 0x00, 0x00, 0x00, 0x00, 0x00, 0x00, 0x38,
  0x00, 0x00, 0x00, 0x10, 0x00, 0x00, 0x00, 0x0d, 0x00, 0x00, 0x00, 0x0d, 0x00, 0x00, 0x00, 0x10, 0x00, 0x00, 0x00, 0x00,
  0x00, 0x00, 0x00, 0x00, 0x00, 0x00, 0x00, 0x39, 0x00, 0x00, 0x00, 0x10, 0x00, 0x00, 0x00, 0x0d, 0x00, 0x00, 0x00, 0x0d,
  0x00, 0x00, 0x00, 0x10, 0x00, 0x00, 0x00, 0x00, 0x00, 0x00, 0x00, 0x00, 0x00, 0x00, 0x00, 0x3a, 0x00, 0x00, 0x00, 0x0b,
  0x00, 0x00, 0x00, 0x05, 0x00, 0x00, 0x00, 0x05, 0x00, 0x00, 0x00, 0x0b, 0x00, 0x00, 0x00, 0x00, 0x00, 0x00, 0x00, 0x00,
  0x00, 0x00, 0x00, 0x3b, 0x00, 0x00, 0x00, 0x0e, 0x00, 0x00, 0x00, 0x05, 0x00, 0x00, 0x00, 0x05, 0x00, 0x00, 0x00, 0x0b,
  0x00, 0x00, 0x00, 0x00, 0x00, 0x00, 0x00, 0x00, 0x00, 0x00, 0x00, 0x3c, 0x00, 0x00, 0x00, 0x0c, 0x00, 0x00, 0x00, 0x0d,
  0x00, 0x00, 0x00, 0x0d, 0x00, 0x00, 0x00, 0x0c, 0x00, 0x00, 0x00, 0x00, 0x00, 0x00, 0x00, 0x00, 0x00, 0x00, 0x00, 0x3d,
  0x00, 0x00, 0x00, 0x0a, 0x00, 0x00, 0x00, 0x0d, 0x00, 0x00, 0x00, 0x0d, 0x00, 0x00, 0x00, 0x0a, 0x00, 0x00, 0x00, 0x00,
  0x00, 0x00, 0x00, 0x00, 0x00, 0x00, 0x00, 0x3e, 0x00, 0x00, 0x00, 0x0c, 0x00, 0x00, 0x00, 0x0d, 0x00, 0x00, 0x00, 0x0d,
  0x00, 0x00, 0x00, 0x0c, 0x00, 0x00, 0x00, 0x00, 0x00, 0x00, 0x00, 0x00, 0x00, 0x00, 0x00, 0x3f, 0x00, 0x00, 0x00, 0x10,
  0x00, 0x00, 0x00, 0x0a, 0x00, 0x00, 0x00, 0x0a, 0x00, 0x00, 0x00, 0x10, 0x00, 0x00, 0x00, 0x00, 0x00, 0x00, 0x00, 0x00,
  0x00, 0x00, 0x00, 0x40, 0x00, 0x00, 0x00, 0x15, 0x00, 0x00, 0x00, 0x15, 0x00, 0x00, 0x00, 0x15, 0x00, 0x00, 0x00, 0x10,
  0x00, 0x00, 0x00, 0x00, 0x00, 0x00, 0x00, 0x00, 0x00, 0x00, 0x00, 0x41, 0x00, 0x00, 0x00, 0x10, 0x00, 0x00, 0x00, 0x10,
  0x00, 0x00, 0x00, 0x10, 0x00, 0x00, 0x00, 0x10, 0x00, 0x00, 0x00, 0x00, 0x00, 0x00, 0x00, 0x00, 0x00, 0x00, 0x00, 0x42,
  0x00, 0x00, 0x00, 0x10, 0x00, 0x00, 0x00, 0x0f, 0x00, 0x00, 0x00, 0x0f, 0x00, 0x00, 0x00, 0x10, 0x00, 0x00, 0x00, 0x00,
  0x00, 0x00, 0x00, 0x00, 0x00, 0x00, 0x00, 0x43, 0x00, 0x00, 0x00, 0x10, 0x00, 0x00, 0x00, 0x0f, 0x00, 0x00, 0x00, 0x0f,
  0x00, 0x00, 0x00, 0x10, 0x00, 0x00, 0x00, 0x00, 0x00, 0x00, 0x00, 0x00, 0x00, 0x00, 0x00, 0x44, 0x00, 0x00, 0x00, 0x10,
  0x00, 0x00, 0x00, 0x11, 0x00, 0x00, 0x00, 0x11, 0x00, 0x00, 0x00, 0x10, 0x00, 0x00, 0x00, 0x00, 0x00, 0x00, 0x00, 0x00,
  0x00, 0x00, 0x00, 0x45, 0x00, 0x00, 0x00, 0x10, 0x00, 0x00, 0x00, 0x0d, 0x00, 0x00, 0x00, 0x0d, 0x00, 0x00, 0x00, 0x10,
  0x00, 0x00, 0x00, 0x00, 0x00, 0x00, 0x00, 0x00, 0x00, 0x00, 0x00, 0x46, 0x00, 0x00, 0x00, 0x10, 0x00, 0x00, 0x00, 0x0d,
  0x00, 0x00, 0x00, 0x0d, 0x00, 0x00, 0x00, 0x10, 0x00, 0x00, 0x00, 0x00, 0x00, 0x00, 0x00, 0x00, 0x00, 0x00, 0x00, 0x47,
  0x00, 0x00, 0x00, 0x10, 0x00, 0x00, 0x00, 0x10, 0x00, 0x00, 0x00, 0x10, 0x00, 0x00, 0x00, 0x10, 0x00, 0x00, 0x00, 0x00,
  0x00, 0x00, 0x00, 0x00, 0x00, 0x00, 0x00, 0x48, 0x00, 0x00, 0x00, 0x10, 0x00, 0x00, 0x00, 0x11, 0x00, 0x00, 0x00, 0x11,
  0x00, 0x00, 0x00, 0x10, 0x00, 0x00, 0x00, 0x00, 0x00, 0x00, 0x00, 0x00, 0x00, 0x00, 0x00, 0x49, 0x00, 0x00, 0x00, 0x10,
  0x00, 0x00, 0x00, 0x06, 0x00, 0x00, 0x00, 0x06, 0x00, 0x00, 0x00, 0x10, 0x00, 0x00, 0x00, 0x00, 0x00, 0x00, 0x00, 0x00,
  0x00, 0x00, 0x00, 0x4a, 0x00, 0x00, 0x00, 0x10, 0x00, 0x00, 0x00, 0x08, 0x00, 0x00, 0x00, 0x07, 0x00, 0x00, 0x00, 0x10,
  0xff, 0xff, 0xff, 0xff, 0x00, 0x00, 0x00, 0x00, 0x00, 0x00, 0x00, 0x4b, 0x00, 0x00, 0x00, 0x10, 0x00, 0x00, 0x00, 0x0f,
  0x00, 0x00, 0x00, 0x0f, 0x00, 0x00, 0x00, 0x10, 0x00, 0x00, 0x00, 0x00, 0x00, 0x00, 0x00, 0x00, 0x00, 0x00, 0x00, 0x4c,
  0x00, 0x00, 0x00, 0x10, 0x00, 0x00, 0x00, 0x0d, 0x00, 0x00, 0x00, 0x0d, 0x00, 0x00, 0x00, 0x10, 0x00, 0x00, 0x00, 0x00,
  0x00, 0x00, 0x00, 0x00, 0x00, 0x00, 0x00, 0x4d, 0x00, 0x00, 0x00, 0x10, 0x00, 0x00, 0x00, 0x13, 0x00, 0x00, 0x00, 0x13,
  0x00, 0x00, 0x00, 0x10, 0x00, 0x00, 0x00, 0x00, 0x00, 0x00, 0x00, 0x00, 0x00, 0x00, 0x00, 0x4e, 0x00, 0x00, 0x00, 0x10,
  0x00, 0x00, 0x00, 0x11, 0x00, 0x00, 0x00, 0x11, 0x00, 0x00, 0x00, 0x10, 0x00, 0x00, 0x00, 0x00, 0x00, 0x00, 0x00, 0x00,
  0x00, 0x00, 0x00, 0x4f, 0x00, 0x00, 0x00, 0x10, 0x00, 0x00, 0x00, 0x11, 0x00, 0x00, 0x00, 0x11, 0x00, 0x00, 0x00, 0x10,
  0x00, 0x00, 0x00, 0x00, 0x00, 0x00, 0x00, 0x00, 0x00, 0x00, 0x00, 0x50, 0x00, 0x00, 0x00, 0x10, 0x00, 0x00, 0x00, 0x0f,
  0x00, 0x00, 0x00, 0x0f, 0x00, 0x00, 0x00, 0x10, 0x00, 0x00, 0x00, 0x00, 0x00, 0x00, 0x00, 0x00, 0x00, 0x00, 0x00, 0x51,
  0x00, 0x00, 0x00, 0x15, 0x00, 0x00, 0x00, 0x11, 0x00, 0x00, 0x00, 0x11, 0x00, 0x00, 0x00, 0x10, 0x00, 0x00, 0x00, 0x00,
  0x00, 0x00, 0x00, 0x00, 0x00, 0x00, 0x00, 0x52, 0x00, 0x00, 0x00, 0x10, 0x00, 0x00, 0x00, 0x0f, 0x00, 0x00, 0x00, 0x0f,
  0x00, 0x00, 0x00, 0x10, 0x00, 0x00, 0x00, 0x00, 0x00, 0x00, 0x00, 0x00, 0x00, 0x00, 0x00, 0x53, 0x00, 0x00, 0x00, 0x10,
  0x00, 0x00, 0x00, 0x0d, 0x00, 0x00, 0x00, 0x0d, 0x00, 0x00, 0x00, 0x10, 0x00, 0x00, 0x00, 0x00, 0x00, 0x00, 0x00, 0x00,
  0x00, 0x00, 0x00, 0x54, 0x00, 0x00, 0x00, 0x10, 0x00, 0x00, 0x00, 0x0e, 0x00, 0x00, 0x00, 0x0e, 0x00, 0x00, 0x00, 0x10,
  0x00, 0x00, 0x00, 0x00, 0x00, 0x00, 0x00, 0x00, 0x00, 0x00, 0x00, 0x55, 0x00, 0x00, 0x00, 0x10, 0x00, 0x00, 0x00, 0x11,
  0x00, 0x00, 0x00, 0x11, 0x00, 0x00, 0x00, 0x10, 0x00, 0x00, 0x00, 0x00, 0x00, 0x00, 0x00, 0x00, 0x00, 0x00, 0x00, 0x56,
  0x00, 0x00, 0x00, 0x10, 0x00, 0x00, 0x00, 0x10, 0x00, 0x00, 0x00, 0x10, 0x00, 0x00, 0x00, 0x10, 0x00, 0x00, 0x00, 0x00,
  0x00, 0x00, 0x00, 0x00, 0x00, 0x00, 0x00, 0x57, 0x00, 0x00, 0x00, 0x10, 0x00, 0x00, 0x00, 0x18, 0x00, 0x00, 0x00, 0x18,
  0x00, 0x00, 0x00, 0x10, 0x00, 0x00, 0x00, 0x00, 0x00, 0x00, 0x00, 0x00, 0x00, 0x00, 0x00, 0x58, 0x00, 0x00, 0x00, 0x10,
  0x00, 0x00, 0x00, 0x0f, 0x00, 0x00, 0x00, 0x0f, 0x00, 0x00, 0x00, 0x10, 0x00, 0x00, 0x00, 0x00, 0x00, 0x00, 0x00, 0x00,
  0x00, 0x00, 0x00, 0x59, 0x00, 0x00, 0x00, 0x10, 0x00, 0x00, 0x00, 0x0f, 0x00, 0x00, 0x00, 0x0e, 0x00, 0x00, 0x00, 0x10,
  0xff, 0xff, 0xff, 0xff, 0x00, 0x00, 0x00, 0x00, 0x00, 0x00, 0x00, 0x5a, 0x00, 0x00, 0x00, 0x10, 0x00, 0x00, 0x00, 0x0e,
  0x00, 0x00, 0x00, 0x0e, 0x00, 0x00, 0x00, 0x10, 0x00, 0x00, 0x00, 0x00, 0x00, 0x00, 0x00, 0x00, 0x00, 0x00, 0x00, 0x5b,
  0x00, 0x00, 0x00, 0x14, 0x00, 0x00, 0x00, 0x08, 0x00, 0x00, 0x00, 0x07, 0x00, 0x00, 0x00, 0x10, 0x00, 0x00, 0x00, 0x00,
  0x00, 0x00, 0x00, 0x00, 0x00, 0x00, 0x00, 0x5c, 0x00, 0x00, 0x00, 0x12, 0x00, 0x00, 0x00, 0x09, 0x00, 0x00, 0x00, 0x07,
  0x00, 0x00, 0x00, 0x11, 0xff, 0xff, 0xff, 0xff, 0x00, 0x00, 0x00, 0x00, 0x00, 0x00, 0x00, 0x5d, 0x00, 0x00, 0x00, 0x14,
  0x00, 0x00, 0x00, 0x08, 0x00, 0x00, 0x00, 0x08, 0x00, 0x00, 0x00, 0x10, 0x00, 0x00, 0x00, 0x00, 0x00, 0x00, 0x00, 0x00,
  0x00, 0x00, 0x00, 0x5e, 0x00, 0x00, 0x00, 0x0e, 0x00, 0x00, 0x00, 0x0d, 0x00, 0x00, 0x00, 0x0d, 0x00, 0x00, 0x00, 0x0e,
  0x00, 0x00, 0x00, 0x00, 0x00, 0x00, 0x00, 0x00, 0x00, 0x00, 0x00, 0x5f, 0x00, 0x00, 0x00, 0x03, 0x00, 0x00, 0x00, 0x0c,
  0x00, 0x00, 0x00, 0x0c, 0x00, 0x00, 0x00, 0x01, 0x00, 0x00, 0x00, 0x00, 0x00, 0x00, 0x00, 0x00, 0x00, 0x00, 0x00, 0x60,
  0x00, 0x00, 0x00, 0x12, 0x00, 0x00, 0x00, 0x08, 0x00, 0x00, 0x00, 0x08, 0x00, 0x00, 0x00, 0x12, 0x00, 0x00, 0x00, 0x00,
  0x00, 0x00, 0x00, 0x00, 0x00, 0x00, 0x00, 0x61, 0x00, 0x00, 0x00, 0x0b, 0x00, 0x00, 0x00, 0x0c, 0x00, 0x00, 0x00, 0x0c,
  0x00, 0x00, 0x00, 0x0b, 0x00, 0x00, 0x00, 0x00, 0x00, 0x00, 0x00, 0x00, 0x00, 0x00, 0x00, 0x62, 0x00, 0x00, 0x00, 0x10,
  0x00, 0x00, 0x00, 0x0d, 0x00, 0x00, 0x00, 0x0d, 0x00, 0x00, 0x00, 0x10, 0x00, 0x00, 0x00, 0x00, 0x00, 0x00, 0x00, 0x00,
  0x00, 0x00, 0x00, 0x63, 0x00, 0x00, 0x00, 0x0b, 0x00, 0x00, 0x00, 0x0b, 0x00, 0x00, 0x00, 0x0b, 0x00, 0x00, 0x00, 0x0b,
  0x00, 0x00, 0x00, 0x00, 0x00, 0x00, 0x00, 0x00, 0x00, 0x00, 0x00, 0x64, 0x00, 0x00, 0x00, 0x10, 0x00, 0x00, 0x00, 0x0d,
  0x00, 0x00, 0x00, 0x0d, 0x00, 0x00, 0x00, 0x10, 0x00, 0x00, 0x00, 0x00, 0x00, 0x00, 0x00, 0x00, 0x00, 0x00, 0x00, 0x65,
  0x00, 0x00, 0x00, 0x0b, 0x00, 0x00, 0x00, 0x0d, 0x00, 0x00, 0x00, 0x0d, 0x00, 0x00, 0x00, 0x0b, 0x00, 0x00, 0x00, 0x00,
  0x00, 0x00, 0x00, 0x00, 0x00, 0x00, 0x00, 0x66, 0x00, 0x00, 0x00, 0x11, 0x00, 0x00, 0x00, 0x0a, 0x00, 0x00, 0x00, 0x09,
  0x00, 0x00, 0x00, 0x11, 0x00, 0x00, 0x00, 0x00, 0x00, 0x00, 0x00, 0x00, 0x00, 0x00, 0x00, 0x67, 0x00, 0x00, 0x00, 0x0f,
  0x00, 0x00, 0x00, 0x0d, 0x00, 0x00, 0x00, 0x0d, 0x00, 0x00, 0x00, 0x0b, 0x00, 0x00, 0x00, 0x00, 0x00, 0x00, 0x00, 0x00,
  0x00, 0x00, 0x00, 0x68, 0x00, 0x00, 0x00, 0x10, 0x00, 0x00, 0x00, 0x0c, 0x00, 0x00, 0x00, 0x0c, 0x00, 0x00, 0x00, 0x10,
  0x00, 0x00, 0x00, 0x00, 0x00, 0x00, 0x00, 0x00, 0x00, 0x00, 0x00, 0x69, 0x00, 0x00, 0x00, 0x10, 0x00, 0x00, 0x00, 0x05,
  0x00, 0x00, 0x00, 0x05, 0x00, 0x00, 0x00, 0x10, 0x00, 0x00, 0x00, 0x00, 0x00, 0x00, 0x00, 0x00, 0x00, 0x00, 0x00, 0x6a,
  0x00, 0x00, 0x00, 0x15, 0x00, 0x00, 0x00, 0x07, 0x00, 0x00, 0x00, 0x05, 0x00, 0x00, 0x00, 0x10, 0xff, 0xff, 0xff, 0xfe,
  0x00, 0x00, 0x00, 0x00, 0x00, 0x00, 0x00, 0x6b, 0x00, 0x00, 0x00, 0x10, 0x00, 0x00, 0x00, 0x0b, 0x00, 0x00, 0x00, 0x0b,
  0x00, 0x00, 0x00, 0x10, 0x00, 0x00, 0x00, 0x00, 0x00, 0x00, 0x00, 0x00, 0x00, 0x00, 0x00, 0x6c, 0x00, 0x00, 0x00, 0x10,
  0x00, 0x00, 0x00, 0x07, 0x00, 0x00, 0x00, 0x07, 0x00, 0x00, 0x00, 0x10, 0x00, 0x00, 0x00, 0x00, 0x00, 0x00, 0x00, 0x00,
  0x00, 0x00, 0x00, 0x6d, 0x00, 0x00, 0x00, 0x0b, 0x00, 0x00, 0x00, 0x13, 0x00, 0x00, 0x00, 0x13, 0x00, 0x00, 0x00, 0x0b,
  0x00, 0x00, 0x00, 0x00, 0x00, 0x00, 0x00, 0x00, 0x00, 0x00, 0x00, 0x6e, 0x00, 0x00, 0x00, 0x0b, 0x00, 0x00, 0x00, 0x0c,
  0x00, 0x00, 0x00, 0x0c, 0x00, 0x00, 0x00, 0x0b, 0x00, 0x00, 0x00, 0x00, 0x00, 0x00, 0x00, 0x00, 0x00, 0x00, 0x00, 0x6f,
  0x00, 0x00, 0x00, 0x0b, 0x00, 0x00, 0x00, 0x0d, 0x00, 0x00, 0x00, 0x0d, 0x00, 0x00, 0x00, 0x0b, 0x00, 0x00, 0x00, 0x00,
  0x00, 0x00, 0x00, 0x00, 0x00, 0x00, 0x00, 0x70, 0x00, 0x00, 0x00, 0x0f, 0x00, 0x00, 0x00, 0x0d, 0x00, 0x00, 0x00, 0x0d,
  0x00, 0x00, 0x00, 0x0b, 0x00, 0x00, 0x00, 0x00, 0x00, 0x00, 0x00, 0x00, 0x00, 0x00, 0x00, 0x71, 0x00, 0x00, 0x00, 0x0f,
  0x00, 0x00, 0x00, 0x0d, 0x00, 0x00, 0x00, 0x0d, 0x00, 0x00, 0x00, 0x0b, 0x00, 0x00, 0x00, 0x00, 0x00, 0x00, 0x00, 0x00,
  0x00, 0x00, 0x00, 0x72, 0x00, 0x00, 0x00, 0x0c, 0x00, 0x00, 0x00, 0x09, 0x00, 0x00, 0x00, 0x08, 0x00, 0x00, 0x00, 0x0c,
  0x00, 0x00, 0x00, 0x00, 0x00, 0x00, 0x00, 0x00, 0x00, 0x00, 0x00, 0x73, 0x00, 0x00, 0x00, 0x0b, 0x00, 0x00, 0x00, 0x0b,
  0x00, 0x00, 0x00, 0x0b, 0x00, 0x00, 0x00, 0x0b, 0x00, 0x00, 0x00, 0x00, 0x00, 0x00, 0x00, 0x00, 0x00, 0x00, 0x00, 0x74,
  0x00, 0x00, 0x00, 0x0f, 0x00, 0x00, 0x00, 0x09, 0x00, 0x00, 0x00, 0x09, 0x00, 0x00, 0x00, 0x0f, 0x00, 0x00, 0x00, 0x00,
  0x00, 0x00, 0x00, 0x00, 0x00, 0x00, 0x00, 0x75, 0x00, 0x00, 0x00, 0x0b, 0x00, 0x00, 0x00, 0x0c, 0x00, 0x00, 0x00, 0x0c,
  0x00, 0x00, 0x00, 0x0b, 0x00, 0x00, 0x00, 0x00, 0x00, 0x00, 0x00, 0x00, 0x00, 0x00, 0x00, 0x76, 0x00, 0x00, 0x00, 0x0b,
  0x00, 0x00, 0x00, 0x0c, 0x00, 0x00, 0x00, 0x0c, 0x00, 0x00, 0x00, 0x0b, 0x00, 0x00, 0x00, 0x00, 0x00, 0x00, 0x00, 0x00,
  0x00, 0x00, 0x00, 0x77, 0x00, 0x00, 0x00, 0x0b, 0x00, 0x00, 0x00, 0x13, 0x00, 0x00, 0x00, 0x13, 0x00, 0x00, 0x00, 0x0b,
  0x00, 0x00, 0x00, 0x00, 0x00, 0x00, 0x00, 0x00, 0x00, 0x00, 0x00, 0x78, 0x00, 0x00, 0x00, 0x0b, 0x00, 0x00, 0x00, 0x0c,
  0x00, 0x00, 0x00, 0x0c, 0x00, 0x00, 0x00, 0x0b, 0x00, 0x00, 0x00, 0x00, 0x00, 0x00, 0x00, 0x00, 0x00, 0x00, 0x00, 0x79,
  0x00, 0x00, 0x00, 0x0f, 0x00, 0x00, 0x00, 0x0c, 0x00, 0x00, 0x00, 0x0c, 0x00, 0x00, 0x00, 0x0b, 0x00, 0x00, 0x00, 0x00,
  0x00, 0x00, 0x00, 0x00, 0x00, 0x00, 0x00, 0x7a, 0x00, 0x00, 0x00, 0x0b, 0x00, 0x00, 0x00, 0x0b, 0x00, 0x00, 0x00, 0x0b,
  0x00, 0x00, 0x00, 0x0b, 0x00, 0x00, 0x00, 0x00, 0x00, 0x00, 0x00, 0x00, 0x00, 0x00, 0x00, 0x7b, 0x00, 0x00, 0x00, 0x14,
  0x00, 0x00, 0x00, 0x09, 0x00, 0x00, 0x00, 0x09, 0x00, 0x00, 0x00, 0x10, 0x00, 0x00, 0x00, 0x00, 0x00, 0x00, 0x00, 0x00,
  0x00, 0x00, 0x00, 0x7c, 0x00, 0x00, 0x00, 0x14, 0x00, 0x00, 0x00, 0x07, 0x00, 0x00, 0x00, 0x07, 0x00, 0x00, 0x00, 0x10,
  0x00, 0x00, 0x00, 0x00, 0x00, 0x00, 0x00, 0x00, 0x00, 0x00, 0x00, 0x7d, 0x00, 0x00, 0x00, 0x14, 0x00, 0x00, 0x00, 0x09,
  0x00, 0x00, 0x00, 0x09, 0x00, 0x00, 0x00, 0x10, 0x00, 0x00, 0x00, 0x00, 0x00, 0x00, 0x00, 0x00, 0x00, 0x00, 0x00, 0x7e,
  0x00, 0x00, 0x00, 0x0a, 0x00, 0x00, 0x00, 0x0d, 0x00, 0x00, 0x00, 0x0d, 0x00, 0x00, 0x00, 0x0a, 0x00, 0x00, 0x00, 0x00,
  0x00, 0x00, 0x00, 0x00, 0x00, 0x00, 0x00, 0xa0, 0x00, 0x00, 0x00, 0x00, 0x00, 0x00, 0x00, 0x00, 0x00, 0x00, 0x00, 0x06,
  0x00, 0x00, 0x00, 0x00, 0x00, 0x00, 0x00, 0x00, 0x00, 0x00, 0x00, 0x00, 0x00, 0x00, 0x00, 0xa1, 0x00, 0x00, 0x00, 0x0f,
  0x00, 0x00, 0x00, 0x05, 0x00, 0x00, 0x00, 0x05, 0x00, 0x00, 0x00, 0x0b, 0x00, 0x00, 0x00, 0x00, 0x00, 0x00, 0x00, 0x00,
  0x00, 0x00, 0x00, 0xa2, 0x00, 0x00, 0x00, 0x11, 0x00, 0x00, 0x00, 0x0e, 0x00, 0x00, 0x00, 0x0e, 0x00, 0x00, 0x00, 0x0e,
  0x00, 0x00, 0x00, 0x00, 0x00, 0x00, 0x00, 0x00, 0x00, 0x00, 0x00, 0xa3, 0x00, 0x00, 0x00, 0x10, 0x00, 0x00, 0x00, 0x0e,
  0x00, 0x00, 0x00, 0x0e, 0x00, 0x00, 0x00, 0x10, 0x00, 0x00, 0x00, 0x00, 0x00, 0x00, 0x00, 0x00, 0x00, 0x00, 0x00, 0xa4,
  0x00, 0x00, 0x00, 0x0b, 0x00, 0x00, 0x00, 0x0d, 0x00, 0x00, 0x00, 0x0d, 0x00, 0x00, 0x00, 0x0b, 0x00, 0x00, 0x00, 0x00,
  0x00, 0x00, 0x00, 0x00, 0x00, 0x00, 0x00, 0xa5, 0x00, 0x00, 0x00, 0x10, 0x00, 0x00, 0x00, 0x0d, 0x00, 0x00, 0x00, 0x0d,
  0x00, 0x00, 0x00, 0x10, 0x00, 0x00, 0x00, 0x00, 0x00, 0x00, 0x00, 0x00, 0x00, 0x00, 0x00, 0xa6, 0x00, 0x00, 0x00, 0x14,
  0x00, 0x00, 0x00, 0x07, 0x00, 0x00, 0x00, 0x07, 0x00, 0x00, 0x00, 0x10, 0x00, 0x00, 0x00, 0x00, 0x00, 0x00, 0x00, 0x00,
  0x00, 0x00, 0x00, 0xa7, 0x00, 0x00, 0x00, 0x14, 0x00, 0x00, 0x00, 0x0d, 0x00, 0x00, 0x00, 0x0d, 0x00, 0x00, 0x00, 0x10,
  0x00, 0x00, 0x00, 0x00, 0x00, 0x00, 0x00, 0x00, 0x00, 0x00, 0x00, 0xa8, 0x00, 0x00, 0x00, 0x10, 0x00, 0x00, 0x00, 0x0b,
  0x00, 0x00, 0x00, 0x0b, 0x00, 0x00, 0x00, 0x10, 0x00, 0x00, 0x00, 0x00, 0x00, 0x00, 0x00, 0x00, 0x00, 0x00, 0x00, 0xa9,
  0x00, 0x00, 0x00, 0x10, 0x00, 0x00, 0x00, 0x12, 0x00, 0x00, 0x00, 0x12, 0x00, 0x00, 0x00, 0x10, 0x00, 0x00, 0x00, 0x00,
  0x00, 0x00, 0x00, 0x00, 0x00, 0x00, 0x00, 0xaa, 0x00, 0x00, 0x00, 0x10, 0x00, 0x00, 0x00, 0x08, 0x00, 0x00, 0x00, 0x08,
  0x00, 0x00, 0x00, 0x10, 0x00, 0x00, 0x00, 0x00, 0x00, 0x00, 0x00, 0x00, 0x00, 0x00, 0x00, 0xab, 0x00, 0x00, 0x00, 0x0b,
  0x00, 0x00, 0x00, 0x0b, 0x00, 0x00, 0x00, 0x0b, 0x00, 0x00, 0x00, 0x0b, 0x00, 0x00, 0x00, 0x00, 0x00, 0x00, 0x00, 0x00,
  0x00, 0x00, 0x00, 0xac, 0x00, 0x00, 0x00, 0x0b, 0x00, 0x00, 0x00, 0x0d, 0x00, 0x00, 0x00, 0x0d, 0x00, 0x00, 0x00, 0x0b,
  0x00, 0x00, 0x00, 0x00, 0x00, 0x00, 0x00, 0x00, 0x00, 0x00, 0x00, 0xad, 0x00, 0x00, 0x00, 0x08, 0x00, 0x00, 0x00, 0x09,
  0x00, 0x00, 0x00, 0x09, 0x00, 0x00, 0x00, 0x08, 0x00, 0x00, 0x00, 0x00, 0x00, 0x00, 0x00, 0x00, 0x00, 0x00, 0x00, 0xae,
  0x00, 0x00, 0x00, 0x10, 0x00, 0x00, 0x00, 0x12, 0x00, 0x00, 0x00, 0x12, 0x00, 0x00, 0x00, 0x10, 0x00, 0x00, 0x00, 0x00,
  0x00, 0x00, 0x00, 0x00, 0x00, 0x00, 0x00, 0xaf, 0x00, 0x00, 0x00, 0x11, 0x00, 0x00, 0x00, 0x0b, 0x00, 0x00, 0x00, 0x0b,
  0x00, 0x00, 0x00, 0x11, 0x00, 0x00, 0x00, 0x00, 0x00, 0x00, 0x00, 0x00, 0x00, 0x00, 0x00, 0xb0, 0x00, 0x00, 0x00, 0x11,
  0x00, 0x00, 0x00, 0x09, 0x00, 0x00, 0x00, 0x09, 0x00, 0x00, 0x00, 0x11, 0x00, 0x00, 0x00, 0x00, 0x00, 0x00, 0x00, 0x00,
  0x00, 0x00, 0x00, 0xb1, 0x00, 0x00, 0x00, 0x0c, 0x00, 0x00, 0x00, 0x0d, 0x00, 0x00, 0x00, 0x0d, 0x00, 0x00, 0x00, 0x0c,
  0x00, 0x00, 0x00, 0x00, 0x00, 0x00, 0x00, 0x00, 0x00, 0x00, 0x00, 0xb2, 0x00, 0x00, 0x00, 0x10, 0x00, 0x00, 0x00, 0x09,
  0x00, 0x00, 0x00, 0x09, 0x00, 0x00, 0x00, 0x10, 0x00, 0x00, 0x00, 0x00, 0x00, 0x00, 0x00, 0x00, 0x00, 0x00, 0x00, 0xb3,
  0x00, 0x00, 0x00, 0x10, 0x00, 0x00, 0x00, 0x08, 0x00, 0x00, 0x00, 0x08, 0x00, 0x00, 0x00, 0x10, 0x00, 0x00, 0x00, 0x00,
  0x00, 0x00, 0x00, 0x00, 0x00, 0x00, 0x00, 0xb4, 0x00, 0x00, 0x00, 0x12, 0x00, 0x00, 0x00, 0x08, 0x00, 0x00, 0x00, 0x08,
  0x00, 0x00, 0x00, 0x12, 0x00, 0x00, 0x00, 0x00, 0x00, 0x00, 0x00, 0x00, 0x00, 0x00, 0x00, 0xb5, 0x00, 0x00, 0x00, 0x0f,
  0x00, 0x00, 0x00, 0x0e, 0x00, 0x00, 0x00, 0x0e, 0x00, 0x00, 0x00, 0x0b, 0x00, 0x00, 0x00, 0x00, 0x00, 0x00, 0x00, 0x00,
  0x00, 0x00, 0x00, 0xb6, 0x00, 0x00, 0x00, 0x14, 0x00, 0x00, 0x00, 0x0e, 0x00, 0x00, 0x00, 0x0e, 0x00, 0x00, 0x00, 0x10,
  0x00, 0x00, 0x00, 0x00, 0x00, 0x00, 0x00, 0x00, 0x00, 0x00, 0x00, 0xb7, 0x00, 0x00, 0x00, 0x07, 0x00, 0x00, 0x00, 0x05,
  0x00, 0x00, 0x00, 0x05, 0x00, 0x00, 0x00, 0x07, 0x00, 0x00, 0x00, 0x00, 0x00, 0x00, 0x00, 0x00, 0x00, 0x00, 0x00, 0xb8,
  0x00, 0x00, 0x00, 0x06, 0x00, 0x00, 0x00, 0x09, 0x00, 0x00, 0x00, 0x09, 0x00, 0x00, 0x00, 0x01, 0x00, 0x00, 0x00, 0x00,
  0x00, 0x00, 0x00, 0x00, 0x00, 0x00, 0x00, 0xb9, 0x00, 0x00, 0x00, 0x10, 0x00, 0x00, 0x00, 0x08, 0x00, 0x00, 0x00, 0x08,
  0x00, 0x00, 0x00, 0x10, 0x00, 0x00, 0x00, 0x00, 0x00, 0x00, 0x00, 0x00, 0x00, 0x00, 0x00, 0xba, 0x00, 0x00, 0x00, 0x10,
  0x00, 0x00, 0x00, 0x09, 0x00, 0x00, 0x00, 0x09, 0x00, 0x00, 0x00, 0x10, 0x00, 0x00, 0x00, 0x00, 0x00, 0x00, 0x00, 0x00,
  0x00, 0x00, 0x00, 0xbb, 0x00, 0x00, 0x00, 0x0b, 0x00, 0x00, 0x00, 0x0b, 0x00, 0x00, 0x00, 0x0b, 0x00, 0x00, 0x00, 0x0b,
  0x00, 0x00, 0x00, 0x00, 0x00, 0x00, 0x00, 0x00, 0x00, 0x00, 0x00, 0xbc, 0x00, 0x00, 0x00, 0x11, 0x00, 0x00, 0x00, 0x15,
  0x00, 0x00, 0x00, 0x15, 0x00, 0x00, 0x00, 0x10, 0x00, 0x00, 0x00, 0x00, 0x00, 0x00, 0x00, 0x00, 0x00, 0x00, 0x00, 0xbd,
  0x00, 0x00, 0x00, 0x11, 0x00, 0x00, 0x00, 0x15, 0x00, 0x00, 0x00, 0x15, 0x00, 0x00, 0x00, 0x10, 0x00, 0x00, 0x00, 0x00,
  0x00, 0x00, 0x00, 0x00, 0x00, 0x00, 0x00, 0xbe, 0x00, 0x00, 0x00, 0x11, 0x00, 0x00, 0x00, 0x15, 0x00, 0x00, 0x00, 0x15,
  0x00, 0x00, 0x00, 0x10, 0x00, 0x00, 0x00, 0x00, 0x00, 0x00, 0x00, 0x00, 0x00, 0x00, 0x00, 0xbf, 0x00, 0x00, 0x00, 0x0f,
  0x00, 0x00, 0x00, 0x0b, 0x00, 0x00, 0x00, 0x0a, 0x00, 0x00, 0x00, 0x0b, 0x00, 0x00, 0x00, 0x00, 0x00, 0x00, 0x00, 0x00,
  0x00, 0x00, 0x00, 0xc0, 0x00, 0x00, 0x00, 0x16, 0x00, 0x00, 0x00, 0x11, 0x00, 0x00, 0x00, 0x10, 0x00, 0x00, 0x00, 0x16,
  0x00, 0x00, 0x00, 0x00, 0x00, 0x00, 0x00, 0x00, 0x00, 0x00, 0x00, 0xc1, 0x00, 0x00, 0x00, 0x16, 0x00, 0x00, 0x00, 0x11,
  0x00, 0x00, 0x00, 0x10, 0x00, 0x00, 0x00, 0x16, 0x00, 0x00, 0x00, 0x00, 0x00, 0x00, 0x00, 0x00, 0x00, 0x00, 0x00, 0xc2,
  0x00, 0x00, 0x00, 0x15, 0x00, 0x00, 0x00, 0x10, 0x00, 0x00, 0x00, 0x10, 0x00, 0x00, 0x00, 0x15, 0x00, 0x00, 0x00, 0x00,
  0x00, 0x00, 0x00, 0x00, 0x00, 0x00, 0x00, 0xc3, 0x00, 0x00, 0x00, 0x15, 0x00, 0x00, 0x00, 0x10, 0x00, 0x00, 0x00, 0x10,
  0x00, 0x00, 0x00, 0x15, 0x00, 0x00, 0x00, 0x00, 0x00, 0x00, 0x00, 0x00, 0x00, 0x00, 0x00, 0xc4, 0x00, 0x00, 0x00, 0x14,
  0x00, 0x00, 0x00, 0x11, 0x00, 0x00, 0x00, 0x11, 0x00, 0x00, 0x00, 0x14, 0x00, 0x00, 0x00, 0x00, 0x00, 0x00, 0x00, 0x00,
  0x00, 0x00, 0x00, 0xc5, 0x00, 0x00, 0x00, 0x17, 0x00, 0x00, 0x00, 0x10, 0x00, 0x00, 0x00, 0x10, 0x00, 0x00, 0x00, 0x17,
  0x00, 0x00, 0x00, 0x00, 0x00, 0x00, 0x00, 0x00, 0x00, 0x00, 0x00, 0xc6, 0x00, 0x00, 0x00, 0x10, 0x00, 0x00, 0x00, 0x16,
  0x00, 0x00, 0x00, 0x16, 0x00, 0x00, 0x00, 0x10, 0x00, 0x00, 0x00, 0x00, 0x00, 0x00, 0x00, 0x00, 0x00, 0x00, 0x00, 0xc7,
  0x00, 0x00, 0x00, 0x15, 0x00, 0x00, 0x00, 0x0f, 0x00, 0x00, 0x00, 0x0f, 0x00, 0x00, 0x00, 0x10, 0x00, 0x00, 0x00, 0x00,
  0x00, 0x00, 0x00, 0x00, 0x00, 0x00, 0x00, 0xc8, 0x00, 0x00, 0x00, 0x16, 0x00, 0x00, 0x00, 0x0d, 0x00, 0x00, 0x00, 0x0d,
  0x00, 0x00, 0x00, 0x16, 0x00, 0x00, 0x00, 0x00, 0x00, 0x00, 0x00, 0x00, 0x00, 0x00, 0x00, 0xc9, 0x00, 0x00, 0x00, 0x16,
  0x00, 0x00, 0x00, 0x0d, 0x00, 0x00, 0x00, 0x0d, 0x00, 0x00, 0x00, 0x16, 0x00, 0x00, 0x00, 0x00, 0x00, 0x00, 0x00, 0x00,
  0x00, 0x00, 0x00, 0xca, 0x00, 0x00, 0x00, 0x16, 0x00, 0x00, 0x00, 0x0d, 0x00, 0x00, 0x00, 0x0d, 0x00, 0x00, 0x00, 0x16,
  0x00, 0x00, 0x00, 0x00, 0x00, 0x00, 0x00, 0x00, 0x00, 0x00, 0x00, 0xcb, 0x00, 0x00, 0x00, 0x14, 0x00, 0x00, 0x00, 0x0d,
  0x00, 0x00, 0x00, 0x0d, 0x00, 0x00, 0x00, 0x14, 0x00, 0x00, 0x00, 0x00, 0x00, 0x00, 0x00, 0x00, 0x00, 0x00, 0x00, 0xcc,
  0x00, 0x00, 0x00, 0x16, 0x00, 0x00, 0x00, 0x06, 0x00, 0x00, 0x00, 0x06, 0x00, 0x00, 0x00, 0x16, 0x00, 0x00, 0x00, 0x00,
  0x00, 0x00, 0x00, 0x00, 0x00, 0x00, 0x00, 0xcd, 0x00, 0x00, 0x00, 0x16, 0x00, 0x00, 0x00, 0x07, 0x00, 0x00, 0x00, 0x07,
  0x00, 0x00, 0x00, 0x16, 0x00, 0x00, 0x00, 0x00, 0x00, 0x00, 0x00, 0x00, 0x00, 0x00, 0x00, 0xce, 0x00, 0x00, 0x00, 0x15,
  0x00, 0x00, 0x00, 0x08, 0x00, 0x00, 0x00, 0x06, 0x00, 0x00, 0x00, 0x15, 0xff, 0xff, 0xff, 0xff, 0x00, 0x00, 0x00, 0x00,
  0x00, 0x00, 0x00, 0xcf, 0x00, 0x00, 0x00, 0x14, 0x00, 0x00, 0x00, 0x07, 0x00, 0x00, 0x00, 0x07, 0x00, 0x00, 0x00, 0x14,
  0x00, 0x00, 0x00, 0x00, 0x00, 0x00, 0x00, 0x00, 0x00, 0x00, 0x00, 0xd0, 0x00, 0x00, 0x00, 0x10, 0x00, 0x00, 0x00, 0x11,
  0x00, 0x00, 0x00, 0x11, 0x00, 0x00, 0x00, 0x10, 0x00, 0x00, 0x00, 0x00, 0x00, 0x00, 0x00, 0x00, 0x00, 0x00, 0x00, 0xd1,
  0x00, 0x00, 0x00, 0x15, 0x00, 0x00, 0x00, 0x11, 0x00, 0x00, 0x00, 0x11, 0x00, 0x00, 0x00, 0x15, 0x00, 0x00, 0x00, 0x00,
  0x00, 0x00, 0x00, 0x00, 0x00, 0x00, 0x00, 0xd2, 0x00, 0x00, 0x00, 0x16, 0x00, 0x00, 0x00, 0x11, 0x00, 0x00, 0x00, 0x11,
  0x00, 0x00, 0x00, 0x16, 0x00, 0x00, 0x00, 0x00, 0x00, 0x00, 0x00, 0x00, 0x00, 0x00, 0x00, 0xd3, 0x00, 0x00, 0x00, 0x16,
  0x00, 0x00, 0x00, 0x11, 0x00, 0x00, 0x00, 0x11, 0x00, 0x00, 0x00, 0x16, 0x00, 0x00, 0x00, 0x00, 0x00, 0x00, 0x00, 0x00,
  0x00, 0x00, 0x00, 0xd4, 0x00, 0x00, 0x00, 0x15, 0x00, 0x00, 0x00, 0x11, 0x00, 0x00, 0x00, 0x11, 0x00, 0x00, 0x00, 0x15,
  0x00, 0x00, 0x00, 0x00, 0x00, 0x00, 0x00, 0x00, 0x00, 0x00, 0x00, 0xd5, 0x00, 0x00, 0x00, 0x15, 0x00, 0x00, 0x00, 0x11,
  0x00, 0x00, 0x00, 0x11, 0x00, 0x00, 0x00, 0x15, 0x00, 0x00, 0x00, 0x00, 0x00, 0x00, 0x00, 0x00, 0x00, 0x00, 0x00, 0xd6,
  0x00, 0x00, 0x00, 0x14, 0x00, 0x00, 0x00, 0x11, 0x00, 0x00, 0x00, 0x11, 0x00, 0x00, 0x00, 0x14, 0x00, 0x00, 0x00, 0x00,
  0x00, 0x00, 0x00, 0x00, 0x00, 0x00, 0x00, 0xd7, 0x00, 0x00, 0x00, 0x0b, 0x00, 0x00, 0x00, 0x0d, 0x00, 0x00, 0x00, 0x0d,
  0x00, 0x00, 0x00, 0x0b, 0x00, 0x00, 0x00, 0x00, 0x00, 0x00, 0x00, 0x00, 0x00, 0x00, 0x00, 0xd8, 0x00, 0x00, 0x00, 0x13,
  0x00, 0x00, 0x00, 0x11, 0x00, 0x00, 0x00, 0x11, 0x00, 0x00, 0x00, 0x11, 0x00, 0x00, 0x00, 0x00, 0x00, 0x00, 0x00, 0x00,
  0x00, 0x00, 0x00, 0xd9, 0x00, 0x00, 0x00, 0x16, 0x00, 0x00, 0x00, 0x11, 0x00, 0x00, 0x00, 0x11, 0x00, 0x00, 0x00, 0x16,
  0x00, 0x00, 0x00, 0x00, 0x00, 0x00, 0x00, 0x00, 0x00, 0x00, 0x00, 0xda, 0x00, 0x00, 0x00, 0x16, 0x00, 0x00, 0x00, 0x11,
  0x00, 0x00, 0x00, 0x11, 0x00, 0x00, 0x00, 0x16, 0x00, 0x00, 0x00, 0x00, 0x00, 0x00, 0x00, 0x00, 0x00, 0x00, 0x00, 0xdb,
  0x00, 0x00, 0x00, 0x15, 0x00, 0x00, 0x00, 0x11, 0x00, 0x00, 0x00, 0x11, 0x00, 0x00, 0x00, 0x15, 0x00, 0x00, 0x00, 0x00,
  0x00, 0x00, 0x00, 0x00, 0x00, 0x00, 0x00, 0xdc, 0x00, 0x00, 0x00, 0x14, 0x00, 0x00, 0x00, 0x11, 0x00, 0x00, 0x00, 0x11,
  0x00, 0x00, 0x00, 0x14, 0x00, 0x00, 0x00, 0x00, 0x00, 0x00, 0x00, 0x00, 0x00, 0x00, 0x00, 0xdd, 0x00, 0x00, 0x00, 0x16,
  0x00, 0x00, 0x00, 0x0f, 0x00, 0x00, 0x00, 0x0e, 0x00, 0x00, 0x00, 0x16, 0xff, 0xff, 0xff, 0xff, 0x00, 0x00, 0x00, 0x00,
  0x00, 0x00, 0x00, 0xde, 0x00, 0x00, 0x00, 0x10, 0x00, 0x00, 0x00, 0x0f, 0x00, 0x00, 0x00, 0x0f, 0x00, 0x00, 0x00, 0x10,
  0x00, 0x00, 0x00, 0x00, 0x00, 0x00, 0x00, 0x00, 0x00, 0x00, 0x00, 0xdf, 0x00, 0x00, 0x00, 0x10, 0x00, 0x00, 0x00, 0x0e,
  0x00, 0x00, 0x00, 0x0e, 0x00, 0x00, 0x00, 0x10, 0x00, 0x00, 0x00, 0x00, 0x00, 0x00, 0x00, 0x00, 0x00, 0x00, 0x00, 0xe0,
  0x00, 0x00, 0x00, 0x12, 0x00, 0x00, 0x00, 0x0c, 0x00, 0x00, 0x00, 0x0c, 0x00, 0x00, 0x00, 0x12, 0x00, 0x00, 0x00, 0x00,
  0x00, 0x00, 0x00, 0x00, 0x00, 0x00, 0x00, 0xe1, 0x00, 0x00, 0x00, 0x12, 0x00, 0x00, 0x00, 0x0c, 0x00, 0x00, 0x00, 0x0c,
  0x00, 0x00, 0x00, 0x12, 0x00, 0x00, 0x00, 0x00, 0x00, 0x00, 0x00, 0x00, 0x00, 0x00, 0x00, 0xe2, 0x00, 0x00, 0x00, 0x12,
  0x00, 0x00, 0x00, 0x0c, 0x00, 0x00, 0x00, 0x0c, 0x00, 0x00, 0x00, 0x12, 0x00, 0x00, 0x00, 0x00, 0x00, 0x00, 0x00, 0x00,
  0x00, 0x00, 0x00, 0xe3, 0x00, 0x00, 0x00, 0x11, 0x00, 0x00, 0x00, 0x0c, 0x00, 0x00, 0x00, 0x0c, 0x00, 0x00, 0x00, 0x11,
  0x00, 0x00, 0x00, 0x00, 0x00, 0x00, 0x00, 0x00, 0x00, 0x00, 0x00, 0xe4, 0x00, 0x00, 0x00, 0x10, 0x00, 0x00, 0x00, 0x0c,
  0x00, 0x00, 0x00, 0x0c, 0x00, 0x00, 0x00, 0x10, 0x00, 0x00, 0x00, 0x00, 0x00, 0x00, 0x00, 0x00, 0x00, 0x00, 0x00, 0xe5,
  0x00, 0x00, 0x00, 0x13, 0x00, 0x00, 0x00, 0x0c, 0x00, 0x00, 0x00, 0x0c, 0x00, 0x00, 0x00, 0x13, 0x00, 0x00, 0x00, 0x00,
  0x00, 0x00, 0x00, 0x00, 0x00, 0x00, 0x00, 0xe6, 0x00, 0x00, 0x00, 0x0b, 0x00, 0x00, 0x00, 0x14, 0x00, 0x00, 0x00, 0x14,
  0x00, 0x00, 0x00, 0x0b, 0x00, 0x00, 0x00, 0x00, 0x00, 0x00, 0x00, 0x00, 0x00, 0x00, 0x00, 0xe7, 0x00, 0x00, 0x00, 0x10,
  0x00, 0x00, 0x00, 0x0b, 0x00, 0x00, 0x00, 0x0b, 0x00, 0x00, 0x00, 0x0b, 0x00, 0x00, 0x00, 0x00, 0x00, 0x00, 0x00, 0x00,
  0x00, 0x00, 0x00, 0xe8, 0x00, 0x00, 0x00, 0x12, 0x00, 0x00, 0x00, 0x0d, 0x00, 0x00, 0x00, 0x0d, 0x00, 0x00, 0x00, 0x12,
  0x00, 0x00, 0x00, 0x00, 0x00, 0x00, 0x00, 0x00, 0x00, 0x00, 0x00, 0xe9, 0x00, 0x00, 0x00, 0x12, 0x00, 0x00, 0x00, 0x0d,
  0x00, 0x00, 0x00, 0x0d, 0x00, 0x00, 0x00, 0x12, 0x00, 0x00, 0x00, 0x00, 0x00, 0x00, 0x00, 0x00, 0x00, 0x00, 0x00, 0xea,
  0x00, 0x00, 0x00, 0x12, 0x00, 0x00, 0x00, 0x0d, 0x00, 0x00, 0x00, 0x0d, 0x00, 0x00, 0x00, 0x12, 0x00, 0x00, 0x00, 0x00,
  0x00, 0x00, 0x00, 0x00, 0x00, 0x00, 0x00, 0xeb, 0x00, 0x00, 0x00, 0x10, 0x00, 0x00, 0x00, 0x0d, 0x00, 0x00, 0x00, 0x0d,
  0x00, 0x00, 0x00, 0x10, 0x00, 0x00, 0x00, 0x00, 0x00, 0x00, 0x00, 0x00, 0x00, 0x00, 0x00, 0xec, 0x00, 0x00, 0x00, 0x12,
  0x00, 0x00, 0x00, 0x06, 0x00, 0x00, 0x00, 0x05, 0x00, 0x00, 0x00, 0x12, 0xff, 0xff, 0xff, 0xff, 0x00, 0x00, 0x00, 0x00,
  0x00, 0x00, 0x00, 0xed, 0x00, 0x00, 0x00, 0x12, 0x00, 0x00, 0x00, 0x07, 0x00, 0x00, 0x00, 0x05, 0x00, 0x00, 0x00, 0x12,
  0x00, 0x00, 0x00, 0x00, 0x00, 0x00, 0x00, 0x00, 0x00, 0x00, 0x00, 0xee, 0x00, 0x00, 0x00, 0x12, 0x00, 0x00, 0x00, 0x07,
  0x00, 0x00, 0x00, 0x05, 0x00, 0x00, 0x00, 0x12, 0xff, 0xff, 0xff, 0xff, 0x00, 0x00, 0x00, 0x00, 0x00, 0x00, 0x00, 0xef,
  0x00, 0x00, 0x00, 0x10, 0x00, 0x00, 0x00, 0x07, 0x00, 0x00, 0x00, 0x06, 0x00, 0x00, 0x00, 0x10, 0xff, 0xff, 0xff, 0xff,
  0x00, 0x00, 0x00, 0x00, 0x00, 0x00, 0x00, 0xf0, 0x00, 0x00, 0x00, 0x11, 0x00, 0x00, 0x00, 0x0d, 0x00, 0x00, 0x00, 0x0d,
  0x00, 0x00, 0x00, 0x11, 0x00, 0x00, 0x00, 0x00, 0x00, 0x00, 0x00, 0x00, 0x00, 0x00, 0x00, 0xf1, 0x00, 0x00, 0x00, 0x11,
  0x00, 0x00, 0x00, 0x0c, 0x00, 0x00, 0x00, 0x0c, 0x00, 0x00, 0x00, 0x11, 0x00, 0x00, 0x00, 0x00, 0x00, 0x00, 0x00, 0x00,
  0x00, 0x00, 0x00, 0xf2, 0x00, 0x00, 0x00, 0x12, 0x00, 0x00, 0x00, 0x0d, 0x00, 0x00, 0x00, 0x0d, 0x00, 0x00, 0x00, 0x12,
  0x00, 0x00, 0x00, 0x00, 0x00, 0x00, 0x00, 0x00, 0x00, 0x00, 0x00, 0xf3, 0x00, 0x00, 0x00, 0x12, 0x00, 0x00, 0x00, 0x0d,
  0x00, 0x00, 0x00, 0x0d, 0x00, 0x00, 0x00, 0x12, 0x00, 0x00, 0x00, 0x00, 0x00, 0x00, 0x00, 0x00, 0x00, 0x00, 0x00, 0xf4,
  0x00, 0x00, 0x00, 0x12, 0x00, 0x00, 0x00, 0x0d, 0x00, 0x00, 0x00, 0x0d, 0x00, 0x00, 0x00, 0x12, 0x00, 0x00, 0x00, 0x00,
  0x00, 0x00, 0x00, 0x00, 0x00, 0x00, 0x00, 0xf5, 0x00, 0x00, 0x00, 0x11, 0x00, 0x00, 0x00, 0x0d, 0x00, 0x00, 0x00, 0x0d,
  0x00, 0x00, 0x00, 0x11, 0x00, 0x00, 0x00, 0x00, 0x00, 0x00, 0x00, 0x00, 0x00, 0x00, 0x00, 0xf6, 0x00, 0x00, 0x00, 0x10,
  0x00, 0x00, 0x00, 0x0d, 0x00, 0x00, 0x00, 0x0d, 0x00, 0x00, 0x00, 0x10, 0x00, 0x00, 0x00, 0x00, 0x00, 0x00, 0x00, 0x00,
  0x00, 0x00, 0x00, 0xf7, 0x00, 0x00, 0x00, 0x0c, 0x00, 0x00, 0x00, 0x0d, 0x00, 0x00, 0x00, 0x0d, 0x00, 0x00, 0x00, 0x0c,
  0x00, 0x00, 0x00, 0x00, 0x00, 0x00, 0x00, 0x00, 0x00, 0x00, 0x00, 0xf8, 0x00, 0x00, 0x00, 0x0e, 0x00, 0x00, 0x00, 0x0d,
  0x00, 0x00, 0x00, 0x0d, 0x00, 0x00, 0x00, 0x0c, 0x00, 0x00, 0x00, 0x00, 0x00, 0x00, 0x00, 0x00, 0x00, 0x00, 0x00, 0xf9,
  0x00, 0x00, 0x00, 0x12, 0x00, 0x00, 0x00, 0x0c, 0x00, 0x00, 0x00, 0x0c, 0x00, 0x00, 0x00, 0x12, 0x00, 0x00, 0x00, 0x00,
  0x00, 0x00, 0x00, 0x00, 0x00, 0x00, 0x00, 0xfa, 0x00, 0x00, 0x00, 0x12, 0x00, 0x00, 0x00, 0x0c, 0x00, 0x00, 0x00, 0x0c,
  0x00, 0x00, 0x00, 0x12, 0x00, 0x00, 0x00, 0x00, 0x00, 0x00, 0x00, 0x00, 0x00, 0x00, 0x00, 0xfb, 0x00, 0x00, 0x00, 0x12,
  0x00, 0x00, 0x00, 0x0c, 0x00, 0x00, 0x00, 0x0c, 0x00, 0x00, 0x00, 0x12, 0x00, 0x00, 0x00, 0x00, 0x00, 0x00, 0x00, 0x00,
  0x00, 0x00, 0x00, 0xfc, 0x00, 0x00, 0x00, 0x10, 0x00, 0x00, 0x00, 0x0c, 0x00, 0x00, 0x00, 0x0c, 0x00, 0x00, 0x00, 0x10,
  0x00, 0x00, 0x00, 0x00, 0x00, 0x00, 0x00, 0x00, 0x00, 0x00, 0x00, 0xfd, 0x00, 0x00, 0x00, 0x16, 0x00, 0x00, 0x00, 0x0c,
  0x00, 0x00, 0x00, 0x0c, 0x00, 0x00, 0x00, 0x12, 0x00, 0x00, 0x00, 0x00, 0x00, 0x00, 0x00, 0x00, 0x00, 0x00, 0x00, 0xfe,
  0x00, 0x00, 0x00, 0x14, 0x00, 0x00, 0x00, 0x0d, 0x00, 0x00, 0x00, 0x0d, 0x00, 0x00, 0x00, 0x10, 0x00, 0x00, 0x00, 0x00,
  0x00, 0x00, 0x00, 0x00, 0x00, 0x00, 0x00, 0xff, 0x00, 0x00, 0x00, 0x14, 0x00, 0x00, 0x00, 0x0b, 0x00, 0x00, 0x00, 0x0b,
  0x00, 0x00, 0x00, 0x10, 0x00, 0x00, 0x00, 0x00, 0x00, 0x00, 0x00, 0x00, 0x00, 0x00, 0x20, 0x13, 0x00, 0x00, 0x00, 0x08,
  0x00, 0x00, 0x00, 0x0b, 0x00, 0x00, 0x00, 0x0b, 0x00, 0x00, 0x00, 0x08, 0x00, 0x00, 0x00, 0x00, 0x00, 0x00, 0x00, 0x00,
  0x00, 0x00, 0x20, 0x14, 0x00, 0x00, 0x00, 0x08, 0x00, 0x00, 0x00, 0x16, 0x00, 0x00, 0x00, 0x16, 0x00, 0x00, 0x00, 0x08,
  0x00, 0x00, 0x00, 0x00, 0x00, 0x00, 0x00, 0x00, 0x00, 0x00, 0x20, 0x18, 0x00, 0x00, 0x00, 0x10, 0x00, 0x00, 0x00, 0x05,
  0x00, 0x00, 0x00, 0x05, 0x00, 0x00, 0x00, 0x10, 0x00, 0x00, 0x00, 0x00, 0x00, 0x00, 0x00, 0x00, 0x00, 0x00, 0x20, 0x19,
  0x00, 0x00, 0x00, 0x10, 0x00, 0x00, 0x00, 0x05, 0x00, 0x00, 0x00, 0x05, 0x00, 0x00, 0x00, 0x10, 0x00, 0x00, 0x00, 0x00,
  0x00, 0x00, 0x00, 0x00, 0x00, 0x00, 0x20, 0x1c, 0x00, 0x00, 0x00, 0x10, 0x00, 0x00, 0x00, 0x09, 0x00, 0x00, 0x00, 0x09,
  0x00, 0x00, 0x00, 0x10, 0x00, 0x00, 0x00, 0x00, 0x00, 0x00, 0x00, 0x00, 0x00, 0x00, 0x20, 0x1d, 0x00, 0x00, 0x00, 0x10,
  0x00, 0x00, 0x00, 0x09, 0x00, 0x00, 0x00, 0x09, 0x00, 0x00, 0x00, 0x10, 0x00, 0x00, 0x00, 0x00, 0x00, 0x00, 0x00, 0x00,
  0x00, 0x00, 0x20, 0x22, 0x00, 0x00, 0x00, 0x0a, 0x00, 0x00, 0x00, 0x0c, 0x00, 0x00, 0x00, 0x0c, 0x00, 0x00, 0x00, 0x0a,
  0x00, 0x00, 0x00, 0x00, 0x00, 0x00, 0x00, 0x00, 0x00, 0x00, 0x20, 0x26, 0x00, 0x00, 0x00, 0x03, 0x00, 0x00, 0x00, 0x11,
  0x00, 0x00, 0x00, 0x11, 0x00, 0x00, 0x00, 0x03, 0x00, 0x00, 0x00, 0x00, 0x00, 0x00, 0x00, 0x00, 0x0e, 0xc9, 0xf2, 0x60,
  0x00, 0x4a, 0xff, 0xff, 0xc5, 0x00, 0x41, 0xff, 0xff, 0xbc, 0x00, 0x2d, 0xff, 0xff, 0xa7, 0x00, 0x19, 0xff, 0xff, 0x92,
  0x00, 0x05, 0xff, 0xff, 0x7d, 0x00, 0x00, 0xf0, 0xff, 0x68, 0x00, 0x00, 0xdb, 0xff, 0x54, 0x00, 0x00, 0xc7, 0xff, 0x3f,
  0x00, 0x00, 0xb2, 0xff, 0x2a, 0x00, 0x00, 0x6c, 0xdc, 0x06, 0x00, 0x00, 0x00, 0x00, 0x00, 0x00, 0x00, 0x00, 0x00, 0x00,
  0x00, 0x00, 0x96, 0xf3, 0x63, 0x00, 0x00, 0xf6, 0xff, 0xba, 0x00, 0x00, 0x96, 0xf3, 0x62, 0x00, 0x00, 0x5b, 0xf0, 0xa5,
  0x00, 0x08, 0xc4, 0xe7, 0x3a, 0x00, 0x00, 0xbd, 0xff, 0xff, 0x11, 0x3d, 0xff, 0xff, 0x94, 0x00, 0x00, 0xaf, 0xff, 0xff,
  0x07, 0x2f, 0xff, 0xff, 0x8a, 0x00, 0x00, 0x96, 0xff, 0xee, 0x00, 0x16, 0xff, 0xff, 0x70, 0x00, 0x00, 0x7c, 0xff, 0xd5,
  0x00, 0x01, 0xfa, 0xff, 0x57, 0x00, 0x00, 0x61, 0xff, 0xbc, 0x00, 0x00, 0xe1, 0xff, 0x3d, 0x00, 0x00, 0x25, 0xeb, 0x69,
  0x00, 0x00, 0x89, 0xde, 0x07, 0x00, 0x00, 0x00, 0x00, 0x00, 0x00, 0x00, 0x00, 0x00, 0x00, 0x00, 0x00, 0x00, 0x00, 0x00,
  0x00, 0x00, 0x00, 0x00, 0x00, 0x00, 0x00, 0x00, 0x00, 0x00, 0x00, 0x00, 0x00, 0x00, 0x00, 0x00, 0x00, 0x00, 0x00, 0x00,
  0x00, 0x00, 0x00, 0x00, 0x00, 0x00, 0x00, 0x00, 0x00, 0x00, 0x00, 0x00, 0x00, 0x00, 0x00, 0x00, 0x00, 0x00, 0x00, 0x00,
  0x00, 0x00, 0x00, 0x00, 0x00, 0x00, 0x00, 0x00, 0x00, 0x00, 0x00, 0x00, 0x00, 0x00, 0x00, 0x00, 0x00, 0x00, 0x00, 0x00,
  0x00, 0x00, 0x00, 0x00, 0x00, 0x00, 0x00, 0x00, 0x00, 0x00, 0x00, 0x00, 0x00, 0x00, 0x00, 0x00, 0x00, 0x00, 0x00, 0x00,
  0x4e, 0xed, 0x4a, 0x00, 0x00, 0x66, 0xee, 0x2e, 0x00, 0x00, 0x00, 0x00, 0x00, 0xa7, 0xff, 0x53, 0x00, 0x00, 0xc3, 0xff,
  0x33, 0x00, 0x00, 0x00, 0x00, 0x00, 0xda, 0xff, 0x24, 0x00, 0x01, 0xf2, 0xfb, 0x08, 0x00, 0x00, 0x00, 0x00, 0x0e, 0xfe,
  0xf2, 0x01, 0x00, 0x27, 0xff, 0xd2, 0x00, 0x00, 0x00, 0xc9, 0xff, 0xff, 0xff, 0xff, 0xff, 0xff, 0xff, 0xff, 0xff, 0xd3,
  0x00, 0x00, 0x8f, 0xc3, 0xf2, 0xff, 0xe2, 0xc4, 0xc4, 0xe9, 0xff, 0xea, 0x8e, 0x00, 0x00, 0x00, 0x00, 0x9e, 0xff, 0x5e,
  0x00, 0x00, 0xc2, 0xff, 0x3a, 0x00, 0x00, 0x00, 0x00, 0x00, 0xd6, 0xff, 0x25, 0x00, 0x04, 0xf5, 0xf9, 0x08, 0x00, 0x00,
  0x00, 0x00, 0x10, 0xfe, 0xec, 0x00, 0x00, 0x33, 0xff, 0xc9, 0x00, 0x00, 0x00, 0x00, 0x00, 0x47, 0xff, 0xb4, 0x00, 0x00,
  0x6c, 0xff, 0x91, 0x00, 0x00, 0x00, 0x00, 0xc9, 0xff, 0xff, 0xff, 0xff, 0xff, 0xff, 0xff, 0xff, 0xff, 0xc3, 0x00, 0x00,
  0xe1, 0xff, 0xff, 0xff, 0xff, 0xff, 0xff, 0xff, 0xff, 0xff, 0xdb, 0x00, 0x00, 0x07, 0xec, 0xff, 0x3b, 0x18, 0x19, 0xf3,
  0xff, 0x27, 0x17, 0x05, 0x00, 0x00, 0x09, 0xfc, 0xf2, 0x02, 0x00, 0x26, 0xff, 0xd6, 0x00, 0x00, 0x00, 0x00, 0x00, 0x35,
  0xff, 0xbf, 0x00, 0x00, 0x5b, 0xff, 0x9f, 0x00, 0x00, 0x00, 0x00, 0x00, 0x34, 0xf0, 0x60, 0x00, 0x00, 0x55, 0xee, 0x49,
  0x00, 0x00, 0x00, 0x00, 0x00, 0x00, 0x00, 0x00, 0x00, 0x21, 0x76, 0x39, 0x00, 0x00, 0x00, 0x00, 0x00, 0x00, 0x00, 0x00,
  0x00, 0x00, 0x00, 0xb9, 0xff, 0xf5, 0x00, 0x00, 0x00, 0x00, 0x00, 0x00, 0x00, 0x00, 0x00, 0x00, 0x00, 0xc4, 0xff, 0xff,
  0x00, 0x00, 0x00, 0x00, 0x00, 0x00, 0x00, 0x00, 0x00, 0x56, 0xbe, 0xff, 0xff, 0xff, 0xe4, 0xab, 0x4e, 0x00, 0x00, 0x00,
  0x00, 0x00, 0x9f, 0xff, 0xff, 0xff, 0xff, 0xff, 0xff, 0xff, 0xff, 0xa5, 0x00, 0x00, 0x00, 0x61, 0xff, 0xff, 0xd2, 0x52,
  0x23, 0x22, 0x4a, 0xa7, 0xf9, 0xc6, 0x00, 0x00, 0x00, 0xca, 0xff, 0xf4, 0x15, 0x00, 0x00, 0x00, 0x00, 0x00, 0x12, 0x06,
  0x00, 0x00, 0x00, 0xf4, 0xff, 0xd0, 0x00, 0x00, 0x00, 0x00, 0x00, 0x00, 0x00, 0x00, 0x00, 0x00, 0x00, 0xf2, 0xff, 0xf9,
  0x34, 0x00, 0x00, 0x00, 0x00, 0x00, 0x00, 0x00, 0x00, 0x00, 0x00, 0xb4, 0xff, 0xff, 0xfb, 0xb6, 0x73, 0x39, 0x07, 0x00,
  0x00, 0x00, 0x00, 0x00, 0x00, 0x2d, 0xf1, 0xff, 0xff, 0xff, 0xff, 0xff, 0xf7, 0xb8, 0x52, 0x00, 0x00, 0x00, 0x00, 0x00,
  0x26, 0xb0, 0xfd, 0xff, 0xff, 0xff, 0xff, 0xff, 0xff, 0xa8, 0x02, 0x00, 0x00, 0x00, 0x00, 0x00, 0x14, 0x53, 0x8a, 0xc0,
  0xf7, 0xff, 0xff, 0xff, 0x63, 0x00, 0x00, 0x00, 0x00, 0x00, 0x00, 0x00, 0x00, 0x00, 0x10, 0xa2, 0xff, 0xff, 0xaf, 0x00,
  0x00, 0x00, 0x00, 0x00, 0x00, 0x00, 0x00, 0x00, 0x00, 0x16, 0xff, 0xff, 0xb9, 0x00, 0x00, 0x34, 0x07, 0x00, 0x00, 0x00,
  0x00, 0x00, 0x00, 0x35, 0xff, 0xff, 0x8e, 0x00, 0x57, 0xff, 0xe7, 0x87, 0x43, 0x23, 0x1c, 0x2e, 0x6b, 0xe7, 0xff, 0xf5,
  0x24, 0x00, 0x3a, 0xf7, 0xff, 0xff, 0xff, 0xff, 0xff, 0xff, 0xff, 0xff, 0xee, 0x49, 0x00, 0x00, 0x00, 0x1a, 0x78, 0xbe,
  0xe9, 0xff, 0xff, 0xff, 0xcb, 0x7f, 0x17, 0x00, 0x00, 0x00, 0x00, 0x00, 0x00, 0x00, 0x00, 0xc4, 0xff, 0xff, 0x00, 0x00,
  0x00, 0x00, 0x00, 0x00, 0x00, 0x00, 0x00, 0x00, 0x00, 0xb9, 0xff, 0xf5, 0x00, 0x00, 0x00, 0x00, 0x00, 0x00, 0x00, 0x00,
  0x00, 0x00, 0x00, 0x21, 0x76, 0x3a, 0x00, 0x00, 0x00, 0x00, 0x00, 0x00, 0x00, 0x00, 0x26, 0xaf, 0xee, 0xf3, 0xb4, 0x27,
  0x00, 0x00, 0x00, 0x00, 0x00, 0x4e, 0xde, 0x3f, 0x00, 0x00, 0x00, 0x00, 0x00, 0x00, 0x19, 0xeb, 0xff, 0xff, 0xff, 0xff,
  0xea, 0x19, 0x00, 0x00, 0x00, 0x0a, 0xe3, 0xff, 0x69, 0x00, 0x00, 0x00, 0x00, 0x00, 0x00, 0x90, 0xff, 0xff, 0x5c, 0x65,
  0xff, 0xff, 0x91, 0x00, 0x00, 0x00, 0x81, 0xff, 0xde, 0x07, 0x00, 0x00, 0x00, 0x00, 0x00, 0x00, 0xd9, 0xff, 0xe5, 0x00,
  0x00, 0xe9, 0xff, 0xda, 0x00, 0x00, 0x1e, 0xf6, 0xff, 0x53, 0x00, 0x00, 0x00, 0x00, 0x00, 0x00, 0x00, 0xf6, 0xff, 0xc8,
  0x00, 0x00, 0xcc, 0xff, 0xf8, 0x00, 0x00, 0xa8, 0xff, 0xbf, 0x00, 0x00, 0x00, 0x00, 0x00, 0x00, 0x00, 0x00, 0xf9, 0xff,
  0xcb, 0x00, 0x00, 0xca, 0xff, 0xf4, 0x00, 0x3b, 0xff, 0xfd, 0x2f, 0x00, 0x00, 0x00, 0x00, 0x00, 0x00, 0x00, 0x00, 0xda,
  0xff, 0xe7, 0x00, 0x00, 0xe9, 0xff, 0xd7, 0x02, 0xcc, 0xff, 0x99, 0x26, 0xb0, 0xef, 0xf2, 0xb3, 0x27, 0x00, 0x00, 0x00,
  0x92, 0xff, 0xff, 0x60, 0x60, 0xff, 0xff, 0x8e, 0x62, 0xff, 0xf0, 0x2e, 0xeb, 0xff, 0xff, 0xff, 0xff, 0xea, 0x18, 0x00,
  0x00, 0x1b, 0xec, 0xff, 0xff, 0xff, 0xff, 0xea, 0x25, 0xe7, 0xff, 0x72, 0x90, 0xff, 0xff, 0x5e, 0x63, 0xff, 0xff, 0x90,
  0x00, 0x00, 0x00, 0x29, 0xb5, 0xf3, 0xef, 0xb0, 0x26, 0x89, 0xff, 0xda, 0x05, 0xd9, 0xff, 0xe4, 0x00, 0x00, 0xe8, 0xff,
  0xd9, 0x00, 0x00, 0x00, 0x00, 0x00, 0x00, 0x00, 0x00, 0x23, 0xf8, 0xff, 0x4c, 0x00, 0xf6, 0xff, 0xc8, 0x00, 0x00, 0xcc,
  0xff, 0xf8, 0x00, 0x00, 0x00, 0x00, 0x00, 0x00, 0x00, 0x00, 0xaf, 0xff, 0xb9, 0x00, 0x00, 0xf9, 0xff, 0xcc, 0x00, 0x00,
  0xc9, 0xff, 0xf5, 0x00, 0x00, 0x00, 0x00, 0x00, 0x00, 0x00, 0x42, 0xff, 0xfb, 0x2a, 0x00, 0x00, 0xda, 0xff, 0xe8, 0x00,
  0x00, 0xe5, 0xff, 0xd8, 0x00, 0x00, 0x00, 0x00, 0x00, 0x00, 0x03, 0xd2, 0xff, 0x92, 0x00, 0x00, 0x00, 0x93, 0xff, 0xff,
  0x63, 0x5c, 0xff, 0xff, 0x90, 0x00, 0x00, 0x00, 0x00, 0x00, 0x00, 0x67, 0xff, 0xed, 0x12, 0x00, 0x00, 0x00, 0x1b, 0xec,
  0xff, 0xff, 0xff, 0xff, 0xec, 0x19, 0x00, 0x00, 0x00, 0x00, 0x00, 0x00, 0xa9, 0xff, 0x6b, 0x00, 0x00, 0x00, 0x00, 0x00,
  0x2a, 0xb6, 0xf4, 0xf0, 0xb2, 0x28, 0x00, 0x00, 0x00, 0x00, 0x00, 0x00, 0x00, 0x1b, 0x54, 0x01, 0x00, 0x00, 0x00, 0x00,
  0x00, 0x00, 0x00, 0x00, 0x00, 0x00, 0x00, 0x00, 0x00, 0x00, 0x00, 0x00, 0x14, 0x8d, 0xda, 0xf7, 0xe9, 0xbe, 0x4b, 0x00,
  0x00, 0x00, 0x00, 0x00, 0x00, 0x00, 0x00, 0x19, 0xe1, 0xff, 0xff, 0xff, 0xff, 0xff, 0xff, 0x6a, 0x00, 0x00, 0x00, 0x00,
  0x00, 0x00, 0x00, 0x8d, 0xff, 0xff, 0x90, 0x23, 0x53, 0xf9, 0xff, 0xe1, 0x00, 0x00, 0x00, 0x00, 0x00, 0x00, 0x00, 0xba,
  0xff, 0xff, 0x0b, 0x00, 0x00, 0xd3, 0xff, 0xf7, 0x00, 0x00, 0x00, 0x00, 0x00, 0x00, 0x00, 0x9a, 0xff, 0xff, 0x3e, 0x00,
  0x2f, 0xfb, 0xff, 0xc2, 0x00, 0x00, 0x00, 0x00, 0x00, 0x00, 0x00, 0x2b, 0xf7, 0xff, 0xe0, 0x83, 0xf2, 0xff, 0xf5, 0x35,
  0x00, 0x00, 0x00, 0x00, 0x00, 0x00, 0x00, 0x00, 0x50, 0xff, 0xff, 0xff, 0xff, 0xde, 0x38, 0x00, 0x00, 0xaf, 0xea, 0x20,
  0x00, 0x00, 0x00, 0x0a, 0x9e, 0xff, 0xff, 0xff, 0xff, 0x1b, 0x00, 0x00, 0x10, 0xff, 0xff, 0x3b, 0x00, 0x00, 0x05, 0xba,
  0xff, 0xff, 0xff, 0xff, 0xff, 0xce, 0x11, 0x00, 0x3f, 0xff, 0xff, 0x10, 0x00, 0x00, 0x6f, 0xff, 0xff, 0x90, 0x00, 0x82,
  0xff, 0xff, 0xcd, 0x11, 0x87, 0xff, 0xdb, 0x00, 0x00, 0x00, 0xd1, 0xff, 0xf1, 0x09, 0x00, 0x00, 0x90, 0xff, 0xff, 0xd2,
  0xf5, 0xff, 0x87, 0x00, 0x00, 0x00, 0xf5, 0xff, 0xce, 0x00, 0x00, 0x00, 0x01, 0x9d, 0xff, 0xff, 0xff, 0xfc, 0x26, 0x00,
  0x00, 0x00, 0xe4, 0xff, 0xf0, 0x0d, 0x00, 0x00, 0x00, 0x03, 0xea, 0xff, 0xff, 0xfa, 0x11, 0x00, 0x00, 0x00, 0x8f, 0xff,
  0xff, 0xc0, 0x40, 0x1f, 0x3b, 0xa0, 0xff, 0xff, 0xff, 0xff, 0xcc, 0x10, 0x00, 0x00, 0x0c, 0xc5, 0xff, 0xff, 0xff, 0xff,
  0xff, 0xff, 0xff, 0xb9, 0x98, 0xff, 0xff, 0xc1, 0x00, 0x00, 0x00, 0x03, 0x67, 0xbf, 0xeb, 0xfa, 0xe5, 0xab, 0x4a, 0x00,
  0x00, 0x71, 0xee, 0xc1, 0x00, 0x00, 0x5b, 0xf0, 0xa5, 0x00, 0x00, 0xbd, 0xff, 0xff, 0x11, 0x00, 0xaf, 0xff, 0xff, 0x07,
  0x00, 0x96, 0xff, 0xee, 0x00, 0x00, 0x7c, 0xff, 0xd5, 0x00, 0x00, 0x61, 0xff, 0xbc, 0x00, 0x00, 0x25, 0xeb, 0x69, 0x00,
  0x00, 0x00, 0x00, 0x00, 0x00, 0x00, 0x00, 0x00, 0x00, 0x00, 0x00, 0x00, 0x00, 0x00, 0x00, 0x00, 0x00, 0x00, 0x00, 0x00,
  0x00, 0x00, 0x00, 0x00, 0x00, 0x00, 0x00, 0x00, 0x00, 0x00, 0x00, 0x00, 0x00, 0x00, 0x00, 0x00, 0x00, 0x00, 0x00, 0x00,
  0x00, 0x00, 0x00, 0x00, 0x00, 0x00, 0x00, 0x00, 0x00, 0x46, 0xa6, 0x16, 0x00, 0x00, 0x00, 0x00, 0x09, 0xe5, 0xff, 0x61,
  0x00, 0x00, 0x00, 0x00, 0x6e, 0xff, 0xff, 0x24, 0x00, 0x00, 0x00, 0x00, 0xd6, 0xff, 0xd3, 0x00, 0x00, 0x00, 0x00, 0x2c,
  0xff, 0xff, 0x83, 0x00, 0x00, 0x00, 0x00, 0x73, 0xff, 0xff, 0x4b, 0x00, 0x00, 0x00, 0x00, 0xa8, 0xff, 0xff, 0x1c, 0x00,
  0x00, 0x00, 0x00, 0xcb, 0xff, 0xf1, 0x00, 0x00, 0x00, 0x00, 0x00, 0xdf, 0xff, 0xdf, 0x00, 0x00, 0x00, 0x00, 0x00, 0xf2,
  0xff, 0xcf, 0x00, 0x00, 0x00, 0x00, 0x00, 0xfb, 0xff, 0xc9, 0x00, 0x00, 0x00, 0x00, 0x00, 0xed, 0xff, 0xd8, 0x00, 0x00,
  0x00, 0x00, 0x00, 0xdc, 0xff, 0xe8, 0x00, 0x00, 0x00, 0x00, 0x00, 0xb5, 0xff, 0xfd, 0x0c, 0x00, 0x00, 0x00, 0x00, 0x89,
  0xff, 0xff, 0x3c, 0x00, 0x00, 0x00, 0x00, 0x4a, 0xff, 0xff, 0x70, 0x00, 0x00, 0x00, 0x00, 0x07, 0xf2, 0xff, 0xb8, 0x00,
  0x00, 0x00, 0x00, 0x00, 0x9e, 0xff, 0xf8, 0x0c, 0x00, 0x00, 0x00, 0x00, 0x25, 0xfc, 0xff, 0x50, 0x00, 0x00, 0x00, 0x00,
  0x00, 0x98, 0xfc, 0x40, 0x00, 0x00, 0x00, 0x00, 0x00, 0x01, 0x0d, 0x00, 0x00, 0x00, 0x37, 0xa9, 0x24, 0x00, 0x00, 0x00,
  0x00, 0x00, 0x9d, 0xff, 0xb0, 0x00, 0x00, 0x00, 0x00, 0x00, 0x63, 0xff, 0xfe, 0x2f, 0x00, 0x00, 0x00, 0x00, 0x16, 0xfd,
  0xff, 0x97, 0x00, 0x00, 0x00, 0x00, 0x00, 0xc7, 0xff, 0xe7, 0x02, 0x00, 0x00, 0x00, 0x00, 0x8f, 0xff, 0xff, 0x33, 0x00,
  0x00, 0x00, 0x00, 0x5e, 0xff, 0xff, 0x64, 0x00, 0x00, 0x00, 0x00, 0x32, 0xff, 0xff, 0x91, 0x00, 0x00, 0x00, 0x00, 0x1e,
  0xff, 0xff, 0xa9, 0x00, 0x00, 0x00, 0x00, 0x0c, 0xff, 0xff, 0xb8, 0x00, 0x00, 0x00, 0x00, 0x05, 0xff, 0xff, 0xc0, 0x00,
  0x00, 0x00, 0x00, 0x15, 0xff, 0xff, 0xb5, 0x00, 0x00, 0x00, 0x00, 0x24, 0xff, 0xff, 0x9d, 0x00, 0x00, 0x00, 0x00, 0x45,
  0xff, 0xff, 0x7b, 0x00, 0x00, 0x00, 0x00, 0x75, 0xff, 0xff, 0x49, 0x00, 0x00, 0x00, 0x00, 0xa6, 0xff, 0xfb, 0x0f, 0x00,
  0x00, 0x00, 0x03, 0xeb, 0xff, 0xbd, 0x00, 0x00, 0x00, 0x00, 0x3f, 0xff, 0xff, 0x5d, 0x00, 0x00, 0x00, 0x00, 0x8c, 0xff,
  0xe4, 0x07, 0x00, 0x00, 0x00, 0x00, 0x7c, 0xff, 0x60, 0x00, 0x00, 0x00, 0x00, 0x00, 0x00, 0x0e, 0x00, 0x00, 0x00, 0x00,
  0x00, 0x00, 0x00, 0x0d, 0xb6, 0x50, 0x00, 0x4d, 0xb8, 0x0f, 0x00, 0x00, 0x00, 0x00, 0x15, 0xf7, 0xe5, 0x0f, 0xe3, 0xf7,
  0x17, 0x00, 0x00, 0x00, 0x06, 0x17, 0x85, 0xff, 0xd8, 0xff, 0x84, 0x17, 0x06, 0x00, 0x00, 0xda, 0xff, 0xff, 0xff, 0xff,
  0xff, 0xff, 0xff, 0xda, 0x00, 0x00, 0xc2, 0xff, 0xff, 0xff, 0xff, 0xff, 0xff, 0xff, 0xc2, 0x00, 0x00, 0x00, 0x00, 0x76,
  0xff, 0xd8, 0xff, 0x71, 0x00, 0x00, 0x00, 0x00, 0x00, 0x16, 0xf7, 0xe3, 0x0f, 0xe5, 0xf5, 0x15, 0x00, 0x00, 0x00, 0x00,
  0x10, 0xbc, 0x4f, 0x00, 0x52, 0xb9, 0x0f, 0x00, 0x00, 0x00, 0x00, 0x00, 0x00, 0x00, 0x00, 0x00, 0x00, 0x00, 0x00, 0x00,
  0x00, 0x00, 0x00, 0x00, 0x00, 0x00, 0x00, 0x00, 0x00, 0x00, 0x00, 0x00, 0x00, 0x00, 0x00, 0x00, 0x00, 0x00, 0x00, 0x00,
  0x00, 0x00, 0x00, 0x00, 0x00, 0x00, 0x00, 0x00, 0x00, 0x00, 0x00, 0x00, 0x00, 0x00, 0x00, 0x00, 0x00, 0x00, 0x00, 0x00,
  0x00, 0x00, 0x00, 0x00, 0x00, 0x00, 0x00, 0x00, 0x00, 0x00, 0x00, 0x00, 0x00, 0x00, 0x00, 0x00, 0x00, 0x00, 0x00, 0x00,
  0x00, 0x00, 0x00, 0x00, 0x00, 0x00, 0x00, 0x00, 0x00, 0x00, 0x00, 0x00, 0x00, 0x00, 0x00, 0x00, 0x00, 0x00, 0x00, 0x00,
  0x00, 0x00, 0x00, 0xc7, 0xc5, 0x00, 0x00, 0x00, 0x00, 0x00, 0x00, 0x00, 0x00, 0x00, 0x00, 0x04, 0xff, 0xff, 0x00, 0x00,
  0x00, 0x00, 0x00, 0x00, 0x00, 0x00, 0x00, 0x00, 0x04, 0xff, 0xff, 0x00, 0x00, 0x00, 0x00, 0x00, 0x00, 0x00, 0x00, 0x00,
  0x00, 0x04, 0xff, 0xff, 0x00, 0x00, 0x00, 0x00, 0x00, 0x00, 0xc5, 0xff, 0xff, 0xff, 0xff, 0xff, 0xff, 0xff, 0xff, 0xff,
  0xca, 0x00, 0x00, 0xda, 0xff, 0xff, 0xff, 0xff, 0xff, 0xff, 0xff, 0xff, 0xff, 0xdb, 0x00, 0x00, 0x05, 0x17, 0x18, 0x18,
  0x1b, 0xff, 0xff, 0x18, 0x18, 0x18, 0x09, 0x00, 0x00, 0x00, 0x00, 0x00, 0x00, 0x04, 0xff, 0xff, 0x00, 0x00, 0x00, 0x00,
  0x00, 0x00, 0x00, 0x00, 0x00, 0x00, 0x04, 0xff, 0xff, 0x00, 0x00, 0x00, 0x00, 0x00, 0x00, 0x00, 0x00, 0x00, 0x00, 0x03,
  0xff, 0xff, 0x00, 0x00, 0x00, 0x00, 0x00, 0x00, 0x00, 0x00, 0x00, 0x00, 0x00, 0xc6, 0xc1, 0x00, 0x00, 0x00, 0x00, 0x00,
  0x00, 0x00, 0x00, 0x00, 0x00, 0x00, 0x00, 0x00, 0x00, 0x00, 0x00, 0x00, 0x00, 0x00, 0x97, 0xf1, 0x54, 0x00, 0x00, 0xf5,
  0xff, 0xb8, 0x00, 0x00, 0x92, 0xff, 0xb7, 0x00, 0x00, 0x02, 0xde, 0x84, 0x00, 0x00, 0x4a, 0xfa, 0x24, 0x00, 0x00, 0x44,
  0x6d, 0x00, 0x00, 0x00, 0x03, 0x17, 0x18, 0x18, 0x18, 0x17, 0x03, 0x00, 0x00, 0xd2, 0xff, 0xff, 0xff, 0xff, 0xff, 0xd0,
  0x00, 0x00, 0xbd, 0xff, 0xff, 0xff, 0xff, 0xff, 0xbc, 0x00, 0x00, 0x00, 0x00, 0x00, 0x00, 0x00, 0x00, 0x00, 0x00, 0x00,
  0x00, 0x00, 0x00, 0x00, 0x00, 0x00, 0x00, 0x00, 0x00, 0x00, 0x00, 0x00, 0x00, 0x00, 0x00, 0x00, 0x00, 0x00, 0x00, 0x00,
  0x00, 0x00, 0x00, 0x00, 0x00, 0x00, 0x00, 0x00, 0x00, 0x00, 0x00, 0x00, 0x00, 0x00, 0x00, 0x00, 0x96, 0xf3, 0x63, 0x00,
  0x00, 0xf6, 0xff, 0xba, 0x00, 0x00, 0x96, 0xf3, 0x62, 0x00, 0x00, 0x00, 0x00, 0x00, 0x00, 0x04, 0xc1, 0xc9, 0x05, 0x00,
  0x00, 0x00, 0x00, 0x00, 0x45, 0xff, 0xf4, 0x05, 0x00, 0x00, 0x00, 0x00, 0x00, 0x98, 0xff, 0xaa, 0x00, 0x00, 0x00, 0x00,
  0x00, 0x02, 0xe7, 0xff, 0x58, 0x00, 0x00, 0x00, 0x00, 0x00, 0x3d, 0xff, 0xf8, 0x0d, 0x00, 0x00, 0x00, 0x00, 0x00, 0x8f,
  0xff, 0xb3, 0x00, 0x00, 0x00, 0x00, 0x00, 0x00, 0xe1, 0xff, 0x61, 0x00, 0x00, 0x00, 0x00, 0x00, 0x34, 0xff, 0xfb, 0x13,
  0x00, 0x00, 0x00, 0x00, 0x00, 0x87, 0xff, 0xbc, 0x00, 0x00, 0x00, 0x00, 0x00, 0x00, 0xd9, 0xff, 0x6a, 0x00, 0x00, 0x00,
  0x00, 0x00, 0x2c, 0xff, 0xfe, 0x19, 0x00, 0x00, 0x00, 0x00, 0x00, 0x7e, 0xff, 0xc5, 0x00, 0x00, 0x00, 0x00, 0x00, 0x00,
  0xd1, 0xff, 0x73, 0x00, 0x00, 0x00, 0x00, 0x00, 0x23, 0xff, 0xff, 0x21, 0x00, 0x00, 0x00, 0x00, 0x00, 0x76, 0xff, 0xce,
  0x00, 0x00, 0x00, 0x00, 0x00, 0x00, 0xc9, 0xff, 0x7c, 0x00, 0x00, 0x00, 0x00, 0x00, 0x18, 0xfe, 0xff, 0x29, 0x00, 0x00,
  0x00, 0x00, 0x00, 0x11, 0xdb, 0xae, 0x00, 0x00, 0x00, 0x00, 0x00, 0x00, 0x00, 0x00, 0x00, 0x1c, 0x96, 0xdc, 0xf8, 0xe4,
  0x9d, 0x1f, 0x00, 0x00, 0x00, 0x00, 0x00, 0x2a, 0xea, 0xff, 0xff, 0xff, 0xff, 0xff, 0xf0, 0x2e, 0x00, 0x00, 0x00, 0x01,
  0xd2, 0xff, 0xf5, 0x5f, 0x21, 0x5e, 0xf5, 0xff, 0xd5, 0x03, 0x00, 0x00, 0x50, 0xff, 0xff, 0x76, 0x00, 0x00, 0x00, 0x76,
  0xff, 0xff, 0x4f, 0x00, 0x00, 0x98, 0xff, 0xff, 0x1a, 0x00, 0x00, 0x00, 0x1b, 0xff, 0xff, 0x9f, 0x00, 0x00, 0xd0, 0xff,
  0xea, 0x00, 0x00, 0x00, 0x00, 0x00, 0xea, 0xff, 0xcf, 0x00, 0x00, 0xe8, 0xff, 0xd0, 0x00, 0x00, 0x00, 0x00, 0x00, 0xd1,
  0xff, 0xed, 0x00, 0x00, 0xf8, 0xff, 0xc6, 0x00, 0x00, 0x00, 0x00, 0x00, 0xc7, 0xff, 0xfa, 0x00, 0x00, 0xfa, 0xff, 0xc7,
  0x00, 0x00, 0x00, 0x00, 0x00, 0xc9, 0xff, 0xf5, 0x00, 0x00, 0xed, 0xff, 0xd2, 0x00, 0x00, 0x00, 0x00, 0x00, 0xd3, 0xff,
  0xe4, 0x00, 0x00, 0xcc, 0xff, 0xed, 0x00, 0x00, 0x00, 0x00, 0x00, 0xee, 0xff, 0xc9, 0x00, 0x00, 0x9a, 0xff, 0xff, 0x1f,
  0x00, 0x00, 0x00, 0x20, 0xff, 0xff, 0x8e, 0x00, 0x00, 0x4a, 0xff, 0xff, 0x7b, 0x00, 0x00, 0x00, 0x7c, 0xff, 0xff, 0x42,
  0x00, 0x00, 0x01, 0xcf, 0xff, 0xf7, 0x61, 0x20, 0x60, 0xf6, 0xff, 0xc8, 0x00, 0x00, 0x00, 0x00, 0x29, 0xed, 0xff, 0xff,
  0xff, 0xff, 0xff, 0xe6, 0x22, 0x00, 0x00, 0x00, 0x00, 0x00, 0x1c, 0x9b, 0xe4, 0xf8, 0xdc, 0x95, 0x1a, 0x00, 0x00, 0x00,
  0x00, 0x00, 0x00, 0x00, 0x00, 0x17, 0x97, 0xed, 0x88, 0x00, 0x00, 0x00, 0x00, 0x00, 0x00, 0x00, 0x01, 0x67, 0xef, 0xff,
  0xff, 0xc3, 0x00, 0x00, 0x00, 0x00, 0x00, 0x00, 0x23, 0xc7, 0xff, 0xff, 0xff, 0xff, 0xc4, 0x00, 0x00, 0x00, 0x00, 0x00,
  0x00, 0x99, 0xff, 0xff, 0xbb, 0xff, 0xff, 0xc4, 0x00, 0x00, 0x00, 0x00, 0x00, 0x00, 0x37, 0xb6, 0x57, 0x00, 0xff, 0xff,
  0xc4, 0x00, 0x00, 0x00, 0x00, 0x00, 0x00, 0x00, 0x00, 0x00, 0x00, 0xff, 0xff, 0xc4, 0x00, 0x00, 0x00, 0x00, 0x00, 0x00,
  0x00, 0x00, 0x00, 0x00, 0xff, 0xff, 0xc4, 0x00, 0x00, 0x00, 0x00, 0x00, 0x00, 0x00, 0x00, 0x00, 0x00, 0xff, 0xff, 0xc4,
  0x00, 0x00, 0x00, 0x00, 0x00, 0x00, 0x00, 0x00, 0x00, 0x00, 0xff, 0xff, 0xc4, 0x00, 0x00, 0x00, 0x00, 0x00, 0x00, 0x00,
  0x00, 0x00, 0x00, 0xff, 0xff, 0xc4, 0x00, 0x00, 0x00, 0x00, 0x00, 0x00, 0x00, 0x00, 0x00, 0x00, 0xff, 0xff, 0xc4, 0x00,
  0x00, 0x00, 0x00, 0x00, 0x00, 0x00, 0x00, 0x00, 0x00, 0xff, 0xff, 0xc4, 0x00, 0x00, 0x00, 0x00, 0x00, 0x00, 0x00, 0x00,
  0x00, 0x00, 0xff, 0xff, 0xc4, 0x00, 0x00, 0x00, 0x00, 0x00, 0x00, 0x20, 0x52, 0x54, 0x54, 0xff, 0xff, 0xd7, 0x54, 0x53,
  0x26, 0x00, 0x00, 0x00, 0xea, 0xff, 0xff, 0xff, 0xff, 0xff, 0xff, 0xff, 0xff, 0xec, 0x00, 0x00, 0x00, 0xb8, 0xff, 0xff,
  0xff, 0xff, 0xff, 0xff, 0xff, 0xff, 0xb8, 0x00, 0x00, 0x00, 0x13, 0x75, 0xbd, 0xea, 0xfb, 0xec, 0xc3, 0x67, 0x02, 0x00,
  0x00, 0x00, 0x33, 0xf2, 0xff, 0xff, 0xff, 0xff, 0xff, 0xff, 0xff, 0xb3, 0x02, 0x00, 0x00, 0x49, 0xff, 0xde, 0x6d, 0x36,
  0x22, 0x4f, 0xd9, 0xff, 0xff, 0x5a, 0x00, 0x00, 0x00, 0x2b, 0x06, 0x00, 0x00, 0x00, 0x00, 0x36, 0xff, 0xff, 0xa6, 0x00,
  0x00, 0x00, 0x00, 0x00, 0x00, 0x00, 0x00, 0x00, 0x09, 0xff, 0xff, 0xbd, 0x00, 0x00, 0x00, 0x00, 0x00, 0x00, 0x00, 0x00,
  0x00, 0x2e, 0xff, 0xff, 0xa7, 0x00, 0x00, 0x00, 0x00, 0x00, 0x00, 0x00, 0x00, 0x00, 0x98, 0xff, 0xff, 0x64, 0x00, 0x00,
  0x00, 0x00, 0x00, 0x00, 0x00, 0x00, 0x44, 0xfd, 0xff, 0xe8, 0x0b, 0x00, 0x00, 0x00, 0x00, 0x00, 0x00, 0x00, 0x28, 0xed,
  0xff, 0xff, 0x57, 0x00, 0x00, 0x00, 0x00, 0x00, 0x00, 0x00, 0x19, 0xe0, 0xff, 0xff, 0x91, 0x00, 0x00, 0x00, 0x00, 0x00,
  0x00, 0x00, 0x0d, 0xcf, 0xff, 0xff, 0xac, 0x02, 0x00, 0x00, 0x00, 0x00, 0x00, 0x00, 0x06, 0xbb, 0xff, 0xff, 0xbc, 0x07,
  0x00, 0x00, 0x00, 0x00, 0x00, 0x00, 0x01, 0xa5, 0xff, 0xff, 0xcb, 0x0d, 0x00, 0x00, 0x00, 0x00, 0x00, 0x00, 0x00, 0x79,
  0xff, 0xff, 0xf0, 0x2d, 0x18, 0x18, 0x18, 0x18, 0x0f, 0x00, 0x00, 0x00, 0xed, 0xff, 0xff, 0xff, 0xff, 0xff, 0xff, 0xff,
  0xff, 0xff, 0x59, 0x00, 0x00, 0xb3, 0xfe, 0xff, 0xff, 0xff, 0xff, 0xff, 0xff, 0xff, 0xf6, 0x4a, 0x00, 0x00, 0x15, 0x78,
  0xc1, 0xec, 0xfb, 0xec, 0xc1, 0x68, 0x04, 0x00, 0x00, 0x00, 0x3a, 0xf5, 0xff, 0xff, 0xff, 0xff, 0xff, 0xff, 0xff, 0xbe,
  0x07, 0x00, 0x00, 0x48, 0xfe, 0xd9, 0x68, 0x34, 0x21, 0x4b, 0xd5, 0xff, 0xff, 0x6b, 0x00, 0x00, 0x00, 0x1b, 0x02, 0x00,
  0x00, 0x00, 0x00, 0x31, 0xff, 0xff, 0xaf, 0x00, 0x00, 0x00, 0x00, 0x00, 0x00, 0x00, 0x00, 0x00, 0x08, 0xff, 0xff, 0xba,
  0x00, 0x00, 0x00, 0x00, 0x00, 0x00, 0x00, 0x00, 0x00, 0x3e, 0xff, 0xff, 0x84, 0x00, 0x00, 0x00, 0x00, 0x00, 0x03, 0x16,
  0x1d, 0x50, 0xe2, 0xff, 0xe3, 0x14, 0x00, 0x00, 0x00, 0x00, 0x00, 0xd3, 0xff, 0xff, 0xff, 0xff, 0xc3, 0x1d, 0x00, 0x00,
  0x00, 0x00, 0x00, 0x00, 0xc1, 0xff, 0xff, 0xff, 0xff, 0xfe, 0x96, 0x03, 0x00, 0x00, 0x00, 0x00, 0x00, 0x00, 0x00, 0x03,
  0x25, 0xa6, 0xff, 0xff, 0x71, 0x00, 0x00, 0x00, 0x00, 0x00, 0x00, 0x00, 0x00, 0x00, 0x05, 0xeb, 0xff, 0xd6, 0x00, 0x00,
  0x00, 0x00, 0x00, 0x00, 0x00, 0x00, 0x00, 0x00, 0xcc, 0xff, 0xf6, 0x00, 0x00, 0x0d, 0x1b, 0x00, 0x00, 0x00, 0x00, 0x00,
  0x11, 0xf4, 0xff, 0xdd, 0x00, 0x00, 0xdc, 0xfd, 0xae, 0x55, 0x2f, 0x1e, 0x44, 0xc8, 0xff, 0xff, 0x7f, 0x00, 0x00, 0xb7,
  0xff, 0xff, 0xff, 0xff, 0xff, 0xff, 0xff, 0xff, 0xb6, 0x06, 0x00, 0x00, 0x01, 0x4b, 0x9f, 0xd5, 0xf3, 0xfa, 0xe8, 0xb7,
  0x5c, 0x01, 0x00, 0x00, 0x00, 0x00, 0x00, 0x00, 0x00, 0x00, 0x00, 0x02, 0x99, 0xf1, 0x6a, 0x00, 0x00, 0x00, 0x00, 0x00,
  0x00, 0x00, 0x00, 0x00, 0x77, 0xff, 0xff, 0xbf, 0x00, 0x00, 0x00, 0x00, 0x00, 0x00, 0x00, 0x00, 0x2b, 0xf8, 0xff, 0xff,
  0xc4, 0x00, 0x00, 0x00, 0x00, 0x00, 0x00, 0x00, 0x04, 0xcd, 0xff, 0xff, 0xff, 0xc4, 0x00, 0x00, 0x00, 0x00, 0x00, 0x00,
  0x00, 0x80, 0xff, 0xf6, 0xff, 0xff, 0xc4, 0x00, 0x00, 0x00, 0x00, 0x00, 0x00, 0x32, 0xfb, 0xff, 0x71, 0xff, 0xff, 0xc4,
  0x00, 0x00, 0x00, 0x00, 0x00, 0x07, 0xd3, 0xff, 0xc4, 0x02, 0xff, 0xff, 0xc4, 0x00, 0x00, 0x00, 0x00, 0x00, 0x88, 0xff,
  0xf6, 0x26, 0x00, 0xff, 0xff, 0xc4, 0x00, 0x00, 0x00, 0x00, 0x38, 0xfc, 0xff, 0x73, 0x00, 0x00, 0xff, 0xff, 0xc4, 0x00,
  0x00, 0x00, 0x09, 0xd9, 0xff, 0xc6, 0x02, 0x00, 0x00, 0xff, 0xff, 0xc4, 0x00, 0x00, 0x00, 0x88, 0xff, 0xff, 0x3f, 0x18,
  0x18, 0x18, 0xff, 0xff, 0xc9, 0x17, 0x03, 0x00, 0xec, 0xff, 0xff, 0xff, 0xff, 0xff, 0xff, 0xff, 0xff, 0xff, 0xff, 0xd6,
  0x00, 0xaa, 0xfc, 0xff, 0xff, 0xff, 0xff, 0xff, 0xff, 0xff, 0xff, 0xff, 0xc2, 0x00, 0x00, 0x00, 0x00, 0x00, 0x00, 0x00,
  0x00, 0xff, 0xff, 0xc4, 0x00, 0x00, 0x00, 0x00, 0x00, 0x00, 0x00, 0x00, 0x00, 0x00, 0xfd, 0xff, 0xc1, 0x00, 0x00, 0x00,
  0x00, 0x00, 0x00, 0x00, 0x00, 0x00, 0x00, 0xa7, 0xf6, 0x6e, 0x00, 0x00, 0x00, 0x00, 0xb1, 0xfe, 0xff, 0xff, 0xff, 0xff,
  0xff, 0xff, 0xfe, 0xbb, 0x00, 0x00, 0x00, 0xfe, 0xff, 0xff, 0xff, 0xff, 0xff, 0xff, 0xff, 0xff, 0xcd, 0x00, 0x00, 0x00,
  0xff, 0xff, 0xc9, 0x18, 0x18, 0x18, 0x18, 0x18, 0x16, 0x02, 0x00, 0x00, 0x00, 0xff, 0xff, 0xc4, 0x00, 0x00, 0x00, 0x00,
  0x00, 0x00, 0x00, 0x00, 0x00, 0x00, 0xff, 0xff, 0xc4, 0x00, 0x00, 0x00, 0x00, 0x00, 0x00, 0x00, 0x00, 0x00, 0x00, 0xff,
  0xff, 0xc4, 0x00, 0x00, 0x00, 0x00, 0x00, 0x00, 0x00, 0x00, 0x00, 0x00, 0xff, 0xff, 0xd8, 0x8a, 0xda, 0xf8, 0xea, 0xb4,
  0x43, 0x00, 0x00, 0x00, 0x00, 0xff, 0xff, 0xff, 0xff, 0xff, 0xff, 0xff, 0xff, 0xfe, 0x72, 0x00, 0x00, 0x00, 0xfd, 0xff,
  0xf2, 0x76, 0x34, 0x2a, 0x74, 0xf7, 0xff, 0xfc, 0x2e, 0x00, 0x00, 0x81, 0xa6, 0x28, 0x00, 0x00, 0x00, 0x00, 0x6d, 0xff,
  0xff, 0x8f, 0x00, 0x00, 0x00, 0x00, 0x00, 0x00, 0x00, 0x00, 0x00, 0x18, 0xff, 0xff, 0xb7, 0x00, 0x00, 0x00, 0x00, 0x00,
  0x00, 0x00, 0x00, 0x00, 0x0d, 0xff, 0xff, 0xb1, 0x00, 0x00, 0x19, 0x19, 0x00, 0x00, 0x00, 0x00, 0x00, 0x5e, 0xff, 0xff,
  0x82, 0x00, 0x0e, 0xf3, 0xfb, 0xa8, 0x4d, 0x29, 0x23, 0x6a, 0xf2, 0xff, 0xf4, 0x1e, 0x00, 0x08, 0xd5, 0xff, 0xff, 0xff,
  0xff, 0xff, 0xff, 0xff, 0xf4, 0x4f, 0x00, 0x00, 0x00, 0x04, 0x59, 0xab, 0xdd, 0xf8, 0xf5, 0xda, 0x92, 0x23, 0x00, 0x00,
  0x00, 0x00, 0x00, 0x00, 0x34, 0x9f, 0xe0, 0xf8, 0xf1, 0xc4, 0x68, 0x0c, 0x00, 0x00, 0x00, 0x00, 0x7d, 0xfd, 0xff, 0xff,
  0xff, 0xff, 0xff, 0xff, 0xe3, 0x08, 0x00, 0x00, 0x68, 0xff, 0xff, 0xc8, 0x4d, 0x22, 0x35, 0x74, 0xe3, 0xda, 0x06, 0x00,
  0x10, 0xf2, 0xff, 0xcb, 0x09, 0x00, 0x00, 0x00, 0x00, 0x03, 0x04, 0x00, 0x00, 0x6b, 0xff, 0xff, 0x47, 0x00, 0x00, 0x00,
  0x00, 0x00, 0x00, 0x00, 0x00, 0x00, 0xb0, 0xff, 0xf7, 0x07, 0x00, 0x01, 0x10, 0x01, 0x00, 0x00, 0x00, 0x00, 0x00, 0xe0,
  0xff, 0xd7, 0x0b, 0x91, 0xf1, 0xff, 0xf5, 0x9c, 0x11, 0x00, 0x00, 0x00, 0xf4, 0xff, 0xc7, 0xb3, 0xff, 0xff, 0xff, 0xff,
  0xff, 0xd4, 0x09, 0x00, 0x00, 0xfa, 0xff, 0xff, 0xfc, 0x6c, 0x0b, 0x28, 0xc4, 0xff, 0xff, 0x7c, 0x00, 0x00, 0xe9, 0xff,
  0xff, 0x9c, 0x00, 0x00, 0x00, 0x19, 0xfb, 0xff, 0xd3, 0x00, 0x00, 0xcf, 0xff, 0xff, 0x57, 0x00, 0x00, 0x00, 0x00, 0xcf,
  0xff, 0xf5, 0x00, 0x00, 0x92, 0xff, 0xff, 0x5a, 0x00, 0x00, 0x00, 0x00, 0xd2, 0xff, 0xec, 0x00, 0x00, 0x41, 0xff, 0xff,
  0xa5, 0x00, 0x00, 0x00, 0x20, 0xfd, 0xff, 0xbc, 0x00, 0x00, 0x00, 0xb8, 0xff, 0xfe, 0x7d, 0x22, 0x3c, 0xcf, 0xff, 0xff,
  0x50, 0x00, 0x00, 0x00, 0x16, 0xd1, 0xff, 0xff, 0xff, 0xff, 0xff, 0xff, 0x92, 0x00, 0x00, 0x00, 0x00, 0x00, 0x0c, 0x74,
  0xce, 0xf1, 0xf0, 0xc2, 0x57, 0x00, 0x00, 0x00, 0x00, 0xbf, 0xff, 0xff, 0xff, 0xff, 0xff, 0xff, 0xff, 0xff, 0xfd, 0xad,
  0x00, 0x00, 0xd5, 0xff, 0xff, 0xff, 0xff, 0xff, 0xff, 0xff, 0xff, 0xff, 0xf1, 0x00, 0x00, 0x03, 0x17, 0x18, 0x18, 0x18,
  0x18, 0x18, 0x73, 0xff, 0xff, 0xac, 0x00, 0x00, 0x00, 0x00, 0x00, 0x00, 0x00, 0x00, 0x03, 0xda, 0xff, 0xfe, 0x31, 0x00,
  0x00, 0x00, 0x00, 0x00, 0x00, 0x00, 0x00, 0x63, 0xff, 0xff, 0xad, 0x00, 0x00, 0x00, 0x00, 0x00, 0x00, 0x00, 0x00, 0x06,
  0xe0, 0xff, 0xfe, 0x2d, 0x00, 0x00, 0x00, 0x00, 0x00, 0x00, 0x00, 0x00, 0x6a, 0xff, 0xff, 0xa8, 0x00, 0x00, 0x00, 0x00,
  0x00, 0x00, 0x00, 0x00, 0x08, 0xe4, 0xff, 0xfd, 0x29, 0x00, 0x00, 0x00, 0x00, 0x00, 0x00, 0x00, 0x00, 0x71, 0xff, 0xff,
  0xa3, 0x00, 0x00, 0x00, 0x00, 0x00, 0x00, 0x00, 0x00, 0x0b, 0xe9, 0xff, 0xfc, 0x25, 0x00, 0x00, 0x00, 0x00, 0x00, 0x00,
  0x00, 0x00, 0x79, 0xff, 0xff, 0x9e, 0x00, 0x00, 0x00, 0x00, 0x00, 0x00, 0x00, 0x00, 0x0e, 0xed, 0xff, 0xfa, 0x21, 0x00,
  0x00, 0x00, 0x00, 0x00, 0x00, 0x00, 0x00, 0x80, 0xff, 0xff, 0x9a, 0x00, 0x00, 0x00, 0x00, 0x00, 0x00, 0x00, 0x00, 0x12,
  0xf1, 0xff, 0xf9, 0x1e, 0x00, 0x00, 0x00, 0x00, 0x00, 0x00, 0x00, 0x00, 0x74, 0xff, 0xff, 0x95, 0x00, 0x00, 0x00, 0x00,
  0x00, 0x00, 0x00, 0x00, 0x00, 0x46, 0xea, 0xc3, 0x11, 0x00, 0x00, 0x00, 0x00, 0x00, 0x00, 0x00, 0x00, 0x00, 0x01, 0x59,
  0xb6, 0xe8, 0xfa, 0xed, 0xc5, 0x73, 0x09, 0x00, 0x00, 0x00, 0x03, 0xac, 0xff, 0xff, 0xff, 0xff, 0xff, 0xff, 0xff, 0xd6,
  0x15, 0x00, 0x00, 0x60, 0xff, 0xff, 0xdd, 0x50, 0x21, 0x3e, 0xc0, 0xff, 0xff, 0x9b, 0x00, 0x00, 0xac, 0xff, 0xff, 0x3a,
  0x00, 0x00, 0x00, 0x0e, 0xf1, 0xff, 0xe7, 0x00, 0x00, 0xb7, 0xff, 0xff, 0x0a, 0x00, 0x00, 0x00, 0x00, 0xcd, 0xff, 0xf6,
  0x00, 0x00, 0x87, 0xff, 0xff, 0x3c, 0x00, 0x00, 0x00, 0x0b, 0xf0, 0xff, 0xc5, 0x00, 0x00, 0x16, 0xec, 0xff, 0xdd, 0x4f,
  0x20, 0x38, 0xba, 0xff, 0xfd, 0x47, 0x00, 0x00, 0x00, 0x26, 0xd6, 0xff, 0xff, 0xff, 0xff, 0xff, 0xff, 0x50, 0x00, 0x00,
  0x00, 0x01, 0x84, 0xfa, 0xff, 0xff, 0xff, 0xff, 0xff, 0xff, 0xd0, 0x31, 0x00, 0x00, 0x6a, 0xff, 0xff, 0xb9, 0x35, 0x0b,
  0x12, 0x4a, 0xda, 0xff, 0xf4, 0x27, 0x00, 0xd6, 0xff, 0xf0, 0x0a, 0x00, 0x00, 0x00, 0x00, 0x37, 0xff, 0xff, 0x97, 0x00,
  0xf8, 0xff, 0xcf, 0x00, 0x00, 0x00, 0x00, 0x00, 0x0c, 0xff, 0xff, 0xbc, 0x00, 0xe0, 0xff, 0xf4, 0x12, 0x00, 0x00, 0x00,
  0x00, 0x43, 0xff, 0xff, 0xa4, 0x00, 0x88, 0xff, 0xff, 0xca, 0x4d, 0x23, 0x29, 0x61, 0xe5, 0xff, 0xff, 0x4c, 0x00, 0x0a,
  0xbd, 0xff, 0xff, 0xff, 0xff, 0xff, 0xff, 0xff, 0xff, 0x8b, 0x00, 0x00, 0x00, 0x02, 0x5a, 0xb2, 0xe5, 0xf8, 0xf4, 0xdd,
  0xa2, 0x3c, 0x00, 0x00, 0x00, 0x00, 0x00, 0x53, 0xc0, 0xee, 0xf0, 0xce, 0x74, 0x0c, 0x00, 0x00, 0x00, 0x00, 0x00, 0x92,
  0xff, 0xff, 0xff, 0xff, 0xff, 0xff, 0xd0, 0x16, 0x00, 0x00, 0x00, 0x52, 0xff, 0xff, 0xcf, 0x3e, 0x23, 0x7d, 0xfe, 0xff,
  0xb6, 0x00, 0x00, 0x00, 0xbd, 0xff, 0xfc, 0x20, 0x00, 0x00, 0x00, 0xa1, 0xff, 0xff, 0x3d, 0x00, 0x00, 0xed, 0xff, 0xd1,
  0x00, 0x00, 0x00, 0x00, 0x56, 0xff, 0xff, 0x8f, 0x00, 0x00, 0xf5, 0xff, 0xcf, 0x00, 0x00, 0x00, 0x00, 0x54, 0xff, 0xff,
  0xce, 0x00, 0x00, 0xd3, 0xff, 0xfb, 0x18, 0x00, 0x00, 0x00, 0x98, 0xff, 0xff, 0xe7, 0x00, 0x00, 0x7b, 0xff, 0xff, 0xc1,
  0x25, 0x0a, 0x65, 0xfb, 0xff, 0xff, 0xf9, 0x00, 0x00, 0x08, 0xd1, 0xff, 0xff, 0xff, 0xff, 0xff, 0xb8, 0xc8, 0xff, 0xf3,
  0x00, 0x00, 0x00, 0x10, 0x9b, 0xf4, 0xff, 0xf2, 0x95, 0x0c, 0xd8, 0xff, 0xe0, 0x00, 0x00, 0x00, 0x00, 0x00, 0x01, 0x11,
  0x02, 0x00, 0x07, 0xf7, 0xff, 0xb0, 0x00, 0x00, 0x00, 0x00, 0x00, 0x00, 0x00, 0x00, 0x00, 0x48, 0xff, 0xff, 0x6c, 0x00,
  0x00, 0x04, 0x02, 0x00, 0x00, 0x00, 0x00, 0x09, 0xcb, 0xff, 0xf1, 0x10, 0x00, 0x06, 0xdb, 0xe4, 0x79, 0x31, 0x21, 0x4c,
  0xc8, 0xff, 0xff, 0x65, 0x00, 0x00, 0x09, 0xe4, 0xff, 0xff, 0xff, 0xff, 0xff, 0xff, 0xfd, 0x7c, 0x00, 0x00, 0x00, 0x00,
  0x10, 0x79, 0xc5, 0xe8, 0xf8, 0xe0, 0xa0, 0x32, 0x00, 0x00, 0x00, 0x00, 0x00, 0x96, 0xf3, 0x63, 0x00, 0x00, 0xf6, 0xff,
  0xba, 0x00, 0x00, 0x96, 0xf3, 0x63, 0x00, 0x00, 0x00, 0x00, 0x00, 0x00, 0x00, 0x00, 0x00, 0x00, 0x00, 0x00, 0x00, 0x00,
  0x00, 0x00, 0x00, 0x00, 0x00, 0x00, 0x00, 0x00, 0x00, 0x00, 0x00, 0x00, 0x00, 0x96, 0xf3, 0x63, 0x00, 0x00, 0xf6, 0xff,
  0xba, 0x00, 0x00, 0x96, 0xf3, 0x62, 0x00, 0x00, 0x96, 0xf3, 0x63, 0x00, 0x00, 0xf6, 0xff, 0xba, 0x00, 0x00, 0x96, 0xf3,
  0x63, 0x00, 0x00, 0x00, 0x00, 0x00, 0x00, 0x00, 0x00, 0x00, 0x00, 0x00, 0x00, 0x00, 0x00, 0x00, 0x00, 0x00, 0x00, 0x00,
  0x00, 0x00, 0x00, 0x00, 0x00, 0x00, 0x00, 0x00, 0x97, 0xf1, 0x54, 0x00, 0x00, 0xf5, 0xff, 0xb8, 0x00, 0x00, 0x92, 0xff,
  0xb7, 0x00, 0x00, 0x02, 0xde, 0x84, 0x00, 0x00, 0x4a, 0xfa, 0x24, 0x00, 0x00, 0x44, 0x6d, 0x00, 0x00, 0x00, 0x00, 0x00,
  0x00, 0x00, 0x00, 0x00, 0x00, 0x00, 0x04, 0x54, 0x7a, 0x04, 0x00, 0x00, 0x00, 0x00, 0x00, 0x00, 0x00, 0x15, 0x7a, 0xe3,
  0xff, 0xff, 0x29, 0x00, 0x00, 0x00, 0x00, 0x00, 0x33, 0xa0, 0xf8, 0xff, 0xff, 0xca, 0x55, 0x00, 0x00, 0x00, 0x05, 0x59,
  0xc6, 0xff, 0xff, 0xf8, 0xa1, 0x35, 0x00, 0x00, 0x00, 0x00, 0x52, 0xe6, 0xff, 0xff, 0xe0, 0x78, 0x14, 0x00, 0x00, 0x00,
  0x00, 0x00, 0x00, 0xf3, 0xff, 0xff, 0x57, 0x03, 0x00, 0x00, 0x00, 0x00, 0x00, 0x00, 0x00, 0x00, 0xad, 0xff, 0xff, 0xeb,
  0x87, 0x1e, 0x00, 0x00, 0x00, 0x00, 0x00, 0x00, 0x00, 0x00, 0x48, 0xb5, 0xfd, 0xff, 0xfc, 0xb0, 0x44, 0x01, 0x00, 0x00,
  0x00, 0x00, 0x00, 0x00, 0x00, 0x22, 0x8d, 0xee, 0xff, 0xff, 0xd7, 0x6d, 0x0e, 0x00, 0x00, 0x00, 0x00, 0x00, 0x00, 0x00,
  0x0a, 0x65, 0xd1, 0xff, 0xff, 0xea, 0x18, 0x00, 0x00, 0x00, 0x00, 0x00, 0x00, 0x00, 0x00, 0x00, 0x3e, 0xa9, 0xd2, 0x14,
  0x00, 0x00, 0x00, 0x00, 0x00, 0x00, 0x00, 0x00, 0x00, 0x00, 0x00, 0x00, 0x00, 0x00, 0x06, 0x18, 0x18, 0x18, 0x18, 0x18,
  0x18, 0x18, 0x18, 0x18, 0x06, 0x00, 0x00, 0xd4, 0xff, 0xff, 0xff, 0xff, 0xff, 0xff, 0xff, 0xff, 0xff, 0xd4, 0x00, 0x00,
  0xc5, 0xff, 0xff, 0xff, 0xff, 0xff, 0xff, 0xff, 0xff, 0xff, 0xc5, 0x00, 0x00, 0x00, 0x00, 0x00, 0x00, 0x00, 0x00, 0x00,
  0x00, 0x00, 0x00, 0x00, 0x00, 0x00, 0x07, 0x18, 0x18, 0x18, 0x18, 0x18, 0x18, 0x18, 0x18, 0x18, 0x07, 0x00, 0x00, 0xd6,
  0xff, 0xff, 0xff, 0xff, 0xff, 0xff, 0xff, 0xff, 0xff, 0xd6, 0x00, 0x00, 0xc4, 0xff, 0xff, 0xff, 0xff, 0xff, 0xff, 0xff,
  0xff, 0xff, 0xcd, 0x00, 0x00, 0x00, 0x00, 0x00, 0x00, 0x00, 0x00, 0x00, 0x00, 0x00, 0x00, 0x00, 0x00, 0x00, 0x00, 0x00,
  0x00, 0x00, 0x00, 0x00, 0x00, 0x00, 0x00, 0x00, 0x00, 0x00, 0x00, 0x00, 0x00, 0x00, 0x00, 0x00, 0x00, 0x00, 0x00, 0x00,
  0x00, 0x00, 0x00, 0x04, 0x7a, 0x54, 0x04, 0x00, 0x00, 0x00, 0x00, 0x00, 0x00, 0x00, 0x00, 0x00, 0x29, 0xff, 0xff, 0xe3,
  0x7a, 0x15, 0x00, 0x00, 0x00, 0x00, 0x00, 0x00, 0x00, 0x00, 0x55, 0xca, 0xff, 0xff, 0xf8, 0xa0, 0x33, 0x00, 0x00, 0x00,
  0x00, 0x00, 0x00, 0x00, 0x00, 0x35, 0xa1, 0xf8, 0xff, 0xff, 0xc6, 0x59, 0x05, 0x00, 0x00, 0x00, 0x00, 0x00, 0x00, 0x00,
  0x14, 0x78, 0xe0, 0xff, 0xff, 0xe6, 0x5c, 0x00, 0x00, 0x00, 0x00, 0x00, 0x00, 0x00, 0x00, 0x03, 0x57, 0xff, 0xff, 0xf3,
  0x00, 0x00, 0x00, 0x00, 0x00, 0x00, 0x00, 0x1e, 0x87, 0xeb, 0xff, 0xff, 0xaa, 0x00, 0x00, 0x00, 0x00, 0x01, 0x44, 0xb0,
  0xfc, 0xff, 0xfd, 0xb5, 0x48, 0x00, 0x00, 0x00, 0x0e, 0x6d, 0xd8, 0xff, 0xff, 0xee, 0x8d, 0x22, 0x00, 0x00, 0x00, 0x00,
  0x18, 0xea, 0xff, 0xff, 0xd1, 0x65, 0x0a, 0x00, 0x00, 0x00, 0x00, 0x00, 0x00, 0x14, 0xd2, 0xa9, 0x3e, 0x00, 0x00, 0x00,
  0x00, 0x00, 0x00, 0x00, 0x00, 0x00, 0x00, 0x00, 0x00, 0x00, 0x00, 0x00, 0x00, 0x00, 0x00, 0x00, 0x00, 0x00, 0x00, 0x00,
  0x26, 0x89, 0xd1, 0xf4, 0xf6, 0xd6, 0x83, 0x0e, 0x00, 0x86, 0xff, 0xff, 0xff, 0xff, 0xff, 0xff, 0xff, 0xd6, 0x11, 0xbf,
  0xff, 0xba, 0x55, 0x2a, 0x2b, 0xa7, 0xff, 0xff, 0x81, 0x0c, 0x24, 0x00, 0x00, 0x00, 0x00, 0x10, 0xff, 0xff, 0xb8, 0x00,
  0x00, 0x00, 0x00, 0x00, 0x00, 0x27, 0xff, 0xff, 0xa6, 0x00, 0x00, 0x00, 0x00, 0x00, 0x00, 0xa8, 0xff, 0xff, 0x5e, 0x00,
  0x00, 0x00, 0x00, 0x00, 0x7a, 0xff, 0xff, 0xb6, 0x01, 0x00, 0x00, 0x00, 0x00, 0x4a, 0xfe, 0xff, 0xbb, 0x0a, 0x00, 0x00,
  0x00, 0x00, 0x01, 0xd4, 0xff, 0xbc, 0x09, 0x00, 0x00, 0x00, 0x00, 0x00, 0x2c, 0xff, 0xef, 0x16, 0x00, 0x00, 0x00, 0x00,
  0x00, 0x00, 0x42, 0xff, 0xa1, 0x00, 0x00, 0x00, 0x00, 0x00, 0x00, 0x00, 0x09, 0x7e, 0x25, 0x00, 0x00, 0x00, 0x00, 0x00,
  0x00, 0x00, 0x00, 0x00, 0x00, 0x00, 0x00, 0x00, 0x00, 0x00, 0x00, 0x00, 0x97, 0xf3, 0x61, 0x00, 0x00, 0x00, 0x00, 0x00,
  0x00, 0x00, 0xf6, 0xff, 0xb9, 0x00, 0x00, 0x00, 0x00, 0x00, 0x00, 0x00, 0x96, 0xf3, 0x60, 0x00, 0x00, 0x00, 0x00, 0x00,
  0x00, 0x00, 0x00, 0x00, 0x00, 0x15, 0x6b, 0xb3, 0xde, 0xf3, 0xf9, 0xe5, 0xb8, 0x6d, 0x0f, 0x00, 0x00, 0x00, 0x00, 0x00,
  0x00, 0x00, 0x00, 0x00, 0x06, 0x84, 0xf3, 0xff, 0xff, 0xff, 0xff, 0xff, 0xff, 0xff, 0xff, 0xee, 0x54, 0x00, 0x00, 0x00,
  0x00, 0x00, 0x00, 0x00, 0x16, 0xc5, 0xff, 0xff, 0xcc, 0x6d, 0x41, 0x24, 0x26, 0x3f, 0x79, 0xd4, 0xff, 0xff, 0x85, 0x00,
  0x00, 0x00, 0x00, 0x00, 0x05, 0xc5, 0xff, 0xe9, 0x46, 0x00, 0x00, 0x00, 0x00, 0x00, 0x00, 0x00, 0x01, 0x71, 0xf9, 0xff,
  0x55, 0x00, 0x00, 0x00, 0x00, 0x82, 0xff, 0xe4, 0x1b, 0x00, 0x00, 0x00, 0x00, 0x00, 0x00, 0x00, 0x00, 0x00, 0x00, 0x64,
  0xff, 0xed, 0x0c, 0x00, 0x00, 0x12, 0xf2, 0xfd, 0x3e, 0x00, 0x00, 0x32, 0xb1, 0xec, 0xed, 0x99, 0x0f, 0xd6, 0xbb, 0x00,
  0x00, 0xbc, 0xff, 0x60, 0x00, 0x00, 0x68, 0xff, 0xb3, 0x00, 0x00, 0x47, 0xf7, 0xff, 0xff, 0xff, 0xff, 0xc6, 0xff, 0xd1,
  0x00, 0x00, 0x56, 0xff, 0xa2, 0x00, 0x00, 0xaf, 0xff, 0x52, 0x00, 0x0e, 0xe7, 0xff, 0xfd, 0x70, 0x24, 0x7d, 0xff, 0xff,
  0xa7, 0x00, 0x00, 0x23, 0xff, 0xc7, 0x00, 0x00, 0xdc, 0xff, 0x1b, 0x00, 0x64, 0xff, 0xff, 0x8e, 0x00, 0x00, 0x02, 0xef,
  0xff, 0x7c, 0x00, 0x00, 0x08, 0xff, 0xd3, 0x00, 0x00, 0xf1, 0xfc, 0x03, 0x00, 0xa4, 0xff, 0xff, 0x2d, 0x00, 0x00, 0x00,
  0xde, 0xff, 0x52, 0x00, 0x00, 0x0e, 0xff, 0xc3, 0x00, 0x00, 0xf9, 0xf4, 0x00, 0x00, 0xbc, 0xff, 0xff, 0x08, 0x00, 0x00,
  0x03, 0xf4, 0xff, 0x28, 0x00, 0x00, 0x36, 0xff, 0xa5, 0x00, 0x00, 0xe6, 0xff, 0x0d, 0x00, 0xaa, 0xff, 0xff, 0x0e, 0x00,
  0x00, 0x3c, 0xff, 0xff, 0x07, 0x00, 0x00, 0x84, 0xff, 0x61, 0x00, 0x00, 0xc7, 0xff, 0x30, 0x00, 0x7a, 0xff, 0xff, 0x59,
  0x00, 0x07, 0xc3, 0xff, 0xff, 0x1a, 0x00, 0x2a, 0xf2, 0xe9, 0x0c, 0x00, 0x00, 0x87, 0xff, 0x85, 0x00, 0x0f, 0xeb, 0xff,
  0xf7, 0xb2, 0xdd, 0xdb, 0x9b, 0xff, 0xdb, 0xb1, 0xf5, 0xfc, 0x51, 0x00, 0x00, 0x00, 0x33, 0xff, 0xe5, 0x0e, 0x00, 0x2d,
  0xb9, 0xf5, 0xeb, 0xa1, 0x1a, 0x09, 0x93, 0xe6, 0xf3, 0xc2, 0x43, 0x00, 0x00, 0x00, 0x00, 0x00, 0xb6, 0xff, 0xa6, 0x00,
  0x00, 0x00, 0x00, 0x00, 0x00, 0x00, 0x00, 0x00, 0x00, 0x00, 0x00, 0x00, 0x00, 0x00, 0x00, 0x00, 0x00, 0x21, 0xef, 0xff,
  0xa9, 0x0d, 0x00, 0x00, 0x00, 0x00, 0x00, 0x00, 0x00, 0x08, 0x6f, 0x2f, 0x00, 0x00, 0x00, 0x00, 0x00, 0x00, 0x00, 0x43,
  0xf2, 0xff, 0xe7, 0x8a, 0x3a, 0x1a, 0x05, 0x0f, 0x36, 0x7b, 0xe1, 0xff, 0x88, 0x00, 0x00, 0x00, 0x00, 0x00, 0x00, 0x00,
  0x00, 0x2d, 0xcd, 0xff, 0xff, 0xff, 0xff, 0xff, 0xff, 0xff, 0xff, 0xff, 0x9a, 0x09, 0x00, 0x00, 0x00, 0x00, 0x00, 0x00,
  0x00, 0x00, 0x00, 0x01, 0x51, 0xa6, 0xe6, 0xfe, 0xff, 0xfe, 0xdf, 0x99, 0x2f, 0x00, 0x00, 0x00, 0x00, 0x00, 0x00, 0x00,
  0x00, 0x00, 0x00, 0x00, 0x00, 0x00, 0x00, 0x00, 0x04, 0x13, 0x04, 0x00, 0x00, 0x00, 0x00, 0x00, 0x00, 0x00, 0x00, 0x00,
  0x00, 0x00, 0x00, 0x00, 0x00, 0x00, 0x14, 0xcc, 0xef, 0x54, 0x00, 0x00, 0x00, 0x00, 0x00, 0x00, 0x00, 0x00, 0x00, 0x00,
  0x00, 0x00, 0x8d, 0xff, 0xff, 0xe9, 0x08, 0x00, 0x00, 0x00, 0x00, 0x00, 0x00, 0x00, 0x00, 0x00, 0x00, 0x0e, 0xf2, 0xff,
  0xff, 0xff, 0x64, 0x00, 0x00, 0x00, 0x00, 0x00, 0x00, 0x00, 0x00, 0x00, 0x00, 0x73, 0xff, 0xfc, 0xd2, 0xff, 0xd6, 0x01,
  0x00, 0x00, 0x00, 0x00, 0x00, 0x00, 0x00, 0x00, 0x04, 0xe1, 0xff, 0xae, 0x52, 0xff, 0xff, 0x4a, 0x00, 0x00, 0x00, 0x00,
  0x00, 0x00, 0x00, 0x00, 0x59, 0xff, 0xff, 0x43, 0x03, 0xe1, 0xff, 0xbd, 0x00, 0x00, 0x00, 0x00, 0x00, 0x00, 0x00, 0x00,
  0xca, 0xff, 0xd7, 0x00, 0x00, 0x79, 0xff, 0xff, 0x30, 0x00, 0x00, 0x00, 0x00, 0x00, 0x00, 0x3e, 0xff, 0xff, 0x6c, 0x00,
  0x00, 0x14, 0xf7, 0xff, 0xa3, 0x00, 0x00, 0x00, 0x00, 0x00, 0x00, 0xb0, 0xff, 0xf3, 0x0d, 0x00, 0x00, 0x00, 0x9f, 0xff,
  0xfa, 0x1b, 0x00, 0x00, 0x00, 0x00, 0x25, 0xfd, 0xff, 0x95, 0x00, 0x00, 0x00, 0x00, 0x32, 0xff, 0xff, 0x88, 0x00, 0x00,
  0x00, 0x00, 0x96, 0xff, 0xff, 0xff, 0xff, 0xff, 0xff, 0xff, 0xff, 0xff, 0xff, 0xef, 0x0c, 0x00, 0x00, 0x12, 0xf5, 0xff,
  0xff, 0xff, 0xff, 0xff, 0xff, 0xff, 0xff, 0xff, 0xff, 0xff, 0x6e, 0x00, 0x00, 0x7b, 0xff, 0xff, 0x8d, 0x40, 0x40, 0x40,
  0x40, 0x40, 0x40, 0x45, 0xff, 0xff, 0xde, 0x03, 0x06, 0xe6, 0xff, 0xde, 0x02, 0x00, 0x00, 0x00, 0x00, 0x00, 0x00, 0x00,
  0x7f, 0xff, 0xff, 0x54, 0x50, 0xff, 0xff, 0x73, 0x00, 0x00, 0x00, 0x00, 0x00, 0x00, 0x00, 0x00, 0x17, 0xf8, 0xff, 0xba,
  0x2b, 0xe6, 0xcb, 0x0a, 0x00, 0x00, 0x00, 0x00, 0x00, 0x00, 0x00, 0x00, 0x00, 0x74, 0xf4, 0x89, 0x00, 0x00, 0x97, 0xfa,
  0xff, 0xff, 0xff, 0xff, 0xff, 0xf1, 0xcf, 0x80, 0x0e, 0x00, 0x00, 0x00, 0x00, 0xfa, 0xff, 0xff, 0xff, 0xff, 0xff, 0xff,
  0xff, 0xff, 0xff, 0xde, 0x19, 0x00, 0x00, 0x00, 0xff, 0xff, 0xc9, 0x18, 0x18, 0x18, 0x1e, 0x44, 0xc2, 0xff, 0xff, 0x9f,
  0x00, 0x00, 0x00, 0xff, 0xff, 0xc4, 0x00, 0x00, 0x00, 0x00, 0x00, 0x0e, 0xf2, 0xff, 0xe8, 0x00, 0x00, 0x00, 0xff, 0xff,
  0xc4, 0x00, 0x00, 0x00, 0x00, 0x00, 0x00, 0xcf, 0xff, 0xf3, 0x00, 0x00, 0x00, 0xff, 0xff, 0xc4, 0x00, 0x00, 0x00, 0x00,
  0x00, 0x08, 0xee, 0xff, 0xc6, 0x00, 0x00, 0x00, 0xff, 0xff, 0xc4, 0x00, 0x00, 0x00, 0x06, 0x2a, 0xad, 0xff, 0xfe, 0x49,
  0x00, 0x00, 0x00, 0xff, 0xff, 0xff, 0xff, 0xff, 0xff, 0xff, 0xff, 0xff, 0xe9, 0x50, 0x00, 0x00, 0x00, 0x00, 0xff, 0xff,
  0xff, 0xff, 0xff, 0xff, 0xff, 0xff, 0xff, 0xf9, 0x88, 0x02, 0x00, 0x00, 0x00, 0xff, 0xff, 0xc9, 0x18, 0x18, 0x18, 0x1c,
  0x3b, 0xb5, 0xff, 0xff, 0x6f, 0x00, 0x00, 0x00, 0xff, 0xff, 0xc4, 0x00, 0x00, 0x00, 0x00, 0x00, 0x0a, 0xef, 0xff, 0xd5,
  0x00, 0x00, 0x00, 0xff, 0xff, 0xc4, 0x00, 0x00, 0x00, 0x00, 0x00, 0x00, 0xce, 0xff, 0xf7, 0x00, 0x00, 0x00, 0xff, 0xff,
  0xc4, 0x00, 0x00, 0x00, 0x00, 0x00, 0x0a, 0xef, 0xff, 0xe8, 0x00, 0x00, 0x00, 0xff, 0xff, 0xc9, 0x18, 0x18, 0x18, 0x1b,
  0x3a, 0xb5, 0xff, 0xff, 0x9d, 0x00, 0x00, 0x00, 0xfa, 0xff, 0xff, 0xff, 0xff, 0xff, 0xff, 0xff, 0xff, 0xff, 0xdd, 0x19,
  0x00, 0x00, 0x00, 0x9a, 0xfb, 0xff, 0xff, 0xff, 0xff, 0xff, 0xf6, 0xd3, 0x84, 0x0f, 0x00, 0x00, 0x00, 0x00, 0x00, 0x00,
  0x18, 0x80, 0xc7, 0xea, 0xf9, 0xe4, 0xc9, 0x91, 0x32, 0x00, 0x00, 0x00, 0x00, 0x00, 0x5f, 0xf5, 0xff, 0xff, 0xff, 0xff,
  0xff, 0xff, 0xff, 0xff, 0x66, 0x00, 0x00, 0x00, 0x56, 0xff, 0xff, 0xf5, 0x8b, 0x39, 0x20, 0x36, 0x70, 0xda, 0xff, 0x6d,
  0x00, 0x00, 0x0d, 0xed, 0xff, 0xf3, 0x35, 0x00, 0x00, 0x00, 0x00, 0x00, 0x02, 0x22, 0x00, 0x00, 0x00, 0x6c, 0xff, 0xff,
  0x7a, 0x00, 0x00, 0x00, 0x00, 0x00, 0x00, 0x00, 0x00, 0x00, 0x00, 0x00, 0xb5, 0xff, 0xff, 0x1b, 0x00, 0x00, 0x00, 0x00,
  0x00, 0x00, 0x00, 0x00, 0x00, 0x00, 0x00, 0xe4, 0xff, 0xe2, 0x00, 0x00, 0x00, 0x00, 0x00, 0x00, 0x00, 0x00, 0x00, 0x00,
  0x00, 0x00, 0xf7, 0xff, 0xcd, 0x00, 0x00, 0x00, 0x00, 0x00, 0x00, 0x00, 0x00, 0x00, 0x00, 0x00, 0x00, 0xf4, 0xff, 0xce,
  0x00, 0x00, 0x00, 0x00, 0x00, 0x00, 0x00, 0x00, 0x00, 0x00, 0x00, 0x00, 0xdd, 0xff, 0xe3, 0x00, 0x00, 0x00, 0x00, 0x00,
  0x00, 0x00, 0x00, 0x00, 0x00, 0x00, 0x00, 0xb5, 0xff, 0xff, 0x1d, 0x00, 0x00, 0x00, 0x00, 0x00, 0x00, 0x00, 0x00, 0x00,
  0x00, 0x00, 0x66, 0xff, 0xff, 0x7b, 0x00, 0x00, 0x00, 0x00, 0x00, 0x00, 0x00, 0x00, 0x00, 0x00, 0x00, 0x11, 0xe9, 0xff,
  0xf4, 0x34, 0x00, 0x00, 0x00, 0x00, 0x00, 0x00, 0x24, 0x00, 0x00, 0x00, 0x00, 0x52, 0xff, 0xff, 0xf4, 0x87, 0x38, 0x1f,
  0x35, 0x6c, 0xd6, 0xff, 0x7c, 0x00, 0x00, 0x00, 0x00, 0x54, 0xf4, 0xff, 0xff, 0xff, 0xff, 0xff, 0xff, 0xff, 0xfe, 0x66,
  0x00, 0x00, 0x00, 0x00, 0x00, 0x18, 0x78, 0xc6, 0xe5, 0xfb, 0xf0, 0xcb, 0x8d, 0x2b, 0x00, 0x00, 0x00, 0x00, 0x99, 0xfb,
  0xff, 0xff, 0xff, 0xff, 0xf0, 0xd9, 0xa1, 0x4d, 0x01, 0x00, 0x00, 0x00, 0x00, 0x00, 0x00, 0xfa, 0xff, 0xff, 0xff, 0xff,
  0xff, 0xff, 0xff, 0xff, 0xff, 0xca, 0x20, 0x00, 0x00, 0x00, 0x00, 0x00, 0xff, 0xff, 0xc9, 0x18, 0x18, 0x19, 0x2a, 0x5a,
  0xbd, 0xff, 0xff, 0xe7, 0x1a, 0x00, 0x00, 0x00, 0x00, 0xff, 0xff, 0xc4, 0x00, 0x00, 0x00, 0x00, 0x00, 0x00, 0x7a, 0xff,
  0xff, 0xb5, 0x00, 0x00, 0x00, 0x00, 0xff, 0xff, 0xc4, 0x00, 0x00, 0x00, 0x00, 0x00, 0x00, 0x00, 0xbd, 0xff, 0xff, 0x2e,
  0x00, 0x00, 0x00, 0xff, 0xff, 0xc4, 0x00, 0x00, 0x00, 0x00, 0x00, 0x00, 0x00, 0x55, 0xff, 0xff, 0x77, 0x00, 0x00, 0x00,
  0xff, 0xff, 0xc4, 0x00, 0x00, 0x00, 0x00, 0x00, 0x00, 0x00, 0x1e, 0xff, 0xff, 0xa7, 0x00, 0x00, 0x00, 0xff, 0xff, 0xc4,
  0x00, 0x00, 0x00, 0x00, 0x00, 0x00, 0x00, 0x07, 0xff, 0xff, 0xba, 0x00, 0x00, 0x00, 0xff, 0xff, 0xc4, 0x00, 0x00, 0x00,
  0x00, 0x00, 0x00, 0x00, 0x09, 0xff, 0xff, 0xba, 0x00, 0x00, 0x00, 0xff, 0xff, 0xc4, 0x00, 0x00, 0x00, 0x00, 0x00, 0x00,
  0x00, 0x1f, 0xff, 0xff, 0xa6, 0x00, 0x00, 0x00, 0xff, 0xff, 0xc4, 0x00, 0x00, 0x00, 0x00, 0x00, 0x00, 0x00, 0x57, 0xff,
  0xff, 0x75, 0x00, 0x00, 0x00, 0xff, 0xff, 0xc4, 0x00, 0x00, 0x00, 0x00, 0x00, 0x00, 0x00, 0xbd, 0xff, 0xff, 0x2c, 0x00,
  0x00, 0x00, 0xff, 0xff, 0xc4, 0x00, 0x00, 0x00, 0x00, 0x00, 0x00, 0x7a, 0xff, 0xff, 0xb3, 0x00, 0x00, 0x00, 0x00, 0xff,
  0xff, 0xc9, 0x18, 0x18, 0x19, 0x29, 0x5a, 0xbd, 0xff, 0xff, 0xe7, 0x19, 0x00, 0x00, 0x00, 0x00, 0xfa, 0xff, 0xff, 0xff,
  0xff, 0xff, 0xff, 0xff, 0xff, 0xff, 0xc9, 0x20, 0x00, 0x00, 0x00, 0x00, 0x00, 0x99, 0xfb, 0xff, 0xff, 0xff, 0xff, 0xf1,
  0xda, 0xa1, 0x4c, 0x01, 0x00, 0x00, 0x00, 0x00, 0x00, 0x00, 0x97, 0xfb, 0xff, 0xff, 0xff, 0xff, 0xff, 0xff, 0xff, 0xf7,
  0x4d, 0x00, 0x00, 0xfa, 0xff, 0xff, 0xff, 0xff, 0xff, 0xff, 0xff, 0xff, 0xff, 0x58, 0x00, 0x00, 0xff, 0xff, 0xc9, 0x18,
  0x18, 0x18, 0x18, 0x18, 0x18, 0x10, 0x00, 0x00, 0x00, 0xff, 0xff, 0xc4, 0x00, 0x00, 0x00, 0x00, 0x00, 0x00, 0x00, 0x00,
  0x00, 0x00, 0xff, 0xff, 0xc4, 0x00, 0x00, 0x00, 0x00, 0x00, 0x00, 0x00, 0x00, 0x00, 0x00, 0xff, 0xff, 0xc4, 0x00, 0x00,
  0x00, 0x00, 0x00, 0x00, 0x00, 0x00, 0x00, 0x00, 0xff, 0xff, 0xc4, 0x00, 0x00, 0x00, 0x00, 0x00, 0x00, 0x00, 0x00, 0x00,
  0x00, 0xff, 0xff, 0xff, 0xff, 0xff, 0xff, 0xff, 0xff, 0xff, 0xc5, 0x00, 0x00, 0x00, 0xff, 0xff, 0xff, 0xff, 0xff, 0xff,
  0xff, 0xff, 0xff, 0xd8, 0x00, 0x00, 0x00, 0xff, 0xff, 0xc9, 0x18, 0x18, 0x18, 0x18, 0x18, 0x17, 0x04, 0x00, 0x00, 0x00,
  0xff, 0xff, 0xc4, 0x00, 0x00, 0x00, 0x00, 0x00, 0x00, 0x00, 0x00, 0x00, 0x00, 0xff, 0xff, 0xc4, 0x00, 0x00, 0x00, 0x00,
  0x00, 0x00, 0x00, 0x00, 0x00, 0x00, 0xff, 0xff, 0xc4, 0x00, 0x00, 0x00, 0x00, 0x00, 0x00, 0x00, 0x00, 0x00, 0x00, 0xff,
  0xff, 0xc9, 0x18, 0x18, 0x18, 0x18, 0x18, 0x18, 0x10, 0x00, 0x00, 0x00, 0xfa, 0xff, 0xff, 0xff, 0xff, 0xff, 0xff, 0xff,
  0xff, 0xff, 0x58, 0x00, 0x00, 0x97, 0xfb, 0xff, 0xff, 0xff, 0xff, 0xff, 0xff, 0xff, 0xf7, 0x4d, 0x00, 0x00, 0x96, 0xfa,
  0xff, 0xff, 0xff, 0xff, 0xff, 0xff, 0xff, 0xf7, 0x4d, 0x00, 0x00, 0xfa, 0xff, 0xff, 0xff, 0xff, 0xff, 0xff, 0xff, 0xff,
  0xff, 0x58, 0x00, 0x00, 0xff, 0xff, 0xc9, 0x18, 0x18, 0x18, 0x18, 0x18, 0x18, 0x0f, 0x00, 0x00, 0x00, 0xff, 0xff, 0xc4,
  0x00, 0x00, 0x00, 0x00, 0x00, 0x00, 0x00, 0x00, 0x00, 0x00, 0xff, 0xff, 0xc4, 0x00, 0x00, 0x00, 0x00, 0x00, 0x00, 0x00,
  0x00, 0x00, 0x00, 0xff, 0xff, 0xc4, 0x00, 0x00, 0x00, 0x00, 0x00, 0x00, 0x00, 0x00, 0x00, 0x00, 0xff, 0xff, 0xc4, 0x00,
  0x00, 0x00, 0x00, 0x00, 0x00, 0x00, 0x00, 0x00, 0x00, 0xff, 0xff, 0xff, 0xff, 0xff, 0xff, 0xff, 0xff, 0xff, 0xc2, 0x00,
  0x00, 0x00, 0xff, 0xff, 0xff, 0xff, 0xff, 0xff, 0xff, 0xff, 0xff, 0xd5, 0x00, 0x00, 0x00, 0xff, 0xff, 0xc9, 0x18, 0x18,
  0x18, 0x18, 0x18, 0x17, 0x04, 0x00, 0x00, 0x00, 0xff, 0xff, 0xc4, 0x00, 0x00, 0x00, 0x00, 0x00, 0x00, 0x00, 0x00, 0x00,
  0x00, 0xff, 0xff, 0xc4, 0x00, 0x00, 0x00, 0x00, 0x00, 0x00, 0x00, 0x00, 0x00, 0x00, 0xff, 0xff, 0xc4, 0x00, 0x00, 0x00,
  0x00, 0x00, 0x00, 0x00, 0x00, 0x00, 0x00, 0xff, 0xff, 0xc4, 0x00, 0x00, 0x00, 0x00, 0x00, 0x00, 0x00, 0x00, 0x00, 0x00,
  0xfa, 0xff, 0xbf, 0x00, 0x00, 0x00, 0x00, 0x00, 0x00, 0x00, 0x00, 0x00, 0x00, 0x9a, 0xf5, 0x6d, 0x00, 0x00, 0x00, 0x00,
  0x00, 0x00, 0x00, 0x00, 0x00, 0x00, 0x00, 0x00, 0x0d, 0x71, 0xba, 0xe6, 0xf9, 0xec, 0xd2, 0xaa, 0x5e, 0x07, 0x00, 0x00,
  0x00, 0x00, 0x00, 0x4a, 0xec, 0xff, 0xff, 0xff, 0xff, 0xff, 0xff, 0xff, 0xff, 0xe0, 0x07, 0x00, 0x00, 0x00, 0x46, 0xfc,
  0xff, 0xfa, 0x96, 0x40, 0x21, 0x2e, 0x4e, 0x9c, 0xf9, 0xe5, 0x07, 0x00, 0x00, 0x09, 0xe7, 0xff, 0xf8, 0x41, 0x00, 0x00,
  0x00, 0x00, 0x00, 0x00, 0x14, 0x0f, 0x00, 0x00, 0x00, 0x66, 0xff, 0xff, 0x83, 0x00, 0x00, 0x00, 0x00, 0x00, 0x00, 0x00,
  0x00, 0x00, 0x00, 0x00, 0x00, 0xb1, 0xff, 0xff, 0x1f, 0x00, 0x00, 0x00, 0x00, 0x00, 0x00, 0x00, 0x00, 0x00, 0x00, 0x00,
  0x00, 0xe2, 0xff, 0xe4, 0x00, 0x00, 0x00, 0x00, 0x00, 0x00, 0x00, 0x00, 0x00, 0x00, 0x00, 0x00, 0x00, 0xf7, 0xff, 0xce,
  0x00, 0x00, 0x00, 0x00, 0x63, 0xf9, 0xff, 0xff, 0xff, 0xfb, 0x7d, 0x00, 0x00, 0xf3, 0xff, 0xcb, 0x00, 0x00, 0x00, 0x00,
  0x71, 0xff, 0xff, 0xff, 0xff, 0xff, 0xc3, 0x00, 0x00, 0xda, 0xff, 0xe2, 0x00, 0x00, 0x00, 0x00, 0x00, 0x12, 0x18, 0x18,
  0xff, 0xff, 0xc4, 0x00, 0x00, 0xb0, 0xff, 0xff, 0x1a, 0x00, 0x00, 0x00, 0x00, 0x00, 0x00, 0x00, 0xff, 0xff, 0xc4, 0x00,
  0x00, 0x58, 0xff, 0xff, 0x82, 0x00, 0x00, 0x00, 0x00, 0x00, 0x00, 0x00, 0xff, 0xff, 0xc4, 0x00, 0x00, 0x08, 0xda, 0xff,
  0xf9, 0x42, 0x00, 0x00, 0x00, 0x00, 0x00, 0x00, 0xff, 0xff, 0xc4, 0x00, 0x00, 0x00, 0x30, 0xf6, 0xff, 0xfa, 0x99, 0x45,
  0x21, 0x25, 0x43, 0x82, 0xff, 0xff, 0xc2, 0x00, 0x00, 0x00, 0x00, 0x2e, 0xd7, 0xff, 0xff, 0xff, 0xff, 0xff, 0xff, 0xff,
  0xff, 0xff, 0x89, 0x00, 0x00, 0x00, 0x00, 0x00, 0x06, 0x52, 0xab, 0xd6, 0xf0, 0xf7, 0xe0, 0xc6, 0x93, 0x4d, 0x02, 0x00,
  0x00, 0x00, 0xa1, 0xf4, 0x67, 0x00, 0x00, 0x00, 0x00, 0x00, 0x00, 0x00, 0x00, 0xa0, 0xf5, 0x6a, 0x00, 0x00, 0x00, 0xfc,
  0xff, 0xbf, 0x00, 0x00, 0x00, 0x00, 0x00, 0x00, 0x00, 0x00, 0xfb, 0xff, 0xbf, 0x00, 0x00, 0x00, 0xff, 0xff, 0xc4, 0x00,
  0x00, 0x00, 0x00, 0x00, 0x00, 0x00, 0x00, 0xff, 0xff, 0xc4, 0x00, 0x00, 0x00, 0xff, 0xff, 0xc4, 0x00, 0x00, 0x00, 0x00,
  0x00, 0x00, 0x00, 0x00, 0xff, 0xff, 0xc4, 0x00, 0x00, 0x00, 0xff, 0xff, 0xc4, 0x00, 0x00, 0x00, 0x00, 0x00, 0x00, 0x00,
  0x00, 0xff, 0xff, 0xc4, 0x00, 0x00, 0x00, 0xff, 0xff, 0xc4, 0x00, 0x00, 0x00, 0x00, 0x00, 0x00, 0x00, 0x00, 0xff, 0xff,
  0xc4, 0x00, 0x00, 0x00, 0xff, 0xff, 0xc9, 0x18, 0x18, 0x18, 0x18, 0x18, 0x18, 0x18, 0x18, 0xff, 0xff, 0xc4, 0x00, 0x00,
  0x00, 0xff, 0xff, 0xff, 0xff, 0xff, 0xff, 0xff, 0xff, 0xff, 0xff, 0xff, 0xff, 0xff, 0xc4, 0x00, 0x00, 0x00, 0xff, 0xff,
  0xff, 0xff, 0xff, 0xff, 0xff, 0xff, 0xff, 0xff, 0xff, 0xff, 0xff, 0xc4, 0x00, 0x00, 0x00, 0xff, 0xff, 0xc4, 0x00, 0x00,
  0x00, 0x00, 0x00, 0x00, 0x00, 0x00, 0xff, 0xff, 0xc4, 0x00, 0x00, 0x00, 0xff, 0xff, 0xc4, 0x00, 0x00, 0x00, 0x00, 0x00,
  0x00, 0x00, 0x00, 0xff, 0xff, 0xc4, 0x00, 0x00, 0x00, 0xff, 0xff, 0xc4, 0x00, 0x00, 0x00, 0x00, 0x00, 0x00, 0x00, 0x00,
  0xff, 0xff, 0xc4, 0x00, 0x00, 0x00, 0xff, 0xff, 0xc4, 0x00, 0x00, 0x00, 0x00, 0x00, 0x00, 0x00, 0x00, 0xff, 0xff, 0xc4,
  0x00, 0x00, 0x00, 0xff, 0xff, 0xc4, 0x00, 0x00, 0x00, 0x00, 0x00, 0x00, 0x00, 0x00, 0xff, 0xff, 0xc4, 0x00, 0x00, 0x00,
  0xfc, 0xff, 0xbf, 0x00, 0x00, 0x00, 0x00, 0x00, 0x00, 0x00, 0x00, 0xfb, 0xff, 0xbf, 0x00, 0x00, 0x00, 0xa1, 0xf5, 0x6a,
  0x00, 0x00, 0x00, 0x00, 0x00, 0x00, 0x00, 0x00, 0xa1, 0xf5, 0x6a, 0x00, 0x00, 0x00, 0xa1, 0xf5, 0x6a, 0x00, 0x00, 0x00,
  0xfc, 0xff, 0xbf, 0x00, 0x00, 0x00, 0xff, 0xff, 0xc4, 0x00, 0x00, 0x00, 0xff, 0xff, 0xc4, 0x00, 0x00, 0x00, 0xff, 0xff,
  0xc4, 0x00, 0x00, 0x00, 0xff, 0xff, 0xc4, 0x00, 0x00, 0x00, 0xff, 0xff, 0xc4, 0x00, 0x00, 0x00, 0xff, 0xff, 0xc4, 0x00,
  0x00, 0x00, 0xff, 0xff, 0xc4, 0x00, 0x00, 0x00, 0xff, 0xff, 0xc4, 0x00, 0x00, 0x00, 0xff, 0xff, 0xc4, 0x00, 0x00, 0x00,
  0xff, 0xff, 0xc4, 0x00, 0x00, 0x00, 0xff, 0xff, 0xc4, 0x00, 0x00, 0x00, 0xff, 0xff, 0xc4, 0x00, 0x00, 0x00, 0xfc, 0xff,
  0xc0, 0x00, 0x00, 0x00, 0xa1, 0xf5, 0x6c, 0x00, 0x00, 0x00, 0x00, 0x00, 0xa1, 0xf5, 0x6a, 0x00, 0x00, 0x00, 0x00, 0x00,
  0xfc, 0xff, 0xc0, 0x00, 0x00, 0x00, 0x00, 0x00, 0xff, 0xff, 0xc4, 0x00, 0x00, 0x00, 0x00, 0x00, 0xff, 0xff, 0xc4, 0x00,
  0x00, 0x00, 0x00, 0x00, 0xff, 0xff, 0xc4, 0x00, 0x00, 0x00, 0x00, 0x00, 0xff, 0xff, 0xc4, 0x00, 0x00, 0x00, 0x00, 0x00,
  0xff, 0xff, 0xc4, 0x00, 0x00, 0x00, 0x00, 0x00, 0xff, 0xff, 0xc4, 0x00, 0x00, 0x00, 0x00, 0x00, 0xff, 0xff, 0xc4, 0x00,
  0x00, 0x00, 0x00, 0x00, 0xff, 0xff, 0xc4, 0x00, 0x00, 0x00, 0x00, 0x00, 0xff, 0xff, 0xc4, 0x00, 0x00, 0x00, 0x00, 0x01,
  0xff, 0xff, 0xc1, 0x00, 0x00, 0x00, 0x00, 0x1e, 0xff, 0xff, 0xab, 0x00, 0x00, 0x12, 0x29, 0xaf, 0xff, 0xff, 0x6b, 0x00,
  0x55, 0xff, 0xff, 0xff, 0xff, 0xd7, 0x09, 0x00, 0x41, 0xf0, 0xfd, 0xe4, 0x96, 0x13, 0x00, 0x00, 0x00, 0x00, 0xa4, 0xf5,
  0x6c, 0x00, 0x00, 0x00, 0x00, 0x00, 0x00, 0x7e, 0xf0, 0xa2, 0x00, 0x00, 0x00, 0xfc, 0xff, 0xc0, 0x00, 0x00, 0x00, 0x00,
  0x00, 0x90, 0xff, 0xff, 0xac, 0x00, 0x00, 0x00, 0xff, 0xff, 0xc4, 0x00, 0x00, 0x00, 0x00, 0x92, 0xff, 0xff, 0xc8, 0x0f,
  0x00, 0x00, 0x00, 0xff, 0xff, 0xc4, 0x00, 0x00, 0x00, 0x94, 0xff, 0xff, 0xc8, 0x0f, 0x00, 0x00, 0x00, 0x00, 0xff, 0xff,
  0xc4, 0x00, 0x01, 0x95, 0xff, 0xff, 0xc8, 0x0f, 0x00, 0x00, 0x00, 0x00, 0x00, 0xff, 0xff, 0xc4, 0x01, 0x97, 0xff, 0xff,
  0xc8, 0x0f, 0x00, 0x00, 0x00, 0x00, 0x00, 0x00, 0xff, 0xff, 0xc5, 0x99, 0xff, 0xff, 0xc8, 0x0f, 0x00, 0x00, 0x00, 0x00,
  0x00, 0x00, 0x00, 0xff, 0xff, 0xfe, 0xff, 0xff, 0xff, 0x0f, 0x00, 0x00, 0x00, 0x00, 0x00, 0x00, 0x00, 0x00, 0xff, 0xff,
  0xee, 0xfc, 0xff, 0xff, 0x5f, 0x00, 0x00, 0x00, 0x00, 0x00, 0x00, 0x00, 0x00, 0xff, 0xff, 0xc4, 0x5b, 0xfd, 0xff, 0xfc,
  0x55, 0x00, 0x00, 0x00, 0x00, 0x00, 0x00, 0x00, 0xff, 0xff, 0xc4, 0x00, 0x5e, 0xfd, 0xff, 0xfa, 0x4a, 0x00, 0x00, 0x00,
  0x00, 0x00, 0x00, 0xff, 0xff, 0xc4, 0x00, 0x00, 0x62, 0xfe, 0xff, 0xf7, 0x41, 0x00, 0x00, 0x00, 0x00, 0x00, 0xff, 0xff,
  0xc4, 0x00, 0x00, 0x00, 0x66, 0xfe, 0xff, 0xf3, 0x39, 0x00, 0x00, 0x00, 0x00, 0xff, 0xff, 0xc4, 0x00, 0x00, 0x00, 0x00,
  0x6a, 0xff, 0xff, 0xef, 0x31, 0x00, 0x00, 0x00, 0xfc, 0xff, 0xc0, 0x00, 0x00, 0x00, 0x00, 0x00, 0x6e, 0xff, 0xff, 0xde,
  0x00, 0x00, 0x00, 0xa1, 0xf5, 0x6c, 0x00, 0x00, 0x00, 0x00, 0x00, 0x00, 0x67, 0xeb, 0xb8, 0x00, 0x00, 0x00, 0xa1, 0xf5,
  0x6a, 0x00, 0x00, 0x00, 0x00, 0x00, 0x00, 0x00, 0x00, 0x00, 0x00, 0xfc, 0xff, 0xc0, 0x00, 0x00, 0x00, 0x00, 0x00, 0x00,
  0x00, 0x00, 0x00, 0x00, 0xff, 0xff, 0xc4, 0x00, 0x00, 0x00, 0x00, 0x00, 0x00, 0x00, 0x00, 0x00, 0x00, 0xff, 0xff, 0xc4,
  0x00, 0x00, 0x00, 0x00, 0x00, 0x00, 0x00, 0x00, 0x00, 0x00, 0xff, 0xff, 0xc4, 0x00, 0x00, 0x00, 0x00, 0x00, 0x00, 0x00,
  0x00, 0x00, 0x00, 0xff, 0xff, 0xc4, 0x00, 0x00, 0x00, 0x00, 0x00, 0x00, 0x00, 0x00, 0x00, 0x00, 0xff, 0xff, 0xc4, 0x00,
  0x00, 0x00, 0x00, 0x00, 0x00, 0x00, 0x00, 0x00, 0x00, 0xff, 0xff, 0xc4, 0x00, 0x00, 0x00, 0x00, 0x00, 0x00, 0x00, 0x00,
  0x00, 0x00, 0xff, 0xff, 0xc4, 0x00, 0x00, 0x00, 0x00, 0x00, 0x00, 0x00, 0x00, 0x00, 0x00, 0xff, 0xff, 0xc4, 0x00, 0x00,
  0x00, 0x00, 0x00, 0x00, 0x00, 0x00, 0x00, 0x00, 0xff, 0xff, 0xc4, 0x00, 0x00, 0x00, 0x00, 0x00, 0x00, 0x00, 0x00, 0x00,
  0x00, 0xff, 0xff, 0xc4, 0x00, 0x00, 0x00, 0x00, 0x00, 0x00, 0x00, 0x00, 0x00, 0x00, 0xff, 0xff, 0xc4, 0x00, 0x00, 0x00,
  0x00, 0x00, 0x00, 0x00, 0x00, 0x00, 0x00, 0xff, 0xff, 0xdc, 0x68, 0x68, 0x68, 0x68, 0x68, 0x68, 0x5a, 0x07, 0x00, 0x00,
  0xfb, 0xff, 0xff, 0xff, 0xff, 0xff, 0xff, 0xff, 0xff, 0xff, 0x6d, 0x00, 0x00, 0x9b, 0xfb, 0xff, 0xff, 0xff, 0xff, 0xff,
  0xff, 0xff, 0xf3, 0x41, 0x00, 0x00, 0xab, 0xf0, 0x73, 0x00, 0x00, 0x00, 0x00, 0x00, 0x00, 0x00, 0x00, 0x00, 0x00, 0x9c,
  0xf7, 0x76, 0x00, 0x00, 0x00, 0xfe, 0xff, 0xf9, 0x20, 0x00, 0x00, 0x00, 0x00, 0x00, 0x00, 0x00, 0x00, 0x41, 0xff, 0xff,
  0xc1, 0x00, 0x00, 0x00, 0xff, 0xff, 0xff, 0xa2, 0x00, 0x00, 0x00, 0x00, 0x00, 0x00, 0x00, 0x01, 0xca, 0xff, 0xff, 0xc4,
  0x00, 0x00, 0x00, 0xff, 0xff, 0xff, 0xfd, 0x2e, 0x00, 0x00, 0x00, 0x00, 0x00, 0x00, 0x56, 0xff, 0xff, 0xff, 0xc4, 0x00,
  0x00, 0x00, 0xff, 0xff, 0xff, 0xff, 0xb6, 0x00, 0x00, 0x00, 0x00, 0x00, 0x04, 0xda, 0xff, 0xff, 0xff, 0xc4, 0x00, 0x00,
  0x00, 0xff, 0xff, 0xfc, 0xff, 0xff, 0x3f, 0x00, 0x00, 0x00, 0x00, 0x6a, 0xff, 0xe6, 0xff, 0xff, 0xc4, 0x00, 0x00, 0x00,
  0xff, 0xff, 0xc4, 0xae, 0xff, 0xc8, 0x00, 0x00, 0x00, 0x0b, 0xe8, 0xff, 0x67, 0xff, 0xff, 0xc4, 0x00, 0x00, 0x00, 0xff,
  0xff, 0xc4, 0x28, 0xfc, 0xff, 0x53, 0x00, 0x00, 0x7e, 0xff, 0xda, 0x04, 0xff, 0xff, 0xc4, 0x00, 0x00, 0x00, 0xff, 0xff,
  0xc4, 0x00, 0x9b, 0xff, 0xd8, 0x04, 0x15, 0xf2, 0xff, 0x55, 0x00, 0xff, 0xff, 0xc4, 0x00, 0x00, 0x00, 0xff, 0xff, 0xc4,
  0x00, 0x1a, 0xf6, 0xff, 0x66, 0x93, 0xff, 0xcc, 0x01, 0x00, 0xff, 0xff, 0xc4, 0x00, 0x00, 0x00, 0xff, 0xff, 0xc4, 0x00,
  0x00, 0x87, 0xff, 0xff, 0xff, 0xff, 0x44, 0x00, 0x00, 0xff, 0xff, 0xc4, 0x00, 0x00, 0x00, 0xff, 0xff, 0xc4, 0x00, 0x00,
  0x10, 0xed, 0xff, 0xff, 0xbc, 0x00, 0x00, 0x00, 0xff, 0xff, 0xc4, 0x00, 0x00, 0x00, 0xff, 0xff, 0xc4, 0x00, 0x00, 0x00,
  0x73, 0xff, 0xfe, 0x34, 0x00, 0x00, 0x00, 0xff, 0xff, 0xc4, 0x00, 0x00, 0x00, 0xff, 0xff, 0xc4, 0x00, 0x00, 0x00, 0x03,
  0x7e, 0x5c, 0x00, 0x00, 0x00, 0x00, 0xff, 0xff, 0xc4, 0x00, 0x00, 0x00, 0xfe, 0xff, 0xc1, 0x00, 0x00, 0x00, 0x00, 0x00,
  0x00, 0x00, 0x00, 0x00, 0x00, 0xfd, 0xff, 0xc1, 0x00, 0x00, 0x00, 0xaa, 0xf6, 0x73, 0x00, 0x00, 0x00, 0x00, 0x00, 0x00,
  0x00, 0x00, 0x00, 0x00, 0xa8, 0xf6, 0x70, 0x00, 0x00, 0x00, 0xab, 0xeb, 0x48, 0x00, 0x00, 0x00, 0x00, 0x00, 0x00, 0x00,
  0x6e, 0xf5, 0xa8, 0x00, 0x00, 0x00, 0x00, 0xfd, 0xff, 0xf0, 0x22, 0x00, 0x00, 0x00, 0x00, 0x00, 0x00, 0xc1, 0xff, 0xfd,
  0x00, 0x00, 0x00, 0x00, 0xff, 0xff, 0xff, 0xcc, 0x06, 0x00, 0x00, 0x00, 0x00, 0x00, 0xc4, 0xff, 0xff, 0x00, 0x00, 0x00,
  0x00, 0xff, 0xff, 0xff, 0xff, 0x93, 0x00, 0x00, 0x00, 0x00, 0x00, 0xc4, 0xff, 0xff, 0x00, 0x00, 0x00, 0x00, 0xff, 0xff,
  0xff, 0xff, 0xff, 0x53, 0x00, 0x00, 0x00, 0x00, 0xc4, 0xff, 0xff, 0x00, 0x00, 0x00, 0x00, 0xff, 0xff, 0xc8, 0xc4, 0xff,
  0xf0, 0x22, 0x00, 0x00, 0x00, 0xc4, 0xff, 0xff, 0x00, 0x00, 0x00, 0x00, 0xff, 0xff, 0xc4, 0x1c, 0xec, 0xff, 0xcc, 0x06,
  0x00, 0x00, 0xc4, 0xff, 0xff, 0x00, 0x00, 0x00, 0x00, 0xff, 0xff, 0xc4, 0x00, 0x4b, 0xfe, 0xff, 0x93, 0x00, 0x00, 0xc4,
  0xff, 0xff, 0x00, 0x00, 0x00, 0x00, 0xff, 0xff, 0xc4, 0x00, 0x00, 0x8a, 0xff, 0xff, 0x53, 0x00, 0xc4, 0xff, 0xff, 0x00,
  0x00, 0x00, 0x00, 0xff, 0xff, 0xc4, 0x00, 0x00, 0x04, 0xc6, 0xff, 0xf0, 0x22, 0xc4, 0xff, 0xff, 0x00, 0x00, 0x00, 0x00,
  0xff, 0xff, 0xc4, 0x00, 0x00, 0x00, 0x1d, 0xed, 0xff, 0xcc, 0xca, 0xff, 0xff, 0x00, 0x00, 0x00, 0x00, 0xff, 0xff, 0xc4,
  0x00, 0x00, 0x00, 0x00, 0x4c, 0xfe, 0xff, 0xff, 0xff, 0xff, 0x00, 0x00, 0x00, 0x00, 0xff, 0xff, 0xc4, 0x00, 0x00, 0x00,
  0x00, 0x00, 0x8c, 0xff, 0xff, 0xff, 0xff, 0x00, 0x00, 0x00, 0x00, 0xff, 0xff, 0xc4, 0x00, 0x00, 0x00, 0x00, 0x00, 0x05,
  0xc7, 0xff, 0xff, 0xff, 0x00, 0x00, 0x00, 0x00, 0xfd, 0xff, 0xc1, 0x00, 0x00, 0x00, 0x00, 0x00, 0x00, 0x1e, 0xee, 0xff,
  0xfe, 0x00, 0x00, 0x00, 0x00, 0xa7, 0xf6, 0x72, 0x00, 0x00, 0x00, 0x00, 0x00, 0x00, 0x00, 0x42, 0xe8, 0xb3, 0x00, 0x00,
  0x00, 0x00, 0x00, 0x00, 0x0e, 0x77, 0xc5, 0xeb, 0xf8, 0xde, 0xb5, 0x53, 0x04, 0x00, 0x00, 0x00, 0x00, 0x00, 0x00, 0x00,
  0x44, 0xeb, 0xff, 0xff, 0xff, 0xff, 0xff, 0xff, 0xff, 0xcb, 0x1d, 0x00, 0x00, 0x00, 0x00, 0x00, 0x3e, 0xfa, 0xff, 0xf3,
  0x83, 0x35, 0x1f, 0x3d, 0x9a, 0xfd, 0xff, 0xe4, 0x12, 0x00, 0x00, 0x00, 0x07, 0xe2, 0xff, 0xf4, 0x35, 0x00, 0x00, 0x00,
  0x00, 0x00, 0x61, 0xff, 0xff, 0xa8, 0x00, 0x00, 0x00, 0x62, 0xff, 0xff, 0x7d, 0x00, 0x00, 0x00, 0x00, 0x00, 0x00, 0x00,
  0xb6, 0xff, 0xfe, 0x1d, 0x00, 0x00, 0xb0, 0xff, 0xff, 0x1d, 0x00, 0x00, 0x00, 0x00, 0x00, 0x00, 0x00, 0x53, 0xff, 0xff,
  0x73, 0x00, 0x00, 0xe2, 0xff, 0xe3, 0x00, 0x00, 0x00, 0x00, 0x00, 0x00, 0x00, 0x00, 0x1e, 0xff, 0xff, 0x9d, 0x00, 0x00,
  0xf7, 0xff, 0xcd, 0x00, 0x00, 0x00, 0x00, 0x00, 0x00, 0x00, 0x00, 0x07, 0xff, 0xff, 0xb7, 0x00, 0x00, 0xf3, 0xff, 0xcb,
  0x00, 0x00, 0x00, 0x00, 0x00, 0x00, 0x00, 0x00, 0x0b, 0xff, 0xff, 0xb9, 0x00, 0x00, 0xda, 0xff, 0xe2, 0x00, 0x00, 0x00,
  0x00, 0x00, 0x00, 0x00, 0x00, 0x22, 0xff, 0xff, 0xa3, 0x00, 0x00, 0xae, 0xff, 0xff, 0x1a, 0x00, 0x00, 0x00, 0x00, 0x00,
  0x00, 0x00, 0x5f, 0xff, 0xff, 0x6e, 0x00, 0x00, 0x58, 0xff, 0xff, 0x7d, 0x00, 0x00, 0x00, 0x00, 0x00, 0x00, 0x00, 0xc0,
  0xff, 0xfd, 0x22, 0x00, 0x00, 0x09, 0xdb, 0xff, 0xf5, 0x32, 0x00, 0x00, 0x00, 0x00, 0x00, 0x6c, 0xff, 0xff, 0xa9, 0x00,
  0x00, 0x00, 0x00, 0x38, 0xf9, 0xff, 0xf3, 0x7e, 0x30, 0x1f, 0x40, 0xa2, 0xff, 0xff, 0xe5, 0x16, 0x00, 0x00, 0x00, 0x00,
  0x00, 0x3b, 0xe8, 0xff, 0xff, 0xff, 0xff, 0xff, 0xff, 0xff, 0xd2, 0x21, 0x00, 0x00, 0x00, 0x00, 0x00, 0x00, 0x00, 0x0f,
  0x6d, 0xc3, 0xe6, 0xf9, 0xe6, 0xb5, 0x5f, 0x03, 0x00, 0x00, 0x00, 0x00, 0x00, 0x00, 0x9e, 0xfc, 0xff, 0xff, 0xff, 0xff,
  0xff, 0xf0, 0xc6, 0x69, 0x03, 0x00, 0x00, 0x00, 0x00, 0xfc, 0xff, 0xff, 0xff, 0xff, 0xff, 0xff, 0xff, 0xff, 0xff, 0xb8,
  0x05, 0x00, 0x00, 0x00, 0xff, 0xff, 0xc9, 0x18, 0x18, 0x18, 0x23, 0x53, 0xd8, 0xff, 0xff, 0x73, 0x00, 0x00, 0x00, 0xff,
  0xff, 0xc4, 0x00, 0x00, 0x00, 0x00, 0x00, 0x24, 0xfb, 0xff, 0xcf, 0x00, 0x00, 0x00, 0xff, 0xff, 0xc4, 0x00, 0x00, 0x00,
  0x00, 0x00, 0x00, 0xd7, 0xff, 0xf6, 0x00, 0x00, 0x00, 0xff, 0xff, 0xc4, 0x00, 0x00, 0x00, 0x00, 0x00, 0x00, 0xd8, 0xff,
  0xf5, 0x00, 0x00, 0x00, 0xff, 0xff, 0xc4, 0x00, 0x00, 0x00, 0x00, 0x00, 0x25, 0xfb, 0xff, 0xcd, 0x00, 0x00, 0x00, 0xff,
  0xff, 0xc9, 0x18, 0x18, 0x18, 0x22, 0x52, 0xd8, 0xff, 0xff, 0x70, 0x00, 0x00, 0x00, 0xff, 0xff, 0xff, 0xff, 0xff, 0xff,
  0xff, 0xff, 0xff, 0xff, 0xb5, 0x04, 0x00, 0x00, 0x00, 0xff, 0xff, 0xff, 0xff, 0xff, 0xff, 0xff, 0xf1, 0xc5, 0x68, 0x03,
  0x00, 0x00, 0x00, 0x00, 0xff, 0xff, 0xc4, 0x00, 0x00, 0x00, 0x00, 0x00, 0x00, 0x00, 0x00, 0x00, 0x00, 0x00, 0x00, 0xff,
  0xff, 0xc4, 0x00, 0x00, 0x00, 0x00, 0x00, 0x00, 0x00, 0x00, 0x00, 0x00, 0x00, 0x00, 0xff, 0xff, 0xc4, 0x00, 0x00, 0x00,
  0x00, 0x00, 0x00, 0x00, 0x00, 0x00, 0x00, 0x00, 0x00, 0xff, 0xff, 0xc4, 0x00, 0x00, 0x00, 0x00, 0x00, 0x00, 0x00, 0x00,
  0x00, 0x00, 0x00, 0x00, 0xfb, 0xff, 0xc0, 0x00, 0x00, 0x00, 0x00, 0x00, 0x00, 0x00, 0x00, 0x00, 0x00, 0x00, 0x00, 0x9e,
  0xf5, 0x6c, 0x00, 0x00, 0x00, 0x00, 0x00, 0x00, 0x00, 0x00, 0x00, 0x00, 0x00, 0x00, 0x00, 0x00, 0x0e, 0x77, 0xc5, 0xeb,
  0xf8, 0xde, 0xb5, 0x53, 0x04, 0x00, 0x00, 0x00, 0x00, 0x00, 0x00, 0x00, 0x44, 0xeb, 0xff, 0xff, 0xff, 0xff, 0xff, 0xff,
  0xff, 0xcb, 0x1d, 0x00, 0x00, 0x00, 0x00, 0x00, 0x3e, 0xfa, 0xff, 0xf3, 0x83, 0x35, 0x1f, 0x3d, 0x9a, 0xfd, 0xff, 0xe4,
  0x12, 0x00, 0x00, 0x00, 0x07, 0xe2, 0xff, 0xf4, 0x35, 0x00, 0x00, 0x00, 0x00, 0x00, 0x61, 0xff, 0xff, 0xa8, 0x00, 0x00,
  0x00, 0x62, 0xff, 0xff, 0x7d, 0x00, 0x00, 0x00, 0x00, 0x00, 0x00, 0x00, 0xb6, 0xff, 0xfe, 0x1d, 0x00, 0x00, 0xb0, 0xff,
  0xff, 0x1d, 0x00, 0x00, 0x00, 0x00, 0x00, 0x00, 0x00, 0x53, 0xff, 0xff, 0x73, 0x00, 0x00, 0xe2, 0xff, 0xe3, 0x00, 0x00,
  0x00, 0x00, 0x00, 0x00, 0x00, 0x00, 0x1e, 0xff, 0xff, 0x9d, 0x00, 0x00, 0xf7, 0xff, 0xcd, 0x00, 0x00, 0x00, 0x00, 0x00,
  0x00, 0x00, 0x00, 0x07, 0xff, 0xff, 0xb7, 0x00, 0x00, 0xf3, 0xff, 0xcb, 0x00, 0x00, 0x00, 0x00, 0x00, 0x00, 0x00, 0x00,
  0x0b, 0xff, 0xff, 0xb9, 0x00, 0x00, 0xda, 0xff, 0xe2, 0x00, 0x00, 0x00, 0x00, 0x00, 0x00, 0x00, 0x00, 0x22, 0xff, 0xff,
  0xa3, 0x00, 0x00, 0xae, 0xff, 0xff, 0x1a, 0x00, 0x00, 0x00, 0x00, 0x00, 0x00, 0x00, 0x5f, 0xff, 0xff, 0x6e, 0x00, 0x00,
  0x58, 0xff, 0xff, 0x7d, 0x00, 0x00, 0x00, 0x00, 0x00, 0x00, 0x00, 0xc0, 0xff, 0xfd, 0x22, 0x00, 0x00, 0x09, 0xdb, 0xff,
  0xf5, 0x32, 0x00, 0x00, 0x00, 0x00, 0x00, 0x6c, 0xff, 0xff, 0xa9, 0x00, 0x00, 0x00, 0x00, 0x38, 0xf9, 0xff, 0xf3, 0x7e,
  0x30, 0x1f, 0x40, 0xa2, 0xff, 0xff, 0xe5, 0x16, 0x00, 0x00, 0x00, 0x00, 0x00, 0x3b, 0xe8, 0xff, 0xff, 0xff, 0xff, 0xff,
  0xff, 0xff, 0xd2, 0x21, 0x00, 0x00, 0x00, 0x00, 0x00, 0x00, 0x00, 0x0f, 0x6d, 0xc3, 0xe6, 0xff, 0xff, 0xff, 0xff, 0x3f,
  0x00, 0x00, 0x00, 0x00, 0x00, 0x00, 0x00, 0x00, 0x00, 0x00, 0x00, 0x00, 0x05, 0x3e, 0xe4, 0xff, 0xfb, 0x3d, 0x00, 0x00,
  0x00, 0x00, 0x00, 0x00, 0x00, 0x00, 0x00, 0x00, 0x00, 0x00, 0x00, 0x32, 0xfc, 0xff, 0xdd, 0x09, 0x00, 0x00, 0x00, 0x00,
  0x00, 0x00, 0x00, 0x00, 0x00, 0x00, 0x00, 0x00, 0x00, 0x90, 0xff, 0xff, 0x79, 0x00, 0x00, 0x00, 0x00, 0x00, 0x00, 0x00,
  0x00, 0x00, 0x00, 0x00, 0x00, 0x00, 0x0d, 0xda, 0xff, 0x69, 0x00, 0x00, 0x00, 0x00, 0x00, 0x00, 0x00, 0x00, 0x00, 0x00,
  0x00, 0x00, 0x00, 0x00, 0x09, 0x1c, 0x00, 0x00, 0x00, 0x00, 0x00, 0x9e, 0xfc, 0xff, 0xff, 0xff, 0xff, 0xff, 0xf0, 0xc6,
  0x69, 0x03, 0x00, 0x00, 0x00, 0x00, 0xfc, 0xff, 0xff, 0xff, 0xff, 0xff, 0xff, 0xff, 0xff, 0xff, 0xb8, 0x05, 0x00, 0x00,
  0x00, 0xff, 0xff, 0xc9, 0x18, 0x18, 0x18, 0x24, 0x55, 0xda, 0xff, 0xff, 0x73, 0x00, 0x00, 0x00, 0xff, 0xff, 0xc4, 0x00,
  0x00, 0x00, 0x00, 0x00, 0x26, 0xfb, 0xff, 0xcf, 0x00, 0x00, 0x00, 0xff, 0xff, 0xc4, 0x00, 0x00, 0x00, 0x00, 0x00, 0x00,
  0xd8, 0xff, 0xf5, 0x00, 0x00, 0x00, 0xff, 0xff, 0xc4, 0x00, 0x00, 0x00, 0x00, 0x00, 0x00, 0xd8, 0xff, 0xf2, 0x00, 0x00,
  0x00, 0xff, 0xff, 0xc4, 0x00, 0x00, 0x00, 0x00, 0x00, 0x24, 0xfb, 0xff, 0xcd, 0x00, 0x00, 0x00, 0xff, 0xff, 0xc9, 0x18,
  0x18, 0x18, 0x23, 0x53, 0xd8, 0xff, 0xff, 0x6f, 0x00, 0x00, 0x00, 0xff, 0xff, 0xff, 0xff, 0xff, 0xff, 0xff, 0xff, 0xff,
  0xff, 0xb3, 0x03, 0x00, 0x00, 0x00, 0xff, 0xff, 0xff, 0xff, 0xff, 0xff, 0xff, 0xff, 0xff, 0xa3, 0x01, 0x00, 0x00, 0x00,
  0x00, 0xff, 0xff, 0xc4, 0x00, 0x00, 0x13, 0x7d, 0xff, 0xff, 0xf4, 0x1f, 0x00, 0x00, 0x00, 0x00, 0xff, 0xff, 0xc4, 0x00,
  0x00, 0x00, 0x00, 0xae, 0xff, 0xff, 0xa5, 0x00, 0x00, 0x00, 0x00, 0xff, 0xff, 0xc4, 0x00, 0x00, 0x00, 0x00, 0x21, 0xf8,
  0xff, 0xfe, 0x2d, 0x00, 0x00, 0x00, 0xff, 0xff, 0xc4, 0x00, 0x00, 0x00, 0x00, 0x00, 0x87, 0xff, 0xff, 0xb2, 0x00, 0x00,
  0x00, 0xfb, 0xff, 0xc1, 0x00, 0x00, 0x00, 0x00, 0x00, 0x0c, 0xe6, 0xff, 0xff, 0x21, 0x00, 0x00, 0x9e, 0xf5, 0x70, 0x00,
  0x00, 0x00, 0x00, 0x00, 0x00, 0x46, 0xe0, 0xe0, 0x14, 0x00, 0x00, 0x00, 0x2d, 0x97, 0xd8, 0xf6, 0xf8, 0xe2, 0xb1, 0x63,
  0x08, 0x00, 0x00, 0x00, 0x73, 0xfc, 0xff, 0xff, 0xff, 0xff, 0xff, 0xff, 0xff, 0xdf, 0x0f, 0x00, 0x4e, 0xff, 0xff, 0xd5,
  0x55, 0x22, 0x26, 0x44, 0x94, 0xef, 0xf5, 0x16, 0x00, 0xc4, 0xff, 0xf2, 0x14, 0x00, 0x00, 0x00, 0x00, 0x00, 0x09, 0x13,
  0x00, 0x00, 0xf5, 0xff, 0xce, 0x00, 0x00, 0x00, 0x00, 0x00, 0x00, 0x00, 0x00, 0x00, 0x00, 0xf3, 0xff, 0xf8, 0x2d, 0x00,
  0x00, 0x00, 0x00, 0x00, 0x00, 0x00, 0x00, 0x00, 0xb8, 0xff, 0xff, 0xf8, 0xaa, 0x68, 0x2f, 0x02, 0x00, 0x00, 0x00, 0x00,
  0x00, 0x33, 0xf5, 0xff, 0xff, 0xff, 0xff, 0xff, 0xf1, 0xab, 0x43, 0x00, 0x00, 0x00, 0x00, 0x2e, 0xba, 0xfe, 0xff, 0xff,
  0xff, 0xff, 0xff, 0xff, 0x9c, 0x01, 0x00, 0x00, 0x00, 0x00, 0x17, 0x55, 0x8e, 0xc8, 0xfc, 0xff, 0xff, 0xff, 0x61, 0x00,
  0x00, 0x00, 0x00, 0x00, 0x00, 0x00, 0x00, 0x15, 0xa7, 0xff, 0xff, 0xb0, 0x00, 0x00, 0x00, 0x00, 0x00, 0x00, 0x00, 0x00,
  0x00, 0x11, 0xff, 0xff, 0xbb, 0x00, 0x48, 0x25, 0x00, 0x00, 0x00, 0x00, 0x00, 0x00, 0x37, 0xff, 0xff, 0x91, 0x2f, 0xff,
  0xfc, 0xac, 0x5b, 0x2d, 0x1c, 0x2c, 0x62, 0xe2, 0xff, 0xfa, 0x2a, 0x11, 0xd5, 0xff, 0xff, 0xff, 0xff, 0xff, 0xff, 0xff,
  0xff, 0xf6, 0x57, 0x00, 0x00, 0x02, 0x51, 0x9f, 0xd2, 0xed, 0xfb, 0xf4, 0xd1, 0x8d, 0x20, 0x00, 0x00, 0xbf, 0xff, 0xff,
  0xff, 0xff, 0xff, 0xff, 0xff, 0xff, 0xff, 0xff, 0xff, 0xff, 0xbf, 0xd6, 0xff, 0xff, 0xff, 0xff, 0xff, 0xff, 0xff, 0xff,
  0xff, 0xff, 0xff, 0xff, 0xcd, 0x04, 0x17, 0x18, 0x18, 0x18, 0xc9, 0xff, 0xff, 0x18, 0x18, 0x18, 0x18, 0x16, 0x02, 0x00,
  0x00, 0x00, 0x00, 0x00, 0xc4, 0xff, 0xff, 0x00, 0x00, 0x00, 0x00, 0x00, 0x00, 0x00, 0x00, 0x00, 0x00, 0x00, 0xc4, 0xff,
  0xff, 0x00, 0x00, 0x00, 0x00, 0x00, 0x00, 0x00, 0x00, 0x00, 0x00, 0x00, 0xc4, 0xff, 0xff, 0x00, 0x00, 0x00, 0x00, 0x00,
  0x00, 0x00, 0x00, 0x00, 0x00, 0x00, 0xc4, 0xff, 0xff, 0x00, 0x00, 0x00, 0x00, 0x00, 0x00, 0x00, 0x00, 0x00, 0x00, 0x00,
  0xc4, 0xff, 0xff, 0x00, 0x00, 0x00, 0x00, 0x00, 0x00, 0x00, 0x00, 0x00, 0x00, 0x00, 0xc4, 0xff, 0xff, 0x00, 0x00, 0x00,
  0x00, 0x00, 0x00, 0x00, 0x00, 0x00, 0x00, 0x00, 0xc4, 0xff, 0xff, 0x00, 0x00, 0x00, 0x00, 0x00, 0x00, 0x00, 0x00, 0x00,
  0x00, 0x00, 0xc4, 0xff, 0xff, 0x00, 0x00, 0x00, 0x00, 0x00, 0x00, 0x00, 0x00, 0x00, 0x00, 0x00, 0xc4, 0xff, 0xff, 0x00,
  0x00, 0x00, 0x00, 0x00, 0x00, 0x00, 0x00, 0x00, 0x00, 0x00, 0xc4, 0xff, 0xff, 0x00, 0x00, 0x00, 0x00, 0x00, 0x00, 0x00,
  0x00, 0x00, 0x00, 0x00, 0xc4, 0xff, 0xff, 0x00, 0x00, 0x00, 0x00, 0x00, 0x00, 0x00, 0x00, 0x00, 0x00, 0x00, 0xbf, 0xff,
  0xfb, 0x00, 0x00, 0x00, 0x00, 0x00, 0x00, 0x00, 0x00, 0x00, 0x00, 0x00, 0x69, 0xf5, 0xa1, 0x00, 0x00, 0x00, 0x00, 0x00,
  0x00, 0x00, 0x00, 0xa5, 0xf5, 0x6c, 0x00, 0x00, 0x00, 0x00, 0x00, 0x00, 0x00, 0x6e, 0xf5, 0xa4, 0x00, 0x00, 0x00, 0x00,
  0xfc, 0xff, 0xc0, 0x00, 0x00, 0x00, 0x00, 0x00, 0x00, 0x00, 0xc0, 0xff, 0xfc, 0x00, 0x00, 0x00, 0x00, 0xff, 0xff, 0xc4,
  0x00, 0x00, 0x00, 0x00, 0x00, 0x00, 0x00, 0xc4, 0xff, 0xff, 0x00, 0x00, 0x00, 0x00, 0xff, 0xff, 0xc4, 0x00, 0x00, 0x00,
  0x00, 0x00, 0x00, 0x00, 0xc4, 0xff, 0xff, 0x00, 0x00, 0x00, 0x00, 0xff, 0xff, 0xc4, 0x00, 0x00, 0x00, 0x00, 0x00, 0x00,
  0x00, 0xc4, 0xff, 0xff, 0x00, 0x00, 0x00, 0x00, 0xff, 0xff, 0xc4, 0x00, 0x00, 0x00, 0x00, 0x00, 0x00, 0x00, 0xc4, 0xff,
  0xff, 0x00, 0x00, 0x00, 0x00, 0xff, 0xff, 0xc4, 0x00, 0x00, 0x00, 0x00, 0x00, 0x00, 0x00, 0xc4, 0xff, 0xff, 0x00, 0x00,
  0x00, 0x00, 0xff, 0xff, 0xc4, 0x00, 0x00, 0x00, 0x00, 0x00, 0x00, 0x00, 0xc4, 0xff, 0xff, 0x00, 0x00, 0x00, 0x00, 0xff,
  0xff, 0xc4, 0x00, 0x00, 0x00, 0x00, 0x00, 0x00, 0x00, 0xc4, 0xff, 0xff, 0x00, 0x00, 0x00, 0x00, 0xfc, 0xff, 0xc5, 0x00,
  0x00, 0x00, 0x00, 0x00, 0x00, 0x00, 0xc5, 0xff, 0xfb, 0x00, 0x00, 0x00, 0x00, 0xec, 0xff, 0xd4, 0x00, 0x00, 0x00, 0x00,
  0x00, 0x00, 0x00, 0xd5, 0xff, 0xe5, 0x00, 0x00, 0x00, 0x00, 0xc3, 0xff, 0xfa, 0x0e, 0x00, 0x00, 0x00, 0x00, 0x00, 0x0e,
  0xfa, 0xff, 0xc2, 0x00, 0x00, 0x00, 0x00, 0x76, 0xff, 0xff, 0x81, 0x00, 0x00, 0x00, 0x00, 0x00, 0x82, 0xff, 0xff, 0x72,
  0x00, 0x00, 0x00, 0x00, 0x0f, 0xe4, 0xff, 0xff, 0x94, 0x35, 0x1c, 0x35, 0x93, 0xff, 0xff, 0xe2, 0x10, 0x00, 0x00, 0x00,
  0x00, 0x00, 0x33, 0xe6, 0xff, 0xff, 0xff, 0xff, 0xff, 0xff, 0xff, 0xe4, 0x35, 0x00, 0x00, 0x00, 0x00, 0x00, 0x00, 0x00,
  0x12, 0x7d, 0xc8, 0xee, 0xfb, 0xe9, 0xc8, 0x78, 0x13, 0x00, 0x00, 0x00, 0x00, 0x53, 0xed, 0xba, 0x03, 0x00, 0x00, 0x00,
  0x00, 0x00, 0x00, 0x00, 0x00, 0x16, 0xd5, 0xdf, 0x1e, 0x96, 0xff, 0xff, 0x56, 0x00, 0x00, 0x00, 0x00, 0x00, 0x00, 0x00,
  0x00, 0x8c, 0xff, 0xff, 0x47, 0x3b, 0xff, 0xff, 0xc3, 0x00, 0x00, 0x00, 0x00, 0x00, 0x00, 0x00, 0x0a, 0xee, 0xff, 0xe5,
  0x05, 0x00, 0xca, 0xff, 0xff, 0x30, 0x00, 0x00, 0x00, 0x00, 0x00, 0x00, 0x66, 0xff, 0xff, 0x79, 0x00, 0x00, 0x59, 0xff,
  0xff, 0x9e, 0x00, 0x00, 0x00, 0x00, 0x00, 0x00, 0xd2, 0xff, 0xf5, 0x12, 0x00, 0x00, 0x04, 0xe3, 0xff, 0xf7, 0x13, 0x00,
  0x00, 0x00, 0x00, 0x40, 0xff, 0xff, 0x96, 0x00, 0x00, 0x00, 0x00, 0x76, 0xff, 0xff, 0x78, 0x00, 0x00, 0x00, 0x00, 0xac,
  0xff, 0xfe, 0x27, 0x00, 0x00, 0x00, 0x00, 0x10, 0xf4, 0xff, 0xe2, 0x03, 0x00, 0x00, 0x1d, 0xfc, 0xff, 0xb4, 0x00, 0x00,
  0x00, 0x00, 0x00, 0x00, 0x94, 0xff, 0xff, 0x53, 0x00, 0x00, 0x86, 0xff, 0xff, 0x43, 0x00, 0x00, 0x00, 0x00, 0x00, 0x00,
  0x25, 0xfd, 0xff, 0xc0, 0x00, 0x07, 0xeb, 0xff, 0xd1, 0x00, 0x00, 0x00, 0x00, 0x00, 0x00, 0x00, 0x00, 0xb1, 0xff, 0xff,
  0x2e, 0x60, 0xff, 0xff, 0x60, 0x00, 0x00, 0x00, 0x00, 0x00, 0x00, 0x00, 0x00, 0x40, 0xff, 0xff, 0x9b, 0xcc, 0xff, 0xe8,
  0x07, 0x00, 0x00, 0x00, 0x00, 0x00, 0x00, 0x00, 0x00, 0x00, 0xce, 0xff, 0xff, 0xff, 0xff, 0x7e, 0x00, 0x00, 0x00, 0x00,
  0x00, 0x00, 0x00, 0x00, 0x00, 0x00, 0x5e, 0xff, 0xff, 0xff, 0xf7, 0x15, 0x00, 0x00, 0x00, 0x00, 0x00, 0x00, 0x00, 0x00,
  0x00, 0x00, 0x06, 0xe6, 0xff, 0xff, 0x9b, 0x00, 0x00, 0x00, 0x00, 0x00, 0x00, 0x00, 0x00, 0x00, 0x00, 0x00, 0x00, 0x55,
  0xf0, 0xda, 0x1e, 0x00, 0x00, 0x00, 0x00, 0x00, 0x00, 0x02, 0xc1, 0xf2, 0x55, 0x00, 0x00, 0x00, 0x00, 0x00, 0x00, 0x00,
  0xa1, 0xf3, 0x50, 0x00, 0x00, 0x00, 0x00, 0x00, 0x00, 0x00, 0x9d, 0xf3, 0x57, 0x06, 0xfa, 0xff, 0xd4, 0x00, 0x00, 0x00,
  0x00, 0x00, 0x00, 0x2d, 0xff, 0xff, 0xcd, 0x00, 0x00, 0x00, 0x00, 0x00, 0x00, 0x26, 0xff, 0xff, 0x88, 0x00, 0xb3, 0xff,
  0xff, 0x2a, 0x00, 0x00, 0x00, 0x00, 0x00, 0x87, 0xff, 0xff, 0xff, 0x24, 0x00, 0x00, 0x00, 0x00, 0x00, 0x7d, 0xff, 0xff,
  0x3a, 0x00, 0x5a, 0xff, 0xff, 0x7f, 0x00, 0x00, 0x00, 0x00, 0x01, 0xdf, 0xff, 0xff, 0xff, 0x7a, 0x00, 0x00, 0x00, 0x00,
  0x00, 0xd4, 0xff, 0xde, 0x00, 0x00, 0x0b, 0xf4, 0xff, 0xd5, 0x00, 0x00, 0x00, 0x00, 0x3a, 0xff, 0xff, 0xff, 0xff, 0xd1,
  0x00, 0x00, 0x00, 0x00, 0x2b, 0xff, 0xff, 0x85, 0x00, 0x00, 0x00, 0xa6, 0xff, 0xff, 0x2a, 0x00, 0x00, 0x00, 0x94, 0xff,
  0xe7, 0x67, 0xff, 0xff, 0x28, 0x00, 0x00, 0x00, 0x82, 0xff, 0xff, 0x2b, 0x00, 0x00, 0x00, 0x4d, 0xff, 0xff, 0x7f, 0x00,
  0x00, 0x03, 0xe9, 0xff, 0x90, 0x11, 0xf9, 0xff, 0x7e, 0x00, 0x00, 0x00, 0xd9, 0xff, 0xd0, 0x00, 0x00, 0x00, 0x00, 0x05,
  0xed, 0xff, 0xd5, 0x00, 0x00, 0x47, 0xff, 0xff, 0x36, 0x00, 0xb2, 0xff, 0xd5, 0x00, 0x00, 0x30, 0xff, 0xff, 0x76, 0x00,
  0x00, 0x00, 0x00, 0x00, 0x99, 0xff, 0xff, 0x2a, 0x00, 0xa0, 0xff, 0xdc, 0x00, 0x00, 0x59, 0xff, 0xff, 0x2c, 0x00, 0x87,
  0xff, 0xfe, 0x1d, 0x00, 0x00, 0x00, 0x00, 0x00, 0x40, 0xff, 0xff, 0x7f, 0x08, 0xf1, 0xff, 0x83, 0x00, 0x00, 0x0b, 0xf5,
  0xff, 0x82, 0x00, 0xdd, 0xff, 0xc1, 0x00, 0x00, 0x00, 0x00, 0x00, 0x00, 0x01, 0xe3, 0xff, 0xd5, 0x53, 0xff, 0xff, 0x29,
  0x00, 0x00, 0x00, 0xa7, 0xff, 0xd9, 0x35, 0xff, 0xff, 0x67, 0x00, 0x00, 0x00, 0x00, 0x00, 0x00, 0x00, 0x8c, 0xff, 0xff,
  0xd7, 0xff, 0xcf, 0x00, 0x00, 0x00, 0x00, 0x4e, 0xff, 0xff, 0xbc, 0xff, 0xfa, 0x12, 0x00, 0x00, 0x00, 0x00, 0x00, 0x00,
  0x00, 0x32, 0xff, 0xff, 0xff, 0xff, 0x75, 0x00, 0x00, 0x00, 0x00, 0x06, 0xee, 0xff, 0xff, 0xff, 0xb2, 0x00, 0x00, 0x00,
  0x00, 0x00, 0x00, 0x00, 0x00, 0x00, 0xd8, 0xff, 0xff, 0xfe, 0x1d, 0x00, 0x00, 0x00, 0x00, 0x00, 0x9c, 0xff, 0xff, 0xff,
  0x57, 0x00, 0x00, 0x00, 0x00, 0x00, 0x00, 0x00, 0x00, 0x00, 0x7e, 0xff, 0xff, 0xc0, 0x00, 0x00, 0x00, 0x00, 0x00, 0x00,
  0x41, 0xff, 0xff, 0xf2, 0x0a, 0x00, 0x00, 0x00, 0x00, 0x00, 0x00, 0x00, 0x00, 0x00, 0x16, 0xd5, 0xee, 0x41, 0x00, 0x00,
  0x00, 0x00, 0x00, 0x00, 0x01, 0xb3, 0xf6, 0x70, 0x00, 0x00, 0x00, 0x00, 0x00, 0x03, 0xc6, 0xe8, 0x4d, 0x00, 0x00, 0x00,
  0x00, 0x00, 0x00, 0x0a, 0xb6, 0xf2, 0x59, 0x00, 0x0c, 0xf6, 0xff, 0xf2, 0x24, 0x00, 0x00, 0x00, 0x00, 0x00, 0x9f, 0xff,
  0xff, 0x83, 0x00, 0x00, 0x6e, 0xff, 0xff, 0xce, 0x07, 0x00, 0x00, 0x00, 0x5b, 0xff, 0xff, 0xdd, 0x0f, 0x00, 0x00, 0x00,
  0xaf, 0xff, 0xff, 0x93, 0x00, 0x00, 0x25, 0xf2, 0xff, 0xfa, 0x35, 0x00, 0x00, 0x00, 0x00, 0x11, 0xe0, 0xff, 0xff, 0x51,
  0x06, 0xcd, 0xff, 0xff, 0x71, 0x00, 0x00, 0x00, 0x00, 0x00, 0x00, 0x38, 0xfb, 0xff, 0xef, 0xb1, 0xff, 0xff, 0xb2, 0x00,
  0x00, 0x00, 0x00, 0x00, 0x00, 0x00, 0x00, 0x76, 0xff, 0xff, 0xff, 0xff, 0xe2, 0x12, 0x00, 0x00, 0x00, 0x00, 0x00, 0x00,
  0x00, 0x00, 0x01, 0xeb, 0xff, 0xff, 0xff, 0x3c, 0x00, 0x00, 0x00, 0x00, 0x00, 0x00, 0x00, 0x00, 0x00, 0x0f, 0xf3, 0xff,
  0xff, 0xff, 0x6c, 0x00, 0x00, 0x00, 0x00, 0x00, 0x00, 0x00, 0x00, 0x00, 0xac, 0xff, 0xff, 0xff, 0xff, 0xf8, 0x30, 0x00,
  0x00, 0x00, 0x00, 0x00, 0x00, 0x00, 0x6b, 0xff, 0xff, 0xd4, 0x6c, 0xff, 0xff, 0xda, 0x0c, 0x00, 0x00, 0x00, 0x00, 0x00,
  0x31, 0xf8, 0xff, 0xf5, 0x2a, 0x00, 0xa3, 0xff, 0xff, 0xa4, 0x00, 0x00, 0x00, 0x00, 0x0d, 0xda, 0xff, 0xff, 0x62, 0x00,
  0x00, 0x0c, 0xd8, 0xff, 0xff, 0x61, 0x00, 0x00, 0x00, 0xa6, 0xff, 0xff, 0xa4, 0x00, 0x00, 0x00, 0x00, 0x2e, 0xf7, 0xff,
  0xf5, 0x29, 0x00, 0x3e, 0xff, 0xff, 0xd9, 0x0c, 0x00, 0x00, 0x00, 0x00, 0x00, 0x66, 0xff, 0xff, 0xb6, 0x00, 0x20, 0xe2,
  0xd6, 0x2a, 0x00, 0x00, 0x00, 0x00, 0x00, 0x00, 0x00, 0x8a, 0xf2, 0x83, 0x00, 0x00, 0xa8, 0xed, 0x67, 0x00, 0x00, 0x00,
  0x00, 0x00, 0x00, 0x00, 0x6a, 0xed, 0xba, 0x00, 0x00, 0xe4, 0xff, 0xfd, 0x3d, 0x00, 0x00, 0x00, 0x00, 0x00, 0x3c, 0xfc,
  0xff, 0xde, 0x00, 0x00, 0x55, 0xff, 0xff, 0xdf, 0x0d, 0x00, 0x00, 0x00, 0x10, 0xe1, 0xff, 0xfe, 0x46, 0x00, 0x00, 0x00,
  0xa1, 0xff, 0xff, 0x9e, 0x00, 0x00, 0x00, 0xab, 0xff, 0xff, 0x8a, 0x00, 0x00, 0x00, 0x00, 0x0e, 0xdf, 0xff, 0xff, 0x50,
  0x00, 0x65, 0xff, 0xff, 0xcb, 0x05, 0x00, 0x00, 0x00, 0x00, 0x00, 0x3b, 0xfc, 0xff, 0xea, 0x3f, 0xf5, 0xff, 0xf2, 0x23,
  0x00, 0x00, 0x00, 0x00, 0x00, 0x00, 0x00, 0x84, 0xff, 0xff, 0xff, 0xff, 0xff, 0x5c, 0x00, 0x00, 0x00, 0x00, 0x00, 0x00,
  0x00, 0x00, 0x04, 0xca, 0xff, 0xff, 0xff, 0xa2, 0x00, 0x00, 0x00, 0x00, 0x00, 0x00, 0x00, 0x00, 0x00, 0x00, 0x26, 0xff,
  0xff, 0xff, 0x0c, 0x00, 0x00, 0x00, 0x00, 0x00, 0x00, 0x00, 0x00, 0x00, 0x00, 0x00, 0xff, 0xff, 0xcf, 0x00, 0x00, 0x00,
  0x00, 0x00, 0x00, 0x00, 0x00, 0x00, 0x00, 0x00, 0x00, 0xff, 0xff, 0xc4, 0x00, 0x00, 0x00, 0x00, 0x00, 0x00, 0x00, 0x00,
  0x00, 0x00, 0x00, 0x00, 0xff, 0xff, 0xc4, 0x00, 0x00, 0x00, 0x00, 0x00, 0x00, 0x00, 0x00, 0x00, 0x00, 0x00, 0x00, 0xff,
  0xff, 0xc4, 0x00, 0x00, 0x00, 0x00, 0x00, 0x00, 0x00, 0x00, 0x00, 0x00, 0x00, 0x00, 0xff, 0xff, 0xc4, 0x00, 0x00, 0x00,
  0x00, 0x00, 0x00, 0x00, 0x00, 0x00, 0x00, 0x00, 0x00, 0xfc, 0xff, 0xbf, 0x00, 0x00, 0x00, 0x00, 0x00, 0x00, 0x00, 0x00,
  0x00, 0x00, 0x00, 0x00, 0xa3, 0xf5, 0x6d, 0x00, 0x00, 0x00, 0x00, 0x00, 0x00, 0x00, 0xc1, 0xff, 0xff, 0xff, 0xff, 0xff,
  0xff, 0xff, 0xff, 0xff, 0xf0, 0x61, 0x00, 0x00, 0xd5, 0xff, 0xff, 0xff, 0xff, 0xff, 0xff, 0xff, 0xff, 0xff, 0xff, 0xa9,
  0x00, 0x00, 0x03, 0x17, 0x18, 0x18, 0x18, 0x18, 0x18, 0x29, 0xf9, 0xff, 0xff, 0x59, 0x00, 0x00, 0x00, 0x00, 0x00, 0x00,
  0x00, 0x00, 0x00, 0xaa, 0xff, 0xff, 0xb0, 0x00, 0x00, 0x00, 0x00, 0x00, 0x00, 0x00, 0x00, 0x00, 0x5f, 0xff, 0xff, 0xe7,
  0x14, 0x00, 0x00, 0x00, 0x00, 0x00, 0x00, 0x00, 0x00, 0x21, 0xf2, 0xff, 0xfe, 0x48, 0x00, 0x00, 0x00, 0x00, 0x00, 0x00,
  0x00, 0x00, 0x03, 0xc5, 0xff, 0xff, 0x91, 0x00, 0x00, 0x00, 0x00, 0x00, 0x00, 0x00, 0x00, 0x00, 0x7d, 0xff, 0xff, 0xd4,
  0x08, 0x00, 0x00, 0x00, 0x00, 0x00, 0x00, 0x00, 0x00, 0x36, 0xfb, 0xff, 0xf8, 0x2e, 0x00, 0x00, 0x00, 0x00, 0x00, 0x00,
  0x00, 0x00, 0x0b, 0xdb, 0xff, 0xff, 0x72, 0x00, 0x00, 0x00, 0x00, 0x00, 0x00, 0x00, 0x00, 0x00, 0x9c, 0xff, 0xff, 0xbc,
  0x01, 0x00, 0x00, 0x00, 0x00, 0x00, 0x00, 0x00, 0x00, 0x50, 0xff, 0xff, 0xed, 0x1b, 0x00, 0x00, 0x00, 0x00, 0x00, 0x00,
  0x00, 0x00, 0x19, 0xeb, 0xff, 0xff, 0x53, 0x00, 0x00, 0x00, 0x00, 0x00, 0x00, 0x00, 0x00, 0x00, 0xa7, 0xff, 0xff, 0xb6,
  0x18, 0x18, 0x18, 0x18, 0x18, 0x18, 0x17, 0x03, 0x00, 0x03, 0xfd, 0xff, 0xff, 0xff, 0xff, 0xff, 0xff, 0xff, 0xff, 0xff,
  0xff, 0xd5, 0x00, 0x00, 0xad, 0xfc, 0xff, 0xff, 0xff, 0xff, 0xff, 0xff, 0xff, 0xff, 0xff, 0xc1, 0x00, 0x00, 0x00, 0xb1,
  0xff, 0xff, 0xff, 0xf2, 0x33, 0x00, 0x00, 0xff, 0xff, 0xff, 0xff, 0xfc, 0x3d, 0x00, 0x00, 0xff, 0xff, 0xc9, 0x18, 0x0e,
  0x00, 0x00, 0x00, 0xff, 0xff, 0xc4, 0x00, 0x00, 0x00, 0x00, 0x00, 0xff, 0xff, 0xc4, 0x00, 0x00, 0x00, 0x00, 0x00, 0xff,
  0xff, 0xc4, 0x00, 0x00, 0x00, 0x00, 0x00, 0xff, 0xff, 0xc4, 0x00, 0x00, 0x00, 0x00, 0x00, 0xff, 0xff, 0xc4, 0x00, 0x00,
  0x00, 0x00, 0x00, 0xff, 0xff, 0xc4, 0x00, 0x00, 0x00, 0x00, 0x00, 0xff, 0xff, 0xc4, 0x00, 0x00, 0x00, 0x00, 0x00, 0xff,
  0xff, 0xc4, 0x00, 0x00, 0x00, 0x00, 0x00, 0xff, 0xff, 0xc4, 0x00, 0x00, 0x00, 0x00, 0x00, 0xff, 0xff, 0xc4, 0x00, 0x00,
  0x00, 0x00, 0x00, 0xff, 0xff, 0xc4, 0x00, 0x00, 0x00, 0x00, 0x00, 0xff, 0xff, 0xc4, 0x00, 0x00, 0x00, 0x00, 0x00, 0xff,
  0xff, 0xc4, 0x00, 0x00, 0x00, 0x00, 0x00, 0xff, 0xff, 0xc4, 0x00, 0x00, 0x00, 0x00, 0x00, 0xff, 0xff, 0xc9, 0x18, 0x0e,
  0x00, 0x00, 0x00, 0xff, 0xff, 0xff, 0xff, 0xfc, 0x3d, 0x00, 0x00, 0xb1, 0xff, 0xff, 0xff, 0xf3, 0x34, 0x11, 0xd9, 0xa8,
  0x00, 0x00, 0x00, 0x00, 0x00, 0x00, 0x17, 0xfe, 0xff, 0x28, 0x00, 0x00, 0x00, 0x00, 0x00, 0x00, 0xc8, 0xff, 0x7b, 0x00,
  0x00, 0x00, 0x00, 0x00, 0x00, 0x75, 0xff, 0xcd, 0x00, 0x00, 0x00, 0x00, 0x00, 0x00, 0x23, 0xff, 0xff, 0x20, 0x00, 0x00,
  0x00, 0x00, 0x00, 0x00, 0xd0, 0xff, 0x72, 0x00, 0x00, 0x00, 0x00, 0x00, 0x00, 0x7e, 0xff, 0xc5, 0x00, 0x00, 0x00, 0x00,
  0x00, 0x00, 0x2c, 0xff, 0xfe, 0x19, 0x00, 0x00, 0x00, 0x00, 0x00, 0x00, 0xd9, 0xff, 0x6a, 0x00, 0x00, 0x00, 0x00, 0x00,
  0x00, 0x87, 0xff, 0xbc, 0x00, 0x00, 0x00, 0x00, 0x00, 0x00, 0x34, 0xff, 0xfb, 0x13, 0x00, 0x00, 0x00, 0x00, 0x00, 0x00,
  0xe1, 0xff, 0x61, 0x00, 0x00, 0x00, 0x00, 0x00, 0x00, 0x90, 0xff, 0xb4, 0x00, 0x00, 0x00, 0x00, 0x00, 0x00, 0x3d, 0xff,
  0xf8, 0x0e, 0x00, 0x00, 0x00, 0x00, 0x00, 0x02, 0xe8, 0xff, 0x59, 0x00, 0x00, 0x00, 0x00, 0x00, 0x00, 0x99, 0xff, 0xac,
  0x00, 0x00, 0x00, 0x00, 0x00, 0x00, 0x46, 0xff, 0xf4, 0x06, 0x00, 0x00, 0x00, 0x00, 0x00, 0x04, 0xc6, 0xcb, 0x04, 0x62,
  0xfb, 0xff, 0xff, 0xfc, 0x7b, 0x00, 0x00, 0x72, 0xff, 0xff, 0xff, 0xff, 0xc3, 0x00, 0x00, 0x00, 0x13, 0x18, 0xff, 0xff,
  0xc4, 0x00, 0x00, 0x00, 0x00, 0x00, 0xff, 0xff, 0xc4, 0x00, 0x00, 0x00, 0x00, 0x00, 0xff, 0xff, 0xc4, 0x00, 0x00, 0x00,
  0x00, 0x00, 0xff, 0xff, 0xc4, 0x00, 0x00, 0x00, 0x00, 0x00, 0xff, 0xff, 0xc4, 0x00, 0x00, 0x00, 0x00, 0x00, 0xff, 0xff,
  0xc4, 0x00, 0x00, 0x00, 0x00, 0x00, 0xff, 0xff, 0xc4, 0x00, 0x00, 0x00, 0x00, 0x00, 0xff, 0xff, 0xc4, 0x00, 0x00, 0x00,
  0x00, 0x00, 0xff, 0xff, 0xc4, 0x00, 0x00, 0x00, 0x00, 0x00, 0xff, 0xff, 0xc4, 0x00, 0x00, 0x00, 0x00, 0x00, 0xff, 0xff,
  0xc4, 0x00, 0x00, 0x00, 0x00, 0x00, 0xff, 0xff, 0xc4, 0x00, 0x00, 0x00, 0x00, 0x00, 0xff, 0xff, 0xc4, 0x00, 0x00, 0x00,
  0x00, 0x00, 0xff, 0xff, 0xc4, 0x00, 0x00, 0x00, 0x00, 0x00, 0xff, 0xff, 0xc4, 0x00, 0x00, 0x00, 0x13, 0x18, 0xff, 0xff,
  0xc4, 0x00, 0x00, 0x72, 0xff, 0xff, 0xff, 0xff, 0xc3, 0x00, 0x00, 0x64, 0xfb, 0xff, 0xff, 0xfc, 0x7b, 0x00, 0x00, 0x00,
  0x00, 0x00, 0x00, 0x00, 0x70, 0xed, 0x93, 0x00, 0x00, 0x00, 0x00, 0x00, 0x00, 0x00, 0x00, 0x00, 0x0d, 0xf3, 0xff, 0xff,
  0x32, 0x00, 0x00, 0x00, 0x00, 0x00, 0x00, 0x00, 0x00, 0x6d, 0xff, 0xff, 0xff, 0xa0, 0x00, 0x00, 0x00, 0x00, 0x00, 0x00,
  0x00, 0x01, 0xd9, 0xff, 0x46, 0xf3, 0xf8, 0x15, 0x00, 0x00, 0x00, 0x00, 0x00, 0x00, 0x49, 0xff, 0xcb, 0x00, 0x96, 0xff,
  0x7c, 0x00, 0x00, 0x00, 0x00, 0x00, 0x00, 0xb6, 0xff, 0x5f, 0x00, 0x2a, 0xff, 0xe4, 0x04, 0x00, 0x00, 0x00, 0x00, 0x25,
  0xfe, 0xea, 0x07, 0x00, 0x00, 0xbe, 0xff, 0x57, 0x00, 0x00, 0x00, 0x00, 0x92, 0xff, 0x85, 0x00, 0x00, 0x00, 0x51, 0xff,
  0xc5, 0x00, 0x00, 0x00, 0x0d, 0xf2, 0xfc, 0x1d, 0x00, 0x00, 0x00, 0x03, 0xe1, 0xff, 0x33, 0x00, 0x00, 0x6a, 0xff, 0xac,
  0x00, 0x00, 0x00, 0x00, 0x00, 0x79, 0xff, 0x9e, 0x00, 0x00, 0x74, 0xed, 0x34, 0x00, 0x00, 0x00, 0x00, 0x00, 0x12, 0xde,
  0xaa, 0x00, 0x00, 0x00, 0x00, 0x00, 0x00, 0x00, 0x00, 0x00, 0x00, 0x00, 0x00, 0x00, 0x00, 0x00, 0x00, 0x00, 0x00, 0x00,
  0x00, 0x00, 0x00, 0x00, 0x00, 0x00, 0x00, 0x00, 0x00, 0x00, 0x00, 0x00, 0x00, 0x00, 0x00, 0x00, 0x00, 0x00, 0x00, 0x00,
  0x00, 0x00, 0x08, 0x18, 0x18, 0x18, 0x18, 0x18, 0x18, 0x18, 0x18, 0x08, 0x00, 0x00, 0xd5, 0xff, 0xff, 0xff, 0xff, 0xff,
  0xff, 0xff, 0xff, 0xd5, 0x00, 0x00, 0xc8, 0xff, 0xff, 0xff, 0xff, 0xff, 0xff, 0xff, 0xff, 0xc8, 0x00, 0x00, 0x00, 0x00,
  0x02, 0x00, 0x00, 0x00, 0x00, 0x00, 0x00, 0x86, 0xfc, 0x47, 0x00, 0x00, 0x00, 0x00, 0x00, 0x9d, 0xff, 0xcd, 0x00, 0x00,
  0x00, 0x00, 0x00, 0x12, 0xe5, 0xff, 0x4f, 0x00, 0x00, 0x00, 0x00, 0x00, 0x47, 0xfe, 0xcf, 0x00, 0x00, 0x00, 0x00, 0x00,
  0x00, 0x8d, 0xe0, 0x08, 0x00, 0x00, 0x00, 0x00, 0x00, 0x00, 0x00, 0x00, 0x00, 0x00, 0x00, 0x00, 0x00, 0x00, 0x00, 0x00,
  0x00, 0x00, 0x00, 0x00, 0x00, 0x00, 0x00, 0x00, 0x00, 0x00, 0x00, 0x00, 0x00, 0x00, 0x00, 0x00, 0x00, 0x00, 0x00, 0x00,
  0x00, 0x00, 0x00, 0x00, 0x00, 0x00, 0x00, 0x00, 0x00, 0x00, 0x00, 0x00, 0x00, 0x00, 0x00, 0x00, 0x00, 0x00, 0x00, 0x00,
  0x00, 0x00, 0x00, 0x00, 0x00, 0x00, 0x00, 0x00, 0x00, 0x00, 0x00, 0x00, 0x00, 0x00, 0x00, 0x00, 0x00, 0x00, 0x00, 0x00,
  0x00, 0x00, 0x00, 0x00, 0x00, 0x00, 0x00, 0x00, 0x00, 0x00, 0x00, 0x00, 0x00, 0x00, 0x00, 0x00, 0x00, 0x00, 0x00, 0x00,
  0x00, 0x00, 0x00, 0x33, 0x8a, 0xcf, 0xee, 0xf6, 0xdb, 0x91, 0x14, 0x00, 0x00, 0x00, 0x31, 0xfc, 0xff, 0xff, 0xff, 0xff,
  0xff, 0xff, 0xde, 0x0f, 0x00, 0x00, 0x21, 0xd6, 0xa0, 0x4c, 0x25, 0x2a, 0xa2, 0xff, 0xff, 0x73, 0x00, 0x00, 0x00, 0x00,
  0x00, 0x00, 0x00, 0x00, 0x14, 0xff, 0xff, 0xad, 0x00, 0x00, 0x00, 0x40, 0x9f, 0xcf, 0xed, 0xf8, 0xff, 0xff, 0xff, 0xc1,
  0x00, 0x00, 0x68, 0xff, 0xff, 0xff, 0xff, 0xff, 0xff, 0xff, 0xff, 0xc4, 0x00, 0x00, 0xdf, 0xff, 0xf9, 0x6d, 0x31, 0x1e,
  0x1d, 0xff, 0xff, 0xc4, 0x00, 0x00, 0xf7, 0xff, 0xd0, 0x00, 0x00, 0x00, 0x42, 0xff, 0xff, 0xc4, 0x00, 0x00, 0xcc, 0xff,
  0xfd, 0x66, 0x20, 0x4a, 0xe6, 0xff, 0xff, 0xc4, 0x00, 0x00, 0x48, 0xfd, 0xff, 0xff, 0xff, 0xff, 0xbc, 0xfc, 0xff, 0xc1,
  0x00, 0x00, 0x00, 0x42, 0xc0, 0xf4, 0xf1, 0xa8, 0x16, 0xa4, 0xf6, 0x6f, 0x00, 0x00, 0xa7, 0xf4, 0x68, 0x00, 0x00, 0x00,
  0x00, 0x00, 0x00, 0x00, 0x00, 0x00, 0x00, 0xfd, 0xff, 0xc0, 0x00, 0x00, 0x00, 0x00, 0x00, 0x00, 0x00, 0x00, 0x00, 0x00,
  0xff, 0xff, 0xc4, 0x00, 0x00, 0x00, 0x00, 0x00, 0x00, 0x00, 0x00, 0x00, 0x00, 0xff, 0xff, 0xc4, 0x00, 0x00, 0x00, 0x00,
  0x00, 0x00, 0x00, 0x00, 0x00, 0x00, 0xff, 0xff, 0xc4, 0x00, 0x00, 0x00, 0x00, 0x00, 0x00, 0x00, 0x00, 0x00, 0x00, 0xff,
  0xff, 0xc4, 0x19, 0x9b, 0xe6, 0xf5, 0xd1, 0x6c, 0x01, 0x00, 0x00, 0x00, 0xff, 0xff, 0xd3, 0xe0, 0xff, 0xff, 0xff, 0xff,
  0xff, 0xa5, 0x00, 0x00, 0x00, 0xff, 0xff, 0xff, 0xdc, 0x4a, 0x22, 0x54, 0xe4, 0xff, 0xff, 0x55, 0x00, 0x00, 0xff, 0xff,
  0xff, 0x2f, 0x00, 0x00, 0x00, 0x3a, 0xff, 0xff, 0xb7, 0x00, 0x00, 0xff, 0xff, 0xdd, 0x00, 0x00, 0x00, 0x00, 0x00, 0xe4,
  0xff, 0xe8, 0x00, 0x00, 0xff, 0xff, 0xca, 0x00, 0x00, 0x00, 0x00, 0x00, 0xcb, 0xff, 0xf9, 0x00, 0x00, 0xff, 0xff, 0xe3,
  0x00, 0x00, 0x00, 0x00, 0x00, 0xdf, 0xff, 0xe7, 0x00, 0x00, 0xff, 0xff, 0xff, 0x37, 0x00, 0x00, 0x00, 0x33, 0xff, 0xff,
  0xb6, 0x00, 0x00, 0xff, 0xff, 0xff, 0xe2, 0x51, 0x21, 0x4d, 0xe0, 0xff, 0xff, 0x55, 0x00, 0x00, 0xfc, 0xff, 0xd1, 0xe1,
  0xff, 0xff, 0xff, 0xff, 0xff, 0xa8, 0x00, 0x00, 0x00, 0xa4, 0xf5, 0x6d, 0x1b, 0x9e, 0xe7, 0xf6, 0xd3, 0x70, 0x02, 0x00,
  0x00, 0x00, 0x00, 0x00, 0x42, 0xae, 0xe8, 0xf9, 0xde, 0xaa, 0x3a, 0x00, 0x00, 0x00, 0x82, 0xff, 0xff, 0xff, 0xff, 0xff,
  0xff, 0xfb, 0x1d, 0x00, 0x49, 0xff, 0xff, 0xe9, 0x61, 0x26, 0x39, 0x94, 0xb4, 0x07, 0x00, 0xb5, 0xff, 0xff, 0x3d, 0x00,
  0x00, 0x00, 0x00, 0x00, 0x00, 0x00, 0xeb, 0xff, 0xe4, 0x00, 0x00, 0x00, 0x00, 0x00, 0x00, 0x00, 0x00, 0xfa, 0xff, 0xcc,
  0x00, 0x00, 0x00, 0x00, 0x00, 0x00, 0x00, 0x00, 0xe4, 0xff, 0xe8, 0x00, 0x00, 0x00, 0x00, 0x00, 0x00, 0x00, 0x00, 0xa8,
  0xff, 0xff, 0x49, 0x00, 0x00, 0x00, 0x00, 0x00, 0x00, 0x00, 0x3b, 0xfd, 0xff, 0xee, 0x63, 0x26, 0x34, 0x8c, 0xa3, 0x01,
  0x00, 0x00, 0x73, 0xfd, 0xff, 0xff, 0xff, 0xff, 0xff, 0xf7, 0x0c, 0x00, 0x00, 0x00, 0x3e, 0xac, 0xe5, 0xf9, 0xe1, 0xa1,
  0x32, 0x00, 0x00, 0x00, 0x00, 0x00, 0x00, 0x00, 0x00, 0x00, 0x00, 0x6d, 0xf5, 0xa5, 0x00, 0x00, 0x00, 0x00, 0x00, 0x00,
  0x00, 0x00, 0x00, 0x00, 0xc0, 0xff, 0xfd, 0x00, 0x00, 0x00, 0x00, 0x00, 0x00, 0x00, 0x00, 0x00, 0x00, 0xc4, 0xff, 0xff,
  0x00, 0x00, 0x00, 0x00, 0x00, 0x00, 0x00, 0x00, 0x00, 0x00, 0xc4, 0xff, 0xff, 0x00, 0x00, 0x00, 0x00, 0x00, 0x00, 0x00,
  0x00, 0x00, 0x00, 0xc4, 0xff, 0xff, 0x00, 0x00, 0x00, 0x01, 0x6a, 0xcf, 0xf5, 0xe6, 0x9e, 0x1b, 0xc4, 0xff, 0xff, 0x00,
  0x00, 0x00, 0xa3, 0xff, 0xff, 0xff, 0xff, 0xff, 0xe2, 0xd5, 0xff, 0xff, 0x00, 0x00, 0x55, 0xff, 0xff, 0xde, 0x4b, 0x22,
  0x53, 0xe3, 0xff, 0xff, 0xff, 0x00, 0x00, 0xb7, 0xff, 0xff, 0x33, 0x00, 0x00, 0x00, 0x3a, 0xff, 0xff, 0xff, 0x00, 0x00,
  0xe9, 0xff, 0xde, 0x00, 0x00, 0x00, 0x00, 0x00, 0xe4, 0xff, 0xff, 0x00, 0x00, 0xfa, 0xff, 0xca, 0x00, 0x00, 0x00, 0x00,
  0x00, 0xcb, 0xff, 0xff, 0x00, 0x00, 0xe8, 0xff, 0xe4, 0x00, 0x00, 0x00, 0x00, 0x00, 0xdf, 0xff, 0xff, 0x00, 0x00, 0xb6,
  0xff, 0xff, 0x3a, 0x00, 0x00, 0x00, 0x33, 0xff, 0xff, 0xff, 0x00, 0x00, 0x55, 0xff, 0xff, 0xe3, 0x54, 0x22, 0x4b, 0xdf,
  0xff, 0xff, 0xff, 0x00, 0x00, 0x00, 0xa8, 0xff, 0xff, 0xff, 0xff, 0xff, 0xde, 0xcf, 0xff, 0xfc, 0x00, 0x00, 0x00, 0x02,
  0x6f, 0xd2, 0xf6, 0xe7, 0x9d, 0x1a, 0x6d, 0xf5, 0xa4, 0x00, 0x00, 0x00, 0x00, 0x2a, 0x9a, 0xdf, 0xf8, 0xeb, 0xb1, 0x3d,
  0x00, 0x00, 0x00, 0x00, 0x00, 0x58, 0xf7, 0xff, 0xff, 0xff, 0xff, 0xff, 0xfe, 0x67, 0x00, 0x00, 0x00, 0x2d, 0xf8, 0xff,
  0xe0, 0x4e, 0x1f, 0x40, 0xcf, 0xff, 0xfa, 0x22, 0x00, 0x00, 0xa1, 0xff, 0xff, 0x2f, 0x00, 0x00, 0x00, 0x2b, 0xff, 0xff,
  0x81, 0x00, 0x00, 0xe2, 0xff, 0xff, 0xff, 0xff, 0xff, 0xff, 0xff, 0xff, 0xff, 0xb3, 0x00, 0x00, 0xf8, 0xff, 0xff, 0xff,
  0xff, 0xff, 0xff, 0xff, 0xff, 0xff, 0xa8, 0x00, 0x00, 0xe2, 0xff, 0xf6, 0x18, 0x18, 0x18, 0x18, 0x18, 0x18, 0x15, 0x00,
  0x00, 0x00, 0xa3, 0xff, 0xff, 0x43, 0x00, 0x00, 0x00, 0x00, 0x00, 0x00, 0x00, 0x00, 0x00, 0x2f, 0xf8, 0xff, 0xec, 0x6b,
  0x2d, 0x23, 0x4b, 0xa4, 0xe3, 0x30, 0x00, 0x00, 0x00, 0x55, 0xf4, 0xff, 0xff, 0xff, 0xff, 0xff, 0xff, 0xf6, 0x2c, 0x00,
  0x00, 0x00, 0x00, 0x22, 0x8e, 0xd6, 0xf2, 0xf1, 0xd1, 0x88, 0x21, 0x00, 0x00, 0x00, 0x00, 0x00, 0x00, 0x00, 0x00, 0x00,
  0x00, 0x00, 0x00, 0x00, 0x00, 0x00, 0x00, 0x07, 0x77, 0xc0, 0xf3, 0xd6, 0x03, 0x00, 0x00, 0x00, 0x13, 0xd3, 0xff, 0xff,
  0xff, 0xd7, 0x04, 0x00, 0x00, 0x00, 0x91, 0xff, 0xff, 0x82, 0x12, 0x00, 0x00, 0x00, 0x00, 0x00, 0xdc, 0xff, 0xe6, 0x01,
  0x00, 0x00, 0x00, 0x00, 0x00, 0x00, 0xf9, 0xff, 0xc7, 0x00, 0x00, 0x00, 0x00, 0x00, 0xca, 0xff, 0xff, 0xff, 0xff, 0xff,
  0xfa, 0x50, 0x00, 0x00, 0xda, 0xff, 0xff, 0xff, 0xff, 0xff, 0xff, 0x5a, 0x00, 0x00, 0x06, 0x17, 0xff, 0xff, 0xc9, 0x18,
  0x12, 0x00, 0x00, 0x00, 0x00, 0x00, 0xff, 0xff, 0xc4, 0x00, 0x00, 0x00, 0x00, 0x00, 0x00, 0x00, 0xff, 0xff, 0xc4, 0x00,
  0x00, 0x00, 0x00, 0x00, 0x00, 0x00, 0xff, 0xff, 0xc4, 0x00, 0x00, 0x00, 0x00, 0x00, 0x00, 0x00, 0xff, 0xff, 0xc4, 0x00,
  0x00, 0x00, 0x00, 0x00, 0x00, 0x00, 0xff, 0xff, 0xc4, 0x00, 0x00, 0x00, 0x00, 0x00, 0x00, 0x00, 0xff, 0xff, 0xc4, 0x00,
  0x00, 0x00, 0x00, 0x00, 0x00, 0x00, 0xfc, 0xff, 0xc0, 0x00, 0x00, 0x00, 0x00, 0x00, 0x00, 0x00, 0xa4, 0xf6, 0x71, 0x00,
  0x00, 0x00, 0x00, 0x00, 0x00, 0x02, 0x6b, 0xd0, 0xf7, 0xe6, 0x9c, 0x19, 0x6a, 0xf5, 0xa5, 0x00, 0x00, 0x00, 0xa7, 0xff,
  0xff, 0xff, 0xff, 0xff, 0xde, 0xce, 0xff, 0xfd, 0x00, 0x00, 0x55, 0xff, 0xff, 0xe3, 0x4f, 0x23, 0x57, 0xe9, 0xff, 0xff,
  0xff, 0x00, 0x00, 0xb9, 0xff, 0xff, 0x38, 0x00, 0x00, 0x00, 0x43, 0xff, 0xff, 0xff, 0x00, 0x00, 0xec, 0xff, 0xe0, 0x00,
  0x00, 0x00, 0x00, 0x00, 0xe6, 0xff, 0xff, 0x00, 0x00, 0xfa, 0xff, 0xca, 0x00, 0x00, 0x00, 0x00, 0x00, 0xcb, 0xff, 0xff,
  0x00, 0x00, 0xe8, 0xff, 0xe6, 0x00, 0x00, 0x00, 0x00, 0x00, 0xe2, 0xff, 0xff, 0x00, 0x00, 0xb5, 0xff, 0xff, 0x41, 0x00,
  0x00, 0x00, 0x3b, 0xff, 0xff, 0xff, 0x00, 0x00, 0x53, 0xff, 0xff, 0xe8, 0x56, 0x22, 0x4e, 0xe3, 0xff, 0xff, 0xff, 0x00,
  0x00, 0x00, 0xa3, 0xff, 0xff, 0xff, 0xff, 0xff, 0xd8, 0xcd, 0xff, 0xff, 0x00, 0x00, 0x00, 0x01, 0x6b, 0xd1, 0xf5, 0xe5,
  0x98, 0x15, 0xcd, 0xff, 0xf2, 0x00, 0x00, 0x00, 0x00, 0x00, 0x00, 0x00, 0x00, 0x00, 0x14, 0xf5, 0xff, 0xc9, 0x00, 0x00,
  0x36, 0xe7, 0xa2, 0x50, 0x25, 0x20, 0x48, 0xc9, 0xff, 0xff, 0x6e, 0x00, 0x00, 0x4f, 0xff, 0xff, 0xff, 0xff, 0xff, 0xff,
  0xff, 0xff, 0xb5, 0x04, 0x00, 0x00, 0x00, 0x31, 0x8b, 0xce, 0xe8, 0xfb, 0xef, 0xc1, 0x64, 0x02, 0x00, 0x00, 0x00, 0xa7,
  0xf5, 0x6b, 0x00, 0x00, 0x00, 0x00, 0x00, 0x00, 0x00, 0x00, 0x00, 0xfd, 0xff, 0xc1, 0x00, 0x00, 0x00, 0x00, 0x00, 0x00,
  0x00, 0x00, 0x00, 0xff, 0xff, 0xc4, 0x00, 0x00, 0x00, 0x00, 0x00, 0x00, 0x00, 0x00, 0x00, 0xff, 0xff, 0xc4, 0x00, 0x00,
  0x00, 0x00, 0x00, 0x00, 0x00, 0x00, 0x00, 0xff, 0xff, 0xc4, 0x00, 0x00, 0x00, 0x00, 0x00, 0x00, 0x00, 0x00, 0x00, 0xff,
  0xff, 0xc4, 0x2d, 0xac, 0xeb, 0xf7, 0xd2, 0x5e, 0x00, 0x00, 0x00, 0xff, 0xff, 0xf0, 0xf6, 0xff, 0xff, 0xff, 0xff, 0xff,
  0x55, 0x00, 0x00, 0xff, 0xff, 0xff, 0xce, 0x43, 0x24, 0x81, 0xff, 0xff, 0xc0, 0x00, 0x00, 0xff, 0xff, 0xf8, 0x1c, 0x00,
  0x00, 0x01, 0xe4, 0xff, 0xee, 0x00, 0x00, 0xff, 0xff, 0xd1, 0x00, 0x00, 0x00, 0x00, 0xc6, 0xff, 0xfe, 0x00, 0x00, 0xff,
  0xff, 0xc4, 0x00, 0x00, 0x00, 0x00, 0xc4, 0xff, 0xff, 0x00, 0x00, 0xff, 0xff, 0xc4, 0x00, 0x00, 0x00, 0x00, 0xc4, 0xff,
  0xff, 0x00, 0x00, 0xff, 0xff, 0xc4, 0x00, 0x00, 0x00, 0x00, 0xc4, 0xff, 0xff, 0x00, 0x00, 0xff, 0xff, 0xc4, 0x00, 0x00,
  0x00, 0x00, 0xc4, 0xff, 0xff, 0x00, 0x00, 0xfc, 0xff, 0xc1, 0x00, 0x00, 0x00, 0x00, 0xc1, 0xff, 0xfd, 0x00, 0x00, 0xa7,
  0xf6, 0x70, 0x00, 0x00, 0x00, 0x00, 0x6d, 0xf5, 0xa7, 0x00, 0x00, 0x9a, 0xf6, 0x9b, 0x00, 0x00, 0xf5, 0xff, 0xf5, 0x00,
  0x00, 0x85, 0xe2, 0x86, 0x00, 0x00, 0x00, 0x00, 0x00, 0x00, 0x00, 0x00, 0x00, 0x00, 0x00, 0x00, 0x6a, 0xf4, 0x9c, 0x00,
  0x00, 0xc0, 0xff, 0xfb, 0x00, 0x00, 0xc4, 0xff, 0xff, 0x00, 0x00, 0xc4, 0xff, 0xff, 0x00, 0x00, 0xc4, 0xff, 0xff, 0x00,
  0x00, 0xc4, 0xff, 0xff, 0x00, 0x00, 0xc4, 0xff, 0xff, 0x00, 0x00, 0xc4, 0xff, 0xff, 0x00, 0x00, 0xc4, 0xff, 0xff, 0x00,
  0x00, 0xbf, 0xff, 0xfb, 0x00, 0x00, 0x6a, 0xf5, 0x9e, 0x00, 0x00, 0x00, 0x00, 0x9a, 0xf6, 0x9a, 0x00, 0x00, 0x00, 0x00,
  0xf5, 0xff, 0xf5, 0x00, 0x00, 0x00, 0x00, 0x85, 0xe2, 0x85, 0x00, 0x00, 0x00, 0x00, 0x00, 0x00, 0x00, 0x00, 0x00, 0x00,
  0x00, 0x00, 0x00, 0x00, 0x00, 0x00, 0x00, 0x00, 0x6d, 0xf5, 0xa5, 0x00, 0x00, 0x00, 0x00, 0xc1, 0xff, 0xfd, 0x00, 0x00,
  0x00, 0x00, 0xc4, 0xff, 0xff, 0x00, 0x00, 0x00, 0x00, 0xc4, 0xff, 0xff, 0x00, 0x00, 0x00, 0x00, 0xc4, 0xff, 0xff, 0x00,
  0x00, 0x00, 0x00, 0xc4, 0xff, 0xff, 0x00, 0x00, 0x00, 0x00, 0xc4, 0xff, 0xff, 0x00, 0x00, 0x00, 0x00, 0xc4, 0xff, 0xff,
  0x00, 0x00, 0x00, 0x00, 0xc4, 0xff, 0xff, 0x00, 0x00, 0x00, 0x00, 0xc4, 0xff, 0xff, 0x00, 0x00, 0x00, 0x00, 0xc4, 0xff,
  0xff, 0x00, 0x00, 0x00, 0x00, 0xd5, 0xff, 0xee, 0x00, 0x00, 0x0a, 0x66, 0xff, 0xff, 0xba, 0x00, 0x45, 0xf8, 0xff, 0xff,
  0xfa, 0x3b, 0x00, 0x35, 0xe6, 0xe0, 0xa6, 0x32, 0x00, 0x00, 0x00, 0x00, 0x00, 0x00, 0x00, 0x00, 0x00, 0x00, 0xa7, 0xf5,
  0x6a, 0x00, 0x00, 0x00, 0x00, 0x00, 0x00, 0x00, 0x00, 0xfd, 0xff, 0xc0, 0x00, 0x00, 0x00, 0x00, 0x00, 0x00, 0x00, 0x00,
  0xff, 0xff, 0xc4, 0x00, 0x00, 0x00, 0x00, 0x00, 0x00, 0x00, 0x00, 0xff, 0xff, 0xc4, 0x00, 0x00, 0x00, 0x00, 0x00, 0x00,
  0x00, 0x00, 0xff, 0xff, 0xc4, 0x00, 0x00, 0x00, 0x00, 0x00, 0x00, 0x00, 0x00, 0xff, 0xff, 0xc4, 0x00, 0x00, 0x00, 0x38,
  0xd6, 0xe2, 0x15, 0x00, 0xff, 0xff, 0xc4, 0x00, 0x00, 0x38, 0xf3, 0xff, 0xf0, 0x15, 0x00, 0xff, 0xff, 0xc4, 0x00, 0x2f,
  0xee, 0xff, 0xf5, 0x3d, 0x00, 0x00, 0xff, 0xff, 0xc4, 0x27, 0xe9, 0xff, 0xf8, 0x45, 0x00, 0x00, 0x00, 0xff, 0xff, 0xdb,
  0xe2, 0xff, 0xff, 0x4e, 0x00, 0x00, 0x00, 0x00, 0xff, 0xff, 0xff, 0xff, 0xff, 0xff, 0x06, 0x00, 0x00, 0x00, 0x00, 0xff,
  0xff, 0xd0, 0xc7, 0xff, 0xff, 0xab, 0x03, 0x00, 0x00, 0x00, 0xff, 0xff, 0xc4, 0x10, 0xce, 0xff, 0xff, 0x9d, 0x01, 0x00,
  0x00, 0xff, 0xff, 0xc4, 0x00, 0x14, 0xd4, 0xff, 0xff, 0x8e, 0x00, 0x00, 0xfc, 0xff, 0xc1, 0x00, 0x00, 0x18, 0xda, 0xff,
  0xff, 0x5f, 0x00, 0xa7, 0xf6, 0x70, 0x00, 0x00, 0x00, 0x1a, 0xc0, 0xf3, 0x54, 0x00, 0xa8, 0xf5, 0x6b, 0x00, 0x00, 0x00,
  0x00, 0xfd, 0xff, 0xc0, 0x00, 0x00, 0x00, 0x00, 0xff, 0xff, 0xc4, 0x00, 0x00, 0x00, 0x00, 0xff, 0xff, 0xc4, 0x00, 0x00,
  0x00, 0x00, 0xff, 0xff, 0xc4, 0x00, 0x00, 0x00, 0x00, 0xff, 0xff, 0xc4, 0x00, 0x00, 0x00, 0x00, 0xff, 0xff, 0xc4, 0x00,
  0x00, 0x00, 0x00, 0xff, 0xff, 0xc4, 0x00, 0x00, 0x00, 0x00, 0xff, 0xff, 0xc4, 0x00, 0x00, 0x00, 0x00, 0xff, 0xff, 0xc4,
  0x00, 0x00, 0x00, 0x00, 0xff, 0xff, 0xc4, 0x00, 0x00, 0x00, 0x00, 0xff, 0xff, 0xc4, 0x00, 0x00, 0x00, 0x00, 0xec, 0xff,
  0xdf, 0x00, 0x00, 0x00, 0x00, 0xc5, 0xff, 0xff, 0x8f, 0x47, 0x17, 0x00, 0x54, 0xff, 0xff, 0xff, 0xff, 0x78, 0x00, 0x00,
  0x6c, 0xdb, 0xfc, 0xed, 0x3c, 0x00, 0xa7, 0xf5, 0x70, 0x1d, 0xa4, 0xea, 0xf3, 0xc1, 0x37, 0x00, 0x34, 0xb4, 0xed, 0xf3,
  0xc1, 0x3a, 0x00, 0x00, 0x00, 0xfd, 0xff, 0xd3, 0xe4, 0xff, 0xff, 0xff, 0xff, 0xf3, 0x5a, 0xf7, 0xff, 0xff, 0xff, 0xff,
  0xf7, 0x22, 0x00, 0x00, 0xff, 0xff, 0xff, 0xc5, 0x3a, 0x27, 0xa6, 0xff, 0xff, 0xff, 0xc5, 0x39, 0x27, 0xa6, 0xff, 0xff,
  0x84, 0x00, 0x00, 0xff, 0xff, 0xf8, 0x18, 0x00, 0x00, 0x1e, 0xff, 0xff, 0xf8, 0x18, 0x00, 0x00, 0x1e, 0xff, 0xff, 0xb2,
  0x00, 0x00, 0xff, 0xff, 0xd2, 0x00, 0x00, 0x00, 0x02, 0xff, 0xff, 0xd2, 0x00, 0x00, 0x00, 0x02, 0xff, 0xff, 0xc2, 0x00,
  0x00, 0xff, 0xff, 0xc4, 0x00, 0x00, 0x00, 0x00, 0xff, 0xff, 0xc4, 0x00, 0x00, 0x00, 0x00, 0xff, 0xff, 0xc4, 0x00, 0x00,
  0xff, 0xff, 0xc4, 0x00, 0x00, 0x00, 0x00, 0xff, 0xff, 0xc4, 0x00, 0x00, 0x00, 0x00, 0xff, 0xff, 0xc4, 0x00, 0x00, 0xff,
  0xff, 0xc4, 0x00, 0x00, 0x00, 0x00, 0xff, 0xff, 0xc4, 0x00, 0x00, 0x00, 0x00, 0xff, 0xff, 0xc4, 0x00, 0x00, 0xff, 0xff,
  0xc4, 0x00, 0x00, 0x00, 0x00, 0xff, 0xff, 0xc4, 0x00, 0x00, 0x00, 0x00, 0xff, 0xff, 0xc4, 0x00, 0x00, 0xfd, 0xff, 0xc1,
  0x00, 0x00, 0x00, 0x00, 0xfd, 0xff, 0xc0, 0x00, 0x00, 0x00, 0x00, 0xfd, 0xff, 0xc0, 0x00, 0x00, 0xa9, 0xf6, 0x71, 0x00,
  0x00, 0x00, 0x00, 0xa4, 0xf5, 0x6e, 0x00, 0x00, 0x00, 0x00, 0xa7, 0xf5, 0x6d, 0x00, 0x00, 0xa7, 0xf5, 0x6b, 0x1b, 0x9e,
  0xe7, 0xf7, 0xd2, 0x5e, 0x00, 0x00, 0x00, 0xfd, 0xff, 0xd3, 0xe4, 0xff, 0xff, 0xff, 0xff, 0xff, 0x55, 0x00, 0x00, 0xff,
  0xff, 0xff, 0xce, 0x43, 0x24, 0x81, 0xff, 0xff, 0xc0, 0x00, 0x00, 0xff, 0xff, 0xf8, 0x1c, 0x00, 0x00, 0x01, 0xe4, 0xff,
  0xee, 0x00, 0x00, 0xff, 0xff, 0xd1, 0x00, 0x00, 0x00, 0x00, 0xc6, 0xff, 0xfe, 0x00, 0x00, 0xff, 0xff, 0xc4, 0x00, 0x00,
  0x00, 0x00, 0xc4, 0xff, 0xff, 0x00, 0x00, 0xff, 0xff, 0xc4, 0x00, 0x00, 0x00, 0x00, 0xc4, 0xff, 0xff, 0x00, 0x00, 0xff,
  0xff, 0xc4, 0x00, 0x00, 0x00, 0x00, 0xc4, 0xff, 0xff, 0x00, 0x00, 0xff, 0xff, 0xc4, 0x00, 0x00, 0x00, 0x00, 0xc4, 0xff,
  0xff, 0x00, 0x00, 0xfd, 0xff, 0xc1, 0x00, 0x00, 0x00, 0x00, 0xc1, 0xff, 0xfd, 0x00, 0x00, 0xa9, 0xf6, 0x70, 0x00, 0x00,
  0x00, 0x00, 0x6d, 0xf5, 0xa7, 0x00, 0x00, 0x00, 0x00, 0x3e, 0xae, 0xe8, 0xf9, 0xe4, 0xa9, 0x3a, 0x00, 0x00, 0x00, 0x00,
  0x00, 0x7a, 0xff, 0xff, 0xff, 0xff, 0xff, 0xff, 0xfd, 0x70, 0x00, 0x00, 0x00, 0x41, 0xff, 0xff, 0xde, 0x4b, 0x22, 0x53,
  0xe3, 0xff, 0xfd, 0x3a, 0x00, 0x00, 0xb1, 0xff, 0xff, 0x33, 0x00, 0x00, 0x00, 0x3a, 0xff, 0xff, 0xa9, 0x00, 0x00, 0xea,
  0xff, 0xde, 0x00, 0x00, 0x00, 0x00, 0x00, 0xe4, 0xff, 0xe4, 0x00, 0x00, 0xfa, 0xff, 0xca, 0x00, 0x00, 0x00, 0x00, 0x00,
  0xcb, 0xff, 0xf9, 0x00, 0x00, 0xe5, 0xff, 0xe4, 0x00, 0x00, 0x00, 0x00, 0x00, 0xdf, 0xff, 0xe8, 0x00, 0x00, 0xad, 0xff,
  0xff, 0x3a, 0x00, 0x00, 0x00, 0x33, 0xff, 0xff, 0xad, 0x00, 0x00, 0x40, 0xfe, 0xff, 0xe3, 0x54, 0x22, 0x4b, 0xdf, 0xff,
  0xfe, 0x3d, 0x00, 0x00, 0x00, 0x79, 0xfe, 0xff, 0xff, 0xff, 0xff, 0xff, 0xfe, 0x76, 0x00, 0x00, 0x00, 0x00, 0x00, 0x41,
  0xae, 0xe5, 0xfa, 0xe9, 0xaf, 0x3f, 0x00, 0x00, 0x00, 0x00, 0xa5, 0xf5, 0x6d, 0x19, 0x9b, 0xe5, 0xf5, 0xd1, 0x6c, 0x01,
  0x00, 0x00, 0x00, 0xfd, 0xff, 0xd1, 0xdf, 0xff, 0xff, 0xff, 0xff, 0xff, 0xa5, 0x00, 0x00, 0x00, 0xff, 0xff, 0xff, 0xdc,
  0x4a, 0x22, 0x54, 0xe4, 0xff, 0xff, 0x55, 0x00, 0x00, 0xff, 0xff, 0xff, 0x2f, 0x00, 0x00, 0x00, 0x3a, 0xff, 0xff, 0xb7,
  0x00, 0x00, 0xff, 0xff, 0xdd, 0x00, 0x00, 0x00, 0x00, 0x00, 0xe4, 0xff, 0xe8, 0x00, 0x00, 0xff, 0xff, 0xca, 0x00, 0x00,
  0x00, 0x00, 0x00, 0xcb, 0xff, 0xf9, 0x00, 0x00, 0xff, 0xff, 0xe3, 0x00, 0x00, 0x00, 0x00, 0x00, 0xdf, 0xff, 0xe7, 0x00,
  0x00, 0xff, 0xff, 0xff, 0x37, 0x00, 0x00, 0x00, 0x33, 0xff, 0xff, 0xb6, 0x00, 0x00, 0xff, 0xff, 0xff, 0xe2, 0x51, 0x21,
  0x4d, 0xe0, 0xff, 0xff, 0x55, 0x00, 0x00, 0xff, 0xff, 0xd2, 0xde, 0xff, 0xff, 0xff, 0xff, 0xff, 0xa8, 0x00, 0x00, 0x00,
  0xff, 0xff, 0xc4, 0x19, 0x9c, 0xe6, 0xf6, 0xd3, 0x70, 0x02, 0x00, 0x00, 0x00, 0xff, 0xff, 0xc4, 0x00, 0x00, 0x00, 0x00,
  0x00, 0x00, 0x00, 0x00, 0x00, 0x00, 0xff, 0xff, 0xc4, 0x00, 0x00, 0x00, 0x00, 0x00, 0x00, 0x00, 0x00, 0x00, 0x00, 0xfd,
  0xff, 0xc0, 0x00, 0x00, 0x00, 0x00, 0x00, 0x00, 0x00, 0x00, 0x00, 0x00, 0xaa, 0xf5, 0x6d, 0x00, 0x00, 0x00, 0x00, 0x00,
  0x00, 0x00, 0x00, 0x00, 0x00, 0x00, 0x01, 0x6c, 0xd1, 0xf5, 0xe5, 0x9a, 0x18, 0x6d, 0xf5, 0xa5, 0x00, 0x00, 0x00, 0xa6,
  0xff, 0xff, 0xff, 0xff, 0xff, 0xdd, 0xce, 0xff, 0xfd, 0x00, 0x00, 0x55, 0xff, 0xff, 0xde, 0x4b, 0x22, 0x53, 0xe3, 0xff,
  0xff, 0xff, 0x00, 0x00, 0xb7, 0xff, 0xff, 0x33, 0x00, 0x00, 0x00, 0x3a, 0xff, 0xff, 0xff, 0x00, 0x00, 0xe9, 0xff, 0xde,
  0x00, 0x00, 0x00, 0x00, 0x00, 0xe4, 0xff, 0xff, 0x00, 0x00, 0xfa, 0xff, 0xca, 0x00, 0x00, 0x00, 0x00, 0x00, 0xcb, 0xff,
  0xff, 0x00, 0x00, 0xe8, 0xff, 0xe4, 0x00, 0x00, 0x00, 0x00, 0x00, 0xdf, 0xff, 0xff, 0x00, 0x00, 0xb6, 0xff, 0xff, 0x3a,
  0x00, 0x00, 0x00, 0x33, 0xff, 0xff, 0xff, 0x00, 0x00, 0x55, 0xff, 0xff, 0xe3, 0x54, 0x22, 0x4b, 0xdf, 0xff, 0xff, 0xff,
  0x00, 0x00, 0x00, 0xa5, 0xff, 0xff, 0xff, 0xff, 0xff, 0xe1, 0xd5, 0xff, 0xff, 0x00, 0x00, 0x00, 0x02, 0x6d, 0xd1, 0xf6,
  0xe7, 0x9e, 0x1a, 0xc4, 0xff, 0xff, 0x00, 0x00, 0x00, 0x00, 0x00, 0x00, 0x00, 0x00, 0x00, 0x00, 0xc4, 0xff, 0xff, 0x00,
  0x00, 0x00, 0x00, 0x00, 0x00, 0x00, 0x00, 0x00, 0x00, 0xc4, 0xff, 0xff, 0x00, 0x00, 0x00, 0x00, 0x00, 0x00, 0x00, 0x00,
  0x00, 0x00, 0xc1, 0xff, 0xfd, 0x00, 0x00, 0x00, 0x00, 0x00, 0x00, 0x00, 0x00, 0x00, 0x00, 0x71, 0xf6, 0xa7, 0x00, 0x00,
  0x00, 0x00, 0x00, 0x00, 0x00, 0x02, 0x06, 0x00, 0x00, 0xa7, 0xf5, 0x6d, 0x26, 0xaf, 0xf4, 0xe7, 0x07, 0x00, 0xfd, 0xff,
  0xd2, 0xe5, 0xff, 0xff, 0xf6, 0x0c, 0x00, 0xff, 0xff, 0xff, 0xf9, 0x99, 0x5f, 0x22, 0x00, 0x00, 0xff, 0xff, 0xff, 0x43,
  0x00, 0x00, 0x00, 0x00, 0x00, 0xff, 0xff, 0xdb, 0x00, 0x00, 0x00, 0x00, 0x00, 0x00, 0xff, 0xff, 0xc4, 0x00, 0x00, 0x00,
  0x00, 0x00, 0x00, 0xff, 0xff, 0xc4, 0x00, 0x00, 0x00, 0x00, 0x00, 0x00, 0xff, 0xff, 0xc4, 0x00, 0x00, 0x00, 0x00, 0x00,
  0x00, 0xff, 0xff, 0xc4, 0x00, 0x00, 0x00, 0x00, 0x00, 0x00, 0xfd, 0xff, 0xc1, 0x00, 0x00, 0x00, 0x00, 0x00, 0x00, 0xa7,
  0xf6, 0x6f, 0x00, 0x00, 0x00, 0x00, 0x00, 0x00, 0x00, 0x28, 0x9a, 0xdc, 0xf7, 0xea, 0xc5, 0x6a, 0x0c, 0x00, 0x00, 0x45,
  0xf7, 0xff, 0xff, 0xff, 0xff, 0xff, 0xff, 0xae, 0x00, 0x00, 0xd5, 0xff, 0xfa, 0x63, 0x21, 0x2d, 0x6a, 0xc5, 0x7f, 0x00,
  0x00, 0xf3, 0xff, 0xd3, 0x00, 0x00, 0x00, 0x00, 0x00, 0x00, 0x00, 0x00, 0xb1, 0xff, 0xff, 0x9e, 0x5b, 0x2b, 0x03, 0x00,
  0x00, 0x00, 0x00, 0x15, 0xa8, 0xf8, 0xff, 0xff, 0xff, 0xed, 0x93, 0x0e, 0x00, 0x00, 0x00, 0x00, 0x0b, 0x3d, 0x6d, 0xb5,
  0xff, 0xff, 0xa9, 0x00, 0x00, 0x00, 0x00, 0x00, 0x00, 0x00, 0x00, 0xd6, 0xff, 0xf2, 0x00, 0x33, 0xe2, 0xa7, 0x4f, 0x28,
  0x20, 0x60, 0xf9, 0xff, 0xdb, 0x00, 0x31, 0xfb, 0xff, 0xff, 0xff, 0xff, 0xff, 0xff, 0xfa, 0x50, 0x00, 0x00, 0x31, 0x9d,
  0xd5, 0xf0, 0xf4, 0xd8, 0x95, 0x28, 0x00, 0x00, 0x00, 0x00, 0x1d, 0x75, 0x36, 0x00, 0x00, 0x00, 0x00, 0x00, 0x00, 0xae,
  0xff, 0xea, 0x00, 0x00, 0x00, 0x00, 0x00, 0x00, 0xc4, 0xff, 0xff, 0x00, 0x00, 0x00, 0x00, 0x00, 0x00, 0xc4, 0xff, 0xff,
  0x00, 0x00, 0x00, 0x00, 0xc7, 0xff, 0xff, 0xff, 0xff, 0xff, 0xff, 0xce, 0x00, 0xd8, 0xff, 0xff, 0xff, 0xff, 0xff, 0xff,
  0xd5, 0x00, 0x04, 0x17, 0xc9, 0xff, 0xff, 0x18, 0x18, 0x07, 0x00, 0x00, 0x00, 0xc4, 0xff, 0xff, 0x00, 0x00, 0x00, 0x00,
  0x00, 0x00, 0xc4, 0xff, 0xff, 0x00, 0x00, 0x00, 0x00, 0x00, 0x00, 0xc4, 0xff, 0xff, 0x00, 0x00, 0x00, 0x00, 0x00, 0x00,
  0xc3, 0xff, 0xff, 0x00, 0x00, 0x00, 0x00, 0x00, 0x00, 0xb4, 0xff, 0xff, 0x1a, 0x00, 0x00, 0x00, 0x00, 0x00, 0x83, 0xff,
  0xff, 0xa4, 0x26, 0x2c, 0x0c, 0x00, 0x00, 0x1c, 0xee, 0xff, 0xff, 0xff, 0xff, 0x75, 0x00, 0x00, 0x00, 0x28, 0xac, 0xeb,
  0xfa, 0xda, 0x30, 0x00, 0xaa, 0xf6, 0x70, 0x00, 0x00, 0x00, 0x00, 0x72, 0xf6, 0xa5, 0x00, 0x00, 0xfd, 0xff, 0xc1, 0x00,
  0x00, 0x00, 0x00, 0xc1, 0xff, 0xfd, 0x00, 0x00, 0xff, 0xff, 0xc4, 0x00, 0x00, 0x00, 0x00, 0xc4, 0xff, 0xff, 0x00, 0x00,
  0xff, 0xff, 0xc4, 0x00, 0x00, 0x00, 0x00, 0xc4, 0xff, 0xff, 0x00, 0x00, 0xff, 0xff, 0xc4, 0x00, 0x00, 0x00, 0x00, 0xc4,
  0xff, 0xff, 0x00, 0x00, 0xff, 0xff, 0xc4, 0x00, 0x00, 0x00, 0x00, 0xc4, 0xff, 0xff, 0x00, 0x00, 0xfe, 0xff, 0xc5, 0x00,
  0x00, 0x00, 0x00, 0xd2, 0xff, 0xff, 0x00, 0x00, 0xee, 0xff, 0xe0, 0x00, 0x00, 0x00, 0x1d, 0xf9, 0xff, 0xff, 0x00, 0x00,
  0xbd, 0xff, 0xff, 0x7c, 0x23, 0x42, 0xcf, 0xff, 0xff, 0xff, 0x00, 0x00, 0x4b, 0xff, 0xff, 0xff, 0xff, 0xff, 0xe7, 0xd7,
  0xff, 0xfd, 0x00, 0x00, 0x00, 0x51, 0xc9, 0xf4, 0xee, 0xab, 0x22, 0x6d, 0xf5, 0xa8, 0x00, 0x42, 0xee, 0xc2, 0x07, 0x00,
  0x00, 0x00, 0x00, 0x22, 0xda, 0xd3, 0x06, 0x63, 0xff, 0xff, 0x61, 0x00, 0x00, 0x00, 0x00, 0x9a, 0xff, 0xfc, 0x11, 0x14,
  0xf7, 0xff, 0xc9, 0x00, 0x00, 0x00, 0x0f, 0xf5, 0xff, 0xab, 0x00, 0x00, 0x9c, 0xff, 0xff, 0x30, 0x00, 0x00, 0x6f, 0xff,
  0xff, 0x3a, 0x00, 0x00, 0x2d, 0xff, 0xff, 0x98, 0x00, 0x01, 0xd8, 0xff, 0xc8, 0x00, 0x00, 0x00, 0x00, 0xbe, 0xff, 0xf2,
  0x0c, 0x44, 0xff, 0xff, 0x57, 0x00, 0x00, 0x00, 0x00, 0x4e, 0xff, 0xff, 0x67, 0xae, 0xff, 0xe1, 0x04, 0x00, 0x00, 0x00,
  0x00, 0x02, 0xdc, 0xff, 0xeb, 0xfc, 0xff, 0x73, 0x00, 0x00, 0x00, 0x00, 0x00, 0x00, 0x70, 0xff, 0xff, 0xff, 0xf2, 0x0f,
  0x00, 0x00, 0x00, 0x00, 0x00, 0x00, 0x0e, 0xf1, 0xff, 0xff, 0x90, 0x00, 0x00, 0x00, 0x00, 0x00, 0x00, 0x00, 0x00, 0x5f,
  0xf1, 0xd0, 0x17, 0x00, 0x00, 0x00, 0x00, 0x1c, 0xdb, 0xd2, 0x11, 0x00, 0x00, 0x00, 0x00, 0x7a, 0xed, 0x67, 0x00, 0x00,
  0x00, 0x00, 0x1d, 0xd9, 0xcf, 0x04, 0x41, 0xff, 0xff, 0x71, 0x00, 0x00, 0x00, 0x0e, 0xf6, 0xff, 0xea, 0x04, 0x00, 0x00,
  0x00, 0x89, 0xff, 0xfa, 0x06, 0x04, 0xe6, 0xff, 0xd0, 0x00, 0x00, 0x00, 0x63, 0xff, 0xff, 0xff, 0x4b, 0x00, 0x00, 0x02,
  0xe4, 0xff, 0xae, 0x00, 0x00, 0x85, 0xff, 0xff, 0x2e, 0x00, 0x00, 0xc2, 0xff, 0xff, 0xff, 0xa8, 0x00, 0x00, 0x46, 0xff,
  0xff, 0x49, 0x00, 0x00, 0x21, 0xfe, 0xff, 0x8d, 0x00, 0x21, 0xfe, 0xff, 0x9b, 0xff, 0xf7, 0x0e, 0x00, 0xa4, 0xff, 0xe2,
  0x02, 0x00, 0x00, 0x00, 0xbb, 0xff, 0xe7, 0x03, 0x7f, 0xff, 0xcb, 0x14, 0xf9, 0xff, 0x62, 0x0c, 0xf4, 0xff, 0x80, 0x00,
  0x00, 0x00, 0x00, 0x56, 0xff, 0xff, 0x4a, 0xdc, 0xff, 0x6c, 0x00, 0xad, 0xff, 0xbf, 0x5f, 0xff, 0xfd, 0x1e, 0x00, 0x00,
  0x00, 0x00, 0x06, 0xea, 0xff, 0xe4, 0xff, 0xf9, 0x13, 0x00, 0x4b, 0xff, 0xfe, 0xdc, 0xff, 0xb6, 0x00, 0x00, 0x00, 0x00,
  0x00, 0x00, 0x8b, 0xff, 0xff, 0xff, 0xad, 0x00, 0x00, 0x03, 0xe6, 0xff, 0xff, 0xff, 0x52, 0x00, 0x00, 0x00, 0x00, 0x00,
  0x00, 0x27, 0xfe, 0xff, 0xff, 0x4d, 0x00, 0x00, 0x00, 0x88, 0xff, 0xff, 0xe8, 0x05, 0x00, 0x00, 0x00, 0x00, 0x00, 0x00,
  0x00, 0x88, 0xf7, 0xaf, 0x02, 0x00, 0x00, 0x00, 0x16, 0xce, 0xf0, 0x59, 0x00, 0x00, 0x00, 0x00, 0x00, 0xbe, 0xed, 0x7b,
  0x00, 0x00, 0x00, 0x00, 0x5f, 0xeb, 0xbc, 0x00, 0x00, 0xcf, 0xff, 0xff, 0x6b, 0x00, 0x00, 0x46, 0xfc, 0xff, 0xd3, 0x00,
  0x00, 0x23, 0xea, 0xff, 0xfc, 0x46, 0x23, 0xee, 0xff, 0xf1, 0x2a, 0x00, 0x00, 0x00, 0x37, 0xf6, 0xff, 0xfd, 0xfd, 0xff,
  0xfc, 0x49, 0x00, 0x00, 0x00, 0x00, 0x00, 0x50, 0xff, 0xff, 0xff, 0xff, 0x70, 0x00, 0x00, 0x00, 0x00, 0x00, 0x00, 0x00,
  0xff, 0xff, 0xff, 0xff, 0x04, 0x00, 0x00, 0x00, 0x00, 0x00, 0x00, 0x73, 0xff, 0xff, 0xff, 0xff, 0x91, 0x00, 0x00, 0x00,
  0x00, 0x00, 0x4b, 0xfd, 0xff, 0xda, 0xc9, 0xff, 0xff, 0x5a, 0x00, 0x00, 0x00, 0x2b, 0xf2, 0xff, 0xef, 0x26, 0x14, 0xe1,
  0xff, 0xf5, 0x2e, 0x00, 0x00, 0xd2, 0xff, 0xfd, 0x49, 0x00, 0x00, 0x34, 0xf8, 0xff, 0xd3, 0x00, 0x00, 0xc3, 0xeb, 0x61,
  0x00, 0x00, 0x00, 0x00, 0x54, 0xea, 0xc1, 0x00, 0x06, 0xc9, 0xe7, 0x3c, 0x00, 0x00, 0x00, 0x00, 0x00, 0xa8, 0xf1, 0x3f,
  0x14, 0xfe, 0xff, 0xbb, 0x00, 0x00, 0x00, 0x00, 0x40, 0xff, 0xff, 0x6a, 0x00, 0xb4, 0xff, 0xfe, 0x24, 0x00, 0x00, 0x00,
  0xaa, 0xff, 0xf5, 0x12, 0x00, 0x45, 0xff, 0xff, 0x89, 0x00, 0x00, 0x18, 0xfa, 0xff, 0x97, 0x00, 0x00, 0x00, 0xd5, 0xff,
  0xea, 0x06, 0x00, 0x7d, 0xff, 0xfe, 0x28, 0x00, 0x00, 0x00, 0x67, 0xff, 0xff, 0x57, 0x03, 0xe2, 0xff, 0xb5, 0x00, 0x00,
  0x00, 0x00, 0x0a, 0xee, 0xff, 0xbf, 0x4f, 0xff, 0xff, 0x44, 0x00, 0x00, 0x00, 0x00, 0x00, 0x89, 0xff, 0xff, 0xdf, 0xff,
  0xd2, 0x00, 0x00, 0x00, 0x00, 0x00, 0x00, 0x1e, 0xfc, 0xff, 0xff, 0xff, 0x61, 0x00, 0x00, 0x00, 0x00, 0x00, 0x00, 0x00,
  0xac, 0xff, 0xff, 0xe9, 0x07, 0x00, 0x00, 0x00, 0x00, 0x00, 0x00, 0x00, 0x83, 0xff, 0xff, 0x7f, 0x00, 0x00, 0x00, 0x00,
  0x00, 0x00, 0x00, 0x00, 0xba, 0xff, 0xf8, 0x16, 0x00, 0x00, 0x00, 0x00, 0x00, 0x00, 0x00, 0x2e, 0xff, 0xff, 0x9d, 0x00,
  0x00, 0x00, 0x00, 0x00, 0x00, 0x00, 0x00, 0x8a, 0xff, 0xff, 0x2d, 0x00, 0x00, 0x00, 0x00, 0x00, 0x00, 0x00, 0x00, 0x5f,
  0xed, 0x91, 0x00, 0x00, 0x00, 0x00, 0x00, 0x00, 0x00, 0xca, 0xff, 0xff, 0xff, 0xff, 0xff, 0xff, 0xf7, 0x76, 0x00, 0x00,
  0xda, 0xff, 0xff, 0xff, 0xff, 0xff, 0xff, 0xff, 0xa9, 0x00, 0x00, 0x06, 0x17, 0x18, 0x18, 0x18, 0xc6, 0xff, 0xf3, 0x28,
  0x00, 0x00, 0x00, 0x00, 0x00, 0x00, 0x76, 0xff, 0xff, 0x55, 0x00, 0x00, 0x00, 0x00, 0x00, 0x00, 0x40, 0xfc, 0xff, 0x8c,
  0x00, 0x00, 0x00, 0x00, 0x00, 0x00, 0x1b, 0xe9, 0xff, 0xc0, 0x04, 0x00, 0x00, 0x00, 0x00, 0x00, 0x05, 0xc6, 0xff, 0xe5,
  0x17, 0x00, 0x00, 0x00, 0x00, 0x00, 0x00, 0x93, 0xff, 0xfa, 0x39, 0x00, 0x00, 0x00, 0x00, 0x00, 0x00, 0x58, 0xff, 0xff,
  0x84, 0x18, 0x18, 0x18, 0x17, 0x06, 0x00, 0x00, 0xe3, 0xff, 0xff, 0xff, 0xff, 0xff, 0xff, 0xff, 0xdc, 0x00, 0x00, 0xb7,
  0xff, 0xff, 0xff, 0xff, 0xff, 0xff, 0xff, 0xc8, 0x00, 0x00, 0x00, 0x00, 0x21, 0xbb, 0xf6, 0xff, 0xee, 0x2f, 0x00, 0x00,
  0x00, 0xba, 0xff, 0xff, 0xff, 0xfd, 0x3f, 0x00, 0x00, 0x00, 0xf4, 0xff, 0xee, 0x26, 0x0f, 0x00, 0x00, 0x00, 0x00, 0xff,
  0xff, 0xc4, 0x00, 0x00, 0x00, 0x00, 0x00, 0x00, 0xff, 0xff, 0xc4, 0x00, 0x00, 0x00, 0x00, 0x00, 0x00, 0xff, 0xff, 0xc4,
  0x00, 0x00, 0x00, 0x00, 0x00, 0x00, 0xff, 0xff, 0xc4, 0x00, 0x00, 0x00, 0x00, 0x00, 0x08, 0xff, 0xff, 0xc0, 0x00, 0x00,
  0x00, 0x00, 0x05, 0x65, 0xff, 0xff, 0x90, 0x00, 0x00, 0x00, 0x48, 0xfa, 0xff, 0xff, 0xcf, 0x0f, 0x00, 0x00, 0x00, 0x52,
  0xff, 0xff, 0xff, 0xb8, 0x08, 0x00, 0x00, 0x00, 0x00, 0x18, 0x7a, 0xff, 0xff, 0x88, 0x00, 0x00, 0x00, 0x00, 0x00, 0x09,
  0xff, 0xff, 0xbf, 0x00, 0x00, 0x00, 0x00, 0x00, 0x00, 0xff, 0xff, 0xc4, 0x00, 0x00, 0x00, 0x00, 0x00, 0x00, 0xff, 0xff,
  0xc4, 0x00, 0x00, 0x00, 0x00, 0x00, 0x00, 0xff, 0xff, 0xc4, 0x00, 0x00, 0x00, 0x00, 0x00, 0x00, 0xff, 0xff, 0xc4, 0x00,
  0x00, 0x00, 0x00, 0x00, 0x00, 0xf9, 0xff, 0xee, 0x2e, 0x11, 0x00, 0x00, 0x00, 0x00, 0xc2, 0xff, 0xff, 0xff, 0xff, 0x57,
  0x00, 0x00, 0x00, 0x25, 0xc2, 0xf9, 0xff, 0xf4, 0x46, 0x00, 0x00, 0xa7, 0xf5, 0x70, 0x00, 0x00, 0x00, 0x00, 0xfd, 0xff,
  0xc1, 0x00, 0x00, 0x00, 0x00, 0xff, 0xff, 0xc4, 0x00, 0x00, 0x00, 0x00, 0xff, 0xff, 0xc4, 0x00, 0x00, 0x00, 0x00, 0xff,
  0xff, 0xc4, 0x00, 0x00, 0x00, 0x00, 0xff, 0xff, 0xc4, 0x00, 0x00, 0x00, 0x00, 0xff, 0xff, 0xc4, 0x00, 0x00, 0x00, 0x00,
  0xff, 0xff, 0xc4, 0x00, 0x00, 0x00, 0x00, 0xff, 0xff, 0xc4, 0x00, 0x00, 0x00, 0x00, 0xff, 0xff, 0xc4, 0x00, 0x00, 0x00,
  0x00, 0xff, 0xff, 0xc4, 0x00, 0x00, 0x00, 0x00, 0xff, 0xff, 0xc4, 0x00, 0x00, 0x00, 0x00, 0xff, 0xff, 0xc4, 0x00, 0x00,
  0x00, 0x00, 0xff, 0xff, 0xc4, 0x00, 0x00, 0x00, 0x00, 0xff, 0xff, 0xc4, 0x00, 0x00, 0x00, 0x00, 0xff, 0xff, 0xc4, 0x00,
  0x00, 0x00, 0x00, 0xff, 0xff, 0xc4, 0x00, 0x00, 0x00, 0x00, 0xff, 0xff, 0xc4, 0x00, 0x00, 0x00, 0x00, 0xfd, 0xff, 0xc1,
  0x00, 0x00, 0x00, 0x00, 0xa7, 0xf6, 0x71, 0x00, 0x00, 0x46, 0xf5, 0xff, 0xf6, 0xaa, 0x0e, 0x00, 0x00, 0x00, 0x54, 0xff,
  0xff, 0xff, 0xff, 0x87, 0x00, 0x00, 0x00, 0x00, 0x13, 0x49, 0xff, 0xff, 0xbc, 0x00, 0x00, 0x00, 0x00, 0x00, 0x00, 0xff,
  0xff, 0xc4, 0x00, 0x00, 0x00, 0x00, 0x00, 0x00, 0xff, 0xff, 0xc4, 0x00, 0x00, 0x00, 0x00, 0x00, 0x00, 0xff, 0xff, 0xc4,
  0x00, 0x00, 0x00, 0x00, 0x00, 0x00, 0xff, 0xff, 0xc4, 0x00, 0x00, 0x00, 0x00, 0x00, 0x00, 0xfc, 0xff, 0xcb, 0x00, 0x00,
  0x00, 0x00, 0x00, 0x00, 0xce, 0xff, 0xf7, 0x2f, 0x00, 0x00, 0x00, 0x00, 0x00, 0x2f, 0xeb, 0xff, 0xff, 0xc8, 0x00, 0x00,
  0x00, 0x00, 0x21, 0xda, 0xff, 0xff, 0xd8, 0x00, 0x00, 0x00, 0x00, 0xc2, 0xff, 0xfa, 0x47, 0x09, 0x00, 0x00, 0x00, 0x00,
  0xfb, 0xff, 0xcd, 0x00, 0x00, 0x00, 0x00, 0x00, 0x00, 0xff, 0xff, 0xc4, 0x00, 0x00, 0x00, 0x00, 0x00, 0x00, 0xff, 0xff,
  0xc4, 0x00, 0x00, 0x00, 0x00, 0x00, 0x00, 0xff, 0xff, 0xc4, 0x00, 0x00, 0x00, 0x00, 0x00, 0x00, 0xff, 0xff, 0xc4, 0x00,
  0x00, 0x00, 0x00, 0x14, 0x4f, 0xff, 0xff, 0xb9, 0x00, 0x00, 0x00, 0x6f, 0xff, 0xff, 0xff, 0xff, 0x7f, 0x00, 0x00, 0x00,
  0x5e, 0xf9, 0xff, 0xef, 0xa1, 0x0a, 0x00, 0x00, 0x00, 0x00, 0x00, 0x00, 0x03, 0x09, 0x00, 0x00, 0x00, 0x00, 0x00, 0x00,
  0x00, 0x00, 0x00, 0x00, 0x68, 0xf1, 0xfc, 0xc5, 0x40, 0x00, 0x00, 0x00, 0x1c, 0x13, 0x00, 0x00, 0x45, 0xff, 0xff, 0xff,
  0xff, 0xff, 0xa5, 0x2e, 0x42, 0xe7, 0xbd, 0x00, 0x00, 0x7d, 0xf7, 0x47, 0x12, 0x69, 0xee, 0xff, 0xff, 0xff, 0xff, 0x6e,
  0x00, 0x00, 0x03, 0x18, 0x00, 0x00, 0x00, 0x15, 0x95, 0xe6, 0xea, 0x7b, 0x00, 0x00, 0x00, 0x00, 0x00, 0x00, 0x00, 0x00,
  0x00, 0x00, 0x00, 0x00, 0x00, 0x00, 0x00, 0x00, 0x00, 0x00, 0x00, 0x00, 0x00, 0x00, 0x00, 0x00, 0x00, 0x00, 0x00, 0x00,
  0x00, 0x00, 0x00, 0x00, 0x00, 0x00, 0x00, 0x00, 0x00, 0x00, 0x00, 0x00, 0x00, 0x00, 0x00, 0x00, 0x00, 0x00, 0x00, 0x00,
  0x00, 0x00, 0x00, 0x00, 0x00, 0x00, 0x00, 0x00, 0x00, 0x00, 0x00, 0x00, 0x00, 0x00, 0x00, 0x00, 0x00, 0x00, 0x00, 0x00,
  0x96, 0xf3, 0x63, 0x00, 0x00, 0xf6, 0xff, 0xba, 0x00, 0x00, 0x96, 0xf3, 0x63, 0x00, 0x00, 0x00, 0x00, 0x00, 0x00, 0x00,
  0x00, 0x00, 0x00, 0x00, 0x00, 0x6d, 0xdd, 0x08, 0x00, 0x00, 0xb4, 0xff, 0x2f, 0x00, 0x00, 0xcb, 0xff, 0x44, 0x00, 0x00,
  0xe2, 0xff, 0x59, 0x00, 0x00, 0xf8, 0xff, 0x6f, 0x00, 0x10, 0xff, 0xff, 0x84, 0x00, 0x27, 0xff, 0xff, 0x99, 0x00, 0x3e,
  0xff, 0xff, 0xaf, 0x00, 0x4a, 0xff, 0xff, 0xba, 0x00, 0x0f, 0xcb, 0xf2, 0x5e, 0x00, 0x00, 0x00, 0x00, 0x00, 0x00, 0x00,
  0xa4, 0xf4, 0x6b, 0x00, 0x00, 0x00, 0x00, 0x00, 0x00, 0x00, 0x00, 0x00, 0x00, 0x00, 0xfe, 0xff, 0xc2, 0x00, 0x00, 0x00,
  0x00, 0x00, 0x00, 0x00, 0x00, 0x00, 0x00, 0x00, 0xff, 0xff, 0xc4, 0x00, 0x00, 0x00, 0x00, 0x00, 0x00, 0x00, 0x00, 0x00,
  0x2a, 0xa0, 0xff, 0xff, 0xff, 0xc8, 0x6e, 0x0c, 0x00, 0x00, 0x00, 0x00, 0x00, 0x50, 0xf4, 0xff, 0xff, 0xff, 0xff, 0xff,
  0xff, 0x9e, 0x00, 0x00, 0x00, 0x00, 0x30, 0xfa, 0xff, 0xf8, 0x7f, 0x34, 0x27, 0x5e, 0xbd, 0x60, 0x00, 0x00, 0x00, 0x00,
  0xa8, 0xff, 0xff, 0x5c, 0x00, 0x00, 0x00, 0x00, 0x00, 0x00, 0x00, 0x00, 0x00, 0x00, 0xe8, 0xff, 0xeb, 0x00, 0x00, 0x00,
  0x00, 0x00, 0x00, 0x00, 0x00, 0x00, 0x00, 0x00, 0xfa, 0xff, 0xce, 0x00, 0x00, 0x00, 0x00, 0x00, 0x00, 0x00, 0x00, 0x00,
  0x00, 0x00, 0xe5, 0xff, 0xed, 0x01, 0x00, 0x00, 0x00, 0x00, 0x00, 0x00, 0x00, 0x00, 0x00, 0x00, 0xa7, 0xff, 0xff, 0x5f,
  0x00, 0x00, 0x00, 0x00, 0x00, 0x00, 0x00, 0x00, 0x00, 0x00, 0x34, 0xfc, 0xff, 0xf8, 0x7c, 0x31, 0x24, 0x5d, 0xbf, 0x60,
  0x00, 0x00, 0x00, 0x00, 0x00, 0x64, 0xfd, 0xff, 0xff, 0xff, 0xff, 0xff, 0xff, 0x95, 0x00, 0x00, 0x00, 0x00, 0x00, 0x00,
  0x30, 0xa5, 0xff, 0xff, 0xff, 0xc2, 0x67, 0x08, 0x00, 0x00, 0x00, 0x00, 0x00, 0x00, 0x00, 0x00, 0xff, 0xff, 0xc4, 0x00,
  0x00, 0x00, 0x00, 0x00, 0x00, 0x00, 0x00, 0x00, 0x00, 0x00, 0xf4, 0xff, 0xb8, 0x00, 0x00, 0x00, 0x00, 0x00, 0x00, 0x00,
  0x00, 0x00, 0x00, 0x00, 0x3a, 0x76, 0x20, 0x00, 0x00, 0x00, 0x00, 0x00, 0x00, 0x00, 0x00, 0x00, 0x06, 0x75, 0xcc, 0xef,
  0xf8, 0xdc, 0xa0, 0x42, 0x00, 0x00, 0x00, 0x00, 0x00, 0x08, 0xc9, 0xff, 0xff, 0xff, 0xff, 0xff, 0xff, 0xff, 0x85, 0x00,
  0x00, 0x00, 0x00, 0x7e, 0xff, 0xff, 0xb4, 0x37, 0x22, 0x44, 0x9c, 0xfc, 0xaf, 0x00, 0x00, 0x00, 0x00, 0xd5, 0xff, 0xf1,
  0x0b, 0x00, 0x00, 0x00, 0x00, 0x16, 0x04, 0x00, 0x00, 0x00, 0x00, 0xf6, 0xff, 0xca, 0x00, 0x00, 0x00, 0x00, 0x00, 0x00,
  0x00, 0x00, 0x00, 0x00, 0x00, 0xff, 0xff, 0xc4, 0x00, 0x00, 0x00, 0x00, 0x00, 0x00, 0x00, 0x00, 0x00, 0x00, 0x00, 0xff,
  0xff, 0xc4, 0x00, 0x00, 0x00, 0x00, 0x00, 0x00, 0x00, 0x00, 0x00, 0xc3, 0xff, 0xff, 0xff, 0xff, 0xff, 0xff, 0xff, 0xbb,
  0x00, 0x00, 0x00, 0x00, 0x00, 0xd5, 0xff, 0xff, 0xff, 0xff, 0xff, 0xff, 0xff, 0xd0, 0x00, 0x00, 0x00, 0x00, 0x00, 0x05,
  0x18, 0xff, 0xff, 0xc9, 0x18, 0x18, 0x17, 0x03, 0x00, 0x00, 0x00, 0x00, 0x00, 0x00, 0x00, 0xff, 0xff, 0xc4, 0x00, 0x00,
  0x00, 0x00, 0x00, 0x00, 0x00, 0x00, 0x00, 0x00, 0x00, 0xff, 0xff, 0xc4, 0x00, 0x00, 0x00, 0x00, 0x00, 0x00, 0x00, 0x00,
  0x00, 0x00, 0x00, 0xff, 0xff, 0xc4, 0x00, 0x00, 0x00, 0x00, 0x00, 0x00, 0x00, 0x00, 0x00, 0x03, 0x17, 0xff, 0xff, 0xc9,
  0x18, 0x18, 0x18, 0x18, 0x18, 0x17, 0x02, 0x00, 0x00, 0xd0, 0xff, 0xff, 0xff, 0xff, 0xff, 0xff, 0xff, 0xff, 0xff, 0xff,
  0xce, 0x00, 0x00, 0xb6, 0xff, 0xff, 0xff, 0xff, 0xff, 0xff, 0xff, 0xff, 0xff, 0xff, 0xb6, 0x00, 0x0e, 0xe9, 0xa6, 0x27,
  0x7d, 0xe1, 0xf5, 0xcd, 0x5e, 0x3e, 0xc7, 0xd2, 0x00, 0x00, 0x70, 0xfc, 0xff, 0xff, 0xff, 0xff, 0xff, 0xff, 0xff, 0xf4,
  0x54, 0x00, 0x00, 0x10, 0xec, 0xff, 0xee, 0x56, 0x23, 0x78, 0xfd, 0xff, 0xcd, 0x04, 0x00, 0x00, 0x8d, 0xff, 0xff, 0x4b,
  0x00, 0x00, 0x00, 0x8a, 0xff, 0xff, 0x5a, 0x00, 0x00, 0xe1, 0xff, 0xe6, 0x00, 0x00, 0x00, 0x00, 0x25, 0xff, 0xff, 0xa5,
  0x00, 0x00, 0xfa, 0xff, 0xca, 0x00, 0x00, 0x00, 0x00, 0x06, 0xff, 0xff, 0xbe, 0x00, 0x00, 0xe2, 0xff, 0xe6, 0x00, 0x00,
  0x00, 0x00, 0x24, 0xff, 0xff, 0xa7, 0x00, 0x00, 0x8f, 0xff, 0xff, 0x4b, 0x00, 0x00, 0x00, 0x8a, 0xff, 0xff, 0x5c, 0x00,
  0x00, 0x11, 0xec, 0xff, 0xee, 0x56, 0x23, 0x78, 0xfd, 0xff, 0xcb, 0x04, 0x00, 0x00, 0x70, 0xfc, 0xff, 0xff, 0xff, 0xff,
  0xff, 0xff, 0xff, 0xee, 0x46, 0x00, 0x0e, 0xe9, 0xa7, 0x27, 0x80, 0xe2, 0xfa, 0xd5, 0x5f, 0x32, 0xbb, 0xc9, 0x00, 0x4f,
  0xf1, 0x94, 0x00, 0x00, 0x00, 0x00, 0x00, 0x00, 0x0a, 0xbb, 0xee, 0x3c, 0x88, 0xff, 0xff, 0x5f, 0x00, 0x00, 0x00, 0x00,
  0x00, 0x92, 0xff, 0xff, 0x5c, 0x13, 0xe8, 0xff, 0xee, 0x18, 0x00, 0x00, 0x00, 0x3c, 0xfe, 0xff, 0xcb, 0x04, 0x00, 0x4f,
  0xff, 0xff, 0xad, 0x00, 0x00, 0x09, 0xda, 0xff, 0xf8, 0x2a, 0x00, 0x00, 0x00, 0xa1, 0xff, 0xff, 0x54, 0x00, 0x8d, 0xff,
  0xff, 0x74, 0x00, 0x00, 0x00, 0x00, 0x10, 0xe4, 0xff, 0xe8, 0x4b, 0xfd, 0xff, 0xc5, 0x02, 0x00, 0x00, 0x00, 0x00, 0x00,
  0x47, 0xff, 0xff, 0xff, 0xff, 0xf5, 0x25, 0x00, 0x00, 0x00, 0x00, 0xc2, 0xff, 0xff, 0xff, 0xff, 0xff, 0xff, 0xff, 0xff,
  0xff, 0xc0, 0x00, 0x00, 0xb2, 0xef, 0xf0, 0xf0, 0xff, 0xff, 0xfc, 0xf0, 0xf0, 0xef, 0xb8, 0x00, 0x00, 0x00, 0x00, 0x00,
  0x00, 0xff, 0xff, 0xc4, 0x00, 0x00, 0x00, 0x00, 0x00, 0x00, 0xc5, 0xff, 0xff, 0xff, 0xff, 0xff, 0xff, 0xff, 0xff, 0xff,
  0xc2, 0x00, 0x00, 0xd8, 0xff, 0xff, 0xff, 0xff, 0xff, 0xff, 0xff, 0xff, 0xff, 0xd6, 0x00, 0x00, 0x05, 0x17, 0x18, 0x18,
  0xff, 0xff, 0xc9, 0x18, 0x18, 0x17, 0x04, 0x00, 0x00, 0x00, 0x00, 0x00, 0x00, 0xff, 0xff, 0xc4, 0x00, 0x00, 0x00, 0x00,
  0x00, 0x00, 0x00, 0x00, 0x00, 0x00, 0xfa, 0xff, 0xbe, 0x00, 0x00, 0x00, 0x00, 0x00, 0x00, 0x00, 0x00, 0x00, 0x00, 0x9b,
  0xf4, 0x68, 0x00, 0x00, 0x00, 0x00, 0x00, 0x00, 0x00, 0xa4, 0xf5, 0x6d, 0x00, 0x00, 0x00, 0x00, 0xfc, 0xff, 0xc0, 0x00,
  0x00, 0x00, 0x00, 0xff, 0xff, 0xc4, 0x00, 0x00, 0x00, 0x00, 0xff, 0xff, 0xc4, 0x00, 0x00, 0x00, 0x00, 0xff, 0xff, 0xc4,
  0x00, 0x00, 0x00, 0x00, 0xff, 0xff, 0xc4, 0x00, 0x00, 0x00, 0x00, 0xfc, 0xff, 0xc0, 0x00, 0x00, 0x00, 0x00, 0xa4, 0xf5,
  0x6d, 0x00, 0x00, 0x00, 0x00, 0x00, 0x00, 0x00, 0x00, 0x00, 0x00, 0x00, 0x00, 0x00, 0x00, 0x00, 0x00, 0x00, 0x00, 0x00,
  0x00, 0x00, 0x00, 0x00, 0x00, 0x00, 0x00, 0x00, 0x00, 0x00, 0x00, 0x00, 0x00, 0xa1, 0xf5, 0x6a, 0x00, 0x00, 0x00, 0x00,
  0xfc, 0xff, 0xc0, 0x00, 0x00, 0x00, 0x00, 0xff, 0xff, 0xc4, 0x00, 0x00, 0x00, 0x00, 0xff, 0xff, 0xc4, 0x00, 0x00, 0x00,
  0x00, 0xff, 0xff, 0xc4, 0x00, 0x00, 0x00, 0x00, 0xff, 0xff, 0xc4, 0x00, 0x00, 0x00, 0x00, 0xfc, 0xff, 0xc0, 0x00, 0x00,
  0x00, 0x00, 0xa4, 0xf5, 0x6e, 0x00, 0x00, 0x00, 0x00, 0x00, 0x09, 0x76, 0xca, 0xf0, 0xf4, 0xd7, 0xa6, 0x42, 0x00, 0x00,
  0x00, 0x00, 0x15, 0xd4, 0xff, 0xff, 0xff, 0xff, 0xff, 0xff, 0xff, 0x6f, 0x00, 0x00, 0x00, 0x9e, 0xff, 0xff, 0xa2, 0x37,
  0x24, 0x48, 0x98, 0xeb, 0x5f, 0x00, 0x00, 0x00, 0xea, 0xff, 0xdc, 0x00, 0x00, 0x00, 0x00, 0x00, 0x00, 0x00, 0x00, 0x00,
  0x00, 0xf5, 0xff, 0xdd, 0x00, 0x00, 0x00, 0x00, 0x00, 0x00, 0x00, 0x00, 0x00, 0x00, 0xad, 0xff, 0xff, 0x91, 0x0a, 0x00,
  0x00, 0x00, 0x00, 0x00, 0x00, 0x00, 0x0e, 0xda, 0xff, 0xff, 0xff, 0xe9, 0x7d, 0x13, 0x00, 0x00, 0x00, 0x00, 0x00, 0x99,
  0xff, 0xf8, 0xa3, 0xfd, 0xff, 0xff, 0xf5, 0x8b, 0x0d, 0x00, 0x00, 0x00, 0xec, 0xff, 0xcf, 0x00, 0x2c, 0xad, 0xfe, 0xff,
  0xff, 0xd9, 0x19, 0x00, 0x00, 0xf3, 0xff, 0xf4, 0x16, 0x00, 0x00, 0x34, 0xd2, 0xff, 0xff, 0xa7, 0x00, 0x00, 0xae, 0xff,
  0xff, 0xd5, 0x35, 0x00, 0x00, 0x15, 0xf3, 0xff, 0xf2, 0x00, 0x00, 0x1c, 0xdb, 0xff, 0xff, 0xfe, 0xae, 0x2e, 0x00, 0xcf,
  0xff, 0xeb, 0x00, 0x00, 0x00, 0x0d, 0x8a, 0xf5, 0xff, 0xff, 0xfd, 0x9f, 0xf8, 0xff, 0x95, 0x00, 0x00, 0x00, 0x00, 0x00,
  0x13, 0x7f, 0xeb, 0xff, 0xff, 0xff, 0xd8, 0x0d, 0x00, 0x00, 0x00, 0x00, 0x00, 0x00, 0x00, 0x0b, 0x94, 0xff, 0xff, 0xa9,
  0x00, 0x00, 0x00, 0x00, 0x00, 0x00, 0x00, 0x00, 0x00, 0x01, 0xdf, 0xff, 0xf5, 0x00, 0x00, 0x00, 0x00, 0x00, 0x00, 0x00,
  0x00, 0x00, 0x00, 0xdc, 0xff, 0xe8, 0x00, 0x00, 0x00, 0x77, 0xd5, 0x85, 0x3f, 0x21, 0x37, 0xa3, 0xff, 0xff, 0x9b, 0x00,
  0x00, 0x00, 0x9a, 0xff, 0xff, 0xff, 0xff, 0xff, 0xff, 0xff, 0xd1, 0x13, 0x00, 0x00, 0x00, 0x06, 0x57, 0xb4, 0xdd, 0xf7,
  0xf0, 0xc8, 0x73, 0x07, 0x00, 0x00, 0x00, 0x00, 0x00, 0x7c, 0xcc, 0x4f, 0x00, 0x4f, 0xcd, 0x7d, 0x00, 0x00, 0x00, 0x00,
  0xf6, 0xff, 0xb9, 0x00, 0xba, 0xff, 0xf5, 0x00, 0x00, 0x00, 0x00, 0xa3, 0xf5, 0x6c, 0x00, 0x6c, 0xf5, 0xa4, 0x00, 0x00,
  0x00, 0x00, 0x00, 0x00, 0x00, 0x00, 0x00, 0x00, 0x00, 0x00, 0x00, 0x00, 0x00, 0x00, 0x00, 0x00, 0x00, 0x00, 0x00, 0x00,
  0x00, 0x00, 0x00, 0x00, 0x00, 0x00, 0x00, 0x00, 0x00, 0x00, 0x00, 0x00, 0x00, 0x00, 0x00, 0x00, 0x00, 0x00, 0x00, 0x00,
  0x00, 0x00, 0x00, 0x00, 0x00, 0x00, 0x00, 0x00, 0x00, 0x00, 0x00, 0x00, 0x00, 0x00, 0x00, 0x00, 0x00, 0x00, 0x00, 0x00,
  0x00, 0x00, 0x00, 0x00, 0x00, 0x00, 0x00, 0x00, 0x00, 0x00, 0x00, 0x00, 0x00, 0x00, 0x00, 0x00, 0x00, 0x00, 0x00, 0x00,
  0x00, 0x00, 0x00, 0x00, 0x00, 0x00, 0x00, 0x00, 0x00, 0x00, 0x00, 0x00, 0x00, 0x00, 0x00, 0x00, 0x00, 0x00, 0x00, 0x00,
  0x00, 0x00, 0x00, 0x00, 0x00, 0x00, 0x00, 0x00, 0x00, 0x00, 0x00, 0x00, 0x00, 0x00, 0x00, 0x00, 0x00, 0x00, 0x00, 0x00,
  0x00, 0x00, 0x00, 0x00, 0x00, 0x00, 0x00, 0x00, 0x00, 0x00, 0x00, 0x00, 0x00, 0x00, 0x00, 0x00, 0x00, 0x00, 0x00, 0x00,
  0x00, 0x00, 0x00, 0x00, 0x00, 0x00, 0x00, 0x00, 0x33, 0x95, 0xd7, 0xf3, 0xf4, 0xd9, 0x97, 0x37, 0x00, 0x00, 0x00, 0x00,
  0x00, 0x00, 0x00, 0x00, 0x0b, 0xa3, 0xe2, 0x75, 0x2c, 0x0c, 0x0b, 0x2b, 0x72, 0xe0, 0xa7, 0x0c, 0x00, 0x00, 0x00, 0x00,
  0x00, 0x0b, 0xcb, 0x99, 0x08, 0x00, 0x00, 0x00, 0x00, 0x00, 0x00, 0x06, 0x94, 0xcd, 0x0c, 0x00, 0x00, 0x00, 0x00, 0xa4,
  0x95, 0x00, 0x00, 0x36, 0xab, 0xe8, 0xf7, 0xd7, 0x7c, 0x0a, 0x00, 0x93, 0xa6, 0x00, 0x00, 0x00, 0x35, 0xde, 0x06, 0x00,
  0x69, 0xfc, 0xff, 0xff, 0xff, 0xff, 0xff, 0x83, 0x00, 0x05, 0xde, 0x35, 0x00, 0x00, 0x97, 0x70, 0x00, 0x2e, 0xfd, 0xff,
  0xea, 0x5c, 0x23, 0x41, 0x97, 0x41, 0x00, 0x00, 0x70, 0x96, 0x00, 0x00, 0xd9, 0x29, 0x00, 0x91, 0xff, 0xff, 0x55, 0x00,
  0x00, 0x00, 0x00, 0x00, 0x00, 0x00, 0x29, 0xd8, 0x00, 0x00, 0xf4, 0x0a, 0x00, 0xba, 0xff, 0xff, 0x10, 0x00, 0x00, 0x00,
  0x00, 0x00, 0x00, 0x00, 0x0b, 0xf4, 0x00, 0x00, 0xf4, 0x0b, 0x00, 0xb8, 0xff, 0xff, 0x13, 0x00, 0x00, 0x00, 0x00, 0x00,
  0x00, 0x00, 0x0c, 0xf3, 0x00, 0x00, 0xd8, 0x2a, 0x00, 0x8a, 0xff, 0xff, 0x5b, 0x00, 0x00, 0x00, 0x00, 0x00, 0x00, 0x00,
  0x2b, 0xd8, 0x00, 0x00, 0x96, 0x71, 0x00, 0x25, 0xfa, 0xff, 0xed, 0x5e, 0x23, 0x3d, 0x90, 0x35, 0x00, 0x00, 0x72, 0x95,
  0x00, 0x00, 0x35, 0xdf, 0x07, 0x00, 0x5d, 0xfb, 0xff, 0xff, 0xff, 0xff, 0xff, 0x7d, 0x00, 0x06, 0xdf, 0x35, 0x00, 0x00,
  0x00, 0xa3, 0x97, 0x00, 0x00, 0x32, 0xa9, 0xe9, 0xf8, 0xd6, 0x79, 0x0a, 0x00, 0x94, 0xa5, 0x00, 0x00, 0x00, 0x00, 0x0b,
  0xcb, 0x98, 0x08, 0x00, 0x00, 0x00, 0x00, 0x00, 0x00, 0x06, 0x93, 0xce, 0x0c, 0x00, 0x00, 0x00, 0x00, 0x00, 0x0b, 0xa4,
  0xe2, 0x75, 0x2b, 0x0b, 0x0b, 0x2a, 0x72, 0xe0, 0xa9, 0x0c, 0x00, 0x00, 0x00, 0x00, 0x00, 0x00, 0x00, 0x00, 0x37, 0x98,
  0xd9, 0xf4, 0xf5, 0xda, 0x9b, 0x3a, 0x00, 0x00, 0x00, 0x00, 0x00, 0x05, 0x89, 0xe1, 0xfa, 0xe6, 0x9a, 0x12, 0x00, 0x24,
  0xf6, 0xc7, 0xaf, 0xe9, 0xff, 0xb2, 0x00, 0x00, 0x00, 0x00, 0x00, 0x3c, 0xff, 0xf7, 0x00, 0x00, 0x4a, 0xcb, 0xf3, 0xff,
  0xff, 0xff, 0x00, 0x00, 0xe8, 0xff, 0x59, 0x32, 0xff, 0xff, 0x00, 0x00, 0xe0, 0xff, 0x4f, 0x7f, 0xff, 0xff, 0x00, 0x00,
  0x46, 0xdf, 0xf0, 0x6a, 0xd8, 0xd4, 0x00, 0x00, 0x00, 0x00, 0x00, 0x00, 0x00, 0x00, 0x00, 0x00, 0x00, 0x00, 0x00, 0x00,
  0x00, 0x00, 0x00, 0x00, 0x00, 0x00, 0x00, 0x00, 0x00, 0x00, 0x00, 0x00, 0x00, 0x00, 0x00, 0x00, 0x00, 0x00, 0x00, 0x00,
  0x00, 0x00, 0x00, 0x00, 0x00, 0x00, 0x00, 0x00, 0x00, 0x00, 0x00, 0x00, 0x00, 0x00, 0x00, 0x00, 0x00, 0x00, 0x00, 0x00,
  0x00, 0x00, 0x00, 0x00, 0x00, 0x00, 0x00, 0x00, 0x00, 0x00, 0x00, 0x00, 0x00, 0x00, 0x00, 0x00, 0x00, 0x00, 0x00, 0x00,
  0x00, 0x00, 0x00, 0x00, 0x00, 0x00, 0x00, 0x00, 0x00, 0x00, 0x00, 0x00, 0x19, 0xdc, 0x9b, 0x00, 0x00, 0x77, 0xe9, 0x32,
  0x00, 0x00, 0x00, 0xa7, 0xff, 0xc1, 0x00, 0x2a, 0xfa, 0xff, 0x49, 0x00, 0x00, 0x42, 0xff, 0xff, 0x51, 0x01, 0xc2, 0xff,
  0xd7, 0x02, 0x00, 0x00, 0xd0, 0xff, 0xd7, 0x01, 0x52, 0xff, 0xff, 0x60, 0x00, 0x00, 0x00, 0xe9, 0xff, 0xb9, 0x00, 0x6a,
  0xff, 0xff, 0x41, 0x00, 0x00, 0x00, 0x6c, 0xff, 0xff, 0x2f, 0x0c, 0xe2, 0xff, 0xb7, 0x00, 0x00, 0x00, 0x02, 0xcc, 0xff,
  0xa4, 0x00, 0x4e, 0xff, 0xff, 0x2d, 0x00, 0x00, 0x00, 0x33, 0xf9, 0xcd, 0x00, 0x00, 0xa9, 0xff, 0x55, 0x00, 0x00, 0x00,
  0x00, 0x21, 0x13, 0x00, 0x00, 0x05, 0x30, 0x00, 0x00, 0x00, 0x00, 0x00, 0x00, 0x00, 0x00, 0x00, 0x00, 0x00, 0x00, 0x00,
  0x00, 0x03, 0x17, 0x18, 0x18, 0x18, 0x18, 0x18, 0x18, 0x18, 0x18, 0x06, 0x00, 0x00, 0xb4, 0xff, 0xff, 0xff, 0xff, 0xff,
  0xff, 0xff, 0xff, 0xff, 0xe3, 0x01, 0x00, 0xa5, 0xff, 0xff, 0xff, 0xff, 0xff, 0xff, 0xff, 0xff, 0xff, 0xff, 0x08, 0x00,
  0x00, 0x00, 0x00, 0x00, 0x00, 0x00, 0x00, 0x00, 0x00, 0xff, 0xff, 0x08, 0x00, 0x00, 0x00, 0x00, 0x00, 0x00, 0x00, 0x00,
  0x00, 0x00, 0xff, 0xff, 0x08, 0x00, 0x00, 0x00, 0x00, 0x00, 0x00, 0x00, 0x00, 0x00, 0x00, 0xff, 0xff, 0x08, 0x00, 0x00,
  0x00, 0x00, 0x00, 0x00, 0x00, 0x00, 0x00, 0x00, 0xf5, 0xfd, 0x04, 0x00, 0x00, 0x00, 0x00, 0x00, 0x00, 0x00, 0x00, 0x00,
  0x00, 0x51, 0x57, 0x00, 0x00, 0x00, 0x00, 0x00, 0x00, 0x00, 0x00, 0x00, 0x00, 0x00, 0x00, 0x00, 0x00, 0x00, 0x00, 0x00,
  0x00, 0x00, 0x00, 0x00, 0x00, 0x00, 0x00, 0x00, 0x00, 0x00, 0x00, 0x00, 0x00, 0x00, 0x00, 0x00, 0x00, 0x00, 0x00, 0x00,
  0x00, 0x00, 0x00, 0x00, 0x03, 0x17, 0x18, 0x18, 0x18, 0x17, 0x03, 0x00, 0x00, 0xd2, 0xff, 0xff, 0xff, 0xff, 0xff, 0xd0,
  0x00, 0x00, 0xbd, 0xff, 0xff, 0xff, 0xff, 0xff, 0xbc, 0x00, 0x00, 0x00, 0x00, 0x00, 0x00, 0x00, 0x00, 0x00, 0x00, 0x00,
  0x00, 0x00, 0x00, 0x00, 0x00, 0x00, 0x00, 0x00, 0x00, 0x00, 0x00, 0x00, 0x00, 0x00, 0x00, 0x00, 0x00, 0x00, 0x00, 0x00,
  0x00, 0x00, 0x00, 0x00, 0x00, 0x00, 0x00, 0x00, 0x00, 0x00, 0x00, 0x00, 0x00, 0x00, 0x00, 0x00, 0x00, 0x00, 0x00, 0x00,
  0x33, 0x95, 0xd7, 0xf3, 0xf4, 0xd9, 0x97, 0x37, 0x00, 0x00, 0x00, 0x00, 0x00, 0x00, 0x00, 0x00, 0x0b, 0xa3, 0xe2, 0x75,
  0x2c, 0x0c, 0x0b, 0x2b, 0x72, 0xe0, 0xa7, 0x0c, 0x00, 0x00, 0x00, 0x00, 0x00, 0x0b, 0xcb, 0x99, 0x08, 0x00, 0x00, 0x00,
  0x00, 0x00, 0x00, 0x06, 0x94, 0xcd, 0x0c, 0x00, 0x00, 0x00, 0x00, 0xa4, 0x95, 0x00, 0x03, 0xc7, 0xff, 0xff, 0xff, 0xe5,
  0x94, 0x0b, 0x00, 0x93, 0xa6, 0x00, 0x00, 0x00, 0x35, 0xde, 0x06, 0x00, 0x1a, 0xff, 0xff, 0xff, 0xff, 0xff, 0xff, 0x94,
  0x00, 0x05, 0xde, 0x35, 0x00, 0x00, 0x97, 0x70, 0x00, 0x00, 0x1c, 0xff, 0xff, 0x18, 0x1a, 0x56, 0xff, 0xe7, 0x00, 0x00,
  0x70, 0x96, 0x00, 0x00, 0xd9, 0x29, 0x00, 0x00, 0x1c, 0xff, 0xff, 0x00, 0x02, 0x3e, 0xff, 0xee, 0x00, 0x00, 0x29, 0xd8,
  0x00, 0x00, 0xf4, 0x0a, 0x00, 0x00, 0x1c, 0xff, 0xff, 0xff, 0xff, 0xff, 0xff, 0xa8, 0x00, 0x00, 0x0b, 0xf4, 0x00, 0x00,
  0xf4, 0x0b, 0x00, 0x00, 0x1c, 0xff, 0xff, 0xff, 0xff, 0xff, 0xff, 0x13, 0x00, 0x00, 0x0c, 0xf3, 0x00, 0x00, 0xd8, 0x2a,
  0x00, 0x00, 0x1c, 0xff, 0xff, 0x18, 0x46, 0xf8, 0xff, 0x27, 0x00, 0x00, 0x2b, 0xd8, 0x00, 0x00, 0x96, 0x71, 0x00, 0x00,
  0x1c, 0xff, 0xff, 0x00, 0x00, 0xb3, 0xff, 0x77, 0x00, 0x00, 0x72, 0x95, 0x00, 0x00, 0x35, 0xdf, 0x07, 0x00, 0x1b, 0xff,
  0xff, 0x00, 0x00, 0x69, 0xff, 0xba, 0x00, 0x06, 0xdf, 0x35, 0x00, 0x00, 0x00, 0xa3, 0x97, 0x00, 0x04, 0xbf, 0xae, 0x00,
  0x00, 0x11, 0xc7, 0x80, 0x00, 0x94, 0xa5, 0x00, 0x00, 0x00, 0x00, 0x0b, 0xcb, 0x98, 0x08, 0x00, 0x00, 0x00, 0x00, 0x00,
  0x00, 0x06, 0x93, 0xce, 0x0c, 0x00, 0x00, 0x00, 0x00, 0x00, 0x0b, 0xa4, 0xe2, 0x75, 0x2b, 0x0b, 0x0b, 0x2a, 0x72, 0xe0,
  0xa9, 0x0c, 0x00, 0x00, 0x00, 0x00, 0x00, 0x00, 0x00, 0x00, 0x37, 0x98, 0xd9, 0xf4, 0xf5, 0xda, 0x9b, 0x3a, 0x00, 0x00,
  0x00, 0x00, 0x00, 0x00, 0x00, 0x09, 0x18, 0x18, 0x18, 0x18, 0x18, 0x09, 0x00, 0x00, 0x00, 0x00, 0xdc, 0xff, 0xff, 0xff,
  0xff, 0xff, 0xe3, 0x00, 0x00, 0x00, 0x00, 0xd6, 0xff, 0xff, 0xff, 0xff, 0xff, 0xcb, 0x00, 0x00, 0x00, 0x00, 0x00, 0x00,
  0x00, 0x00, 0x00, 0x00, 0x00, 0x00, 0x00, 0x00, 0x00, 0x00, 0x00, 0x00, 0x00, 0x00, 0x00, 0x00, 0x00, 0x00, 0x00, 0x00,
  0x00, 0x00, 0x00, 0x00, 0x00, 0x00, 0x00, 0x00, 0x00, 0x00, 0x00, 0x00, 0x00, 0x00, 0x00, 0x00, 0x00, 0x00, 0x00, 0x00,
  0x00, 0x00, 0x00, 0x00, 0x00, 0x00, 0x00, 0x00, 0x00, 0x00, 0x00, 0x00, 0x00, 0x00, 0x00, 0x00, 0x00, 0x00, 0x00, 0x00,
  0x00, 0x00, 0x00, 0x00, 0x00, 0x00, 0x00, 0x00, 0x00, 0x00, 0x00, 0x00, 0x00, 0x00, 0x00, 0x00, 0x00, 0x00, 0x00, 0x00,
  0x00, 0x00, 0x00, 0x00, 0x00, 0x00, 0x00, 0x00, 0x00, 0x00, 0x00, 0x00, 0x00, 0x00, 0x00, 0x00, 0x00, 0x00, 0x00, 0x00,
  0x00, 0x00, 0x00, 0x00, 0x00, 0x00, 0x00, 0x00, 0x00, 0x00, 0x00, 0x00, 0x00, 0x00, 0x00, 0x00, 0x00, 0x00, 0x00, 0x00,
  0x00, 0x00, 0x00, 0x00, 0x00, 0x00, 0x00, 0x00, 0x00, 0x00, 0x00, 0x00, 0x00, 0x00, 0x00, 0x00, 0x00, 0x00, 0x00, 0x00,
  0x00, 0x00, 0x00, 0x00, 0x00, 0x00, 0x00, 0x00, 0x00, 0x00, 0x00, 0x00, 0x00, 0x00, 0x0f, 0x01, 0x00, 0x00, 0x00, 0x00,
  0x00, 0x71, 0xea, 0xff, 0xee, 0x77, 0x00, 0x00, 0x00, 0x6a, 0xff, 0xff, 0xff, 0xff, 0xff, 0x6a, 0x00, 0x00, 0xdb, 0xfe,
  0x5a, 0x0a, 0x59, 0xfe, 0xda, 0x00, 0x00, 0xf8, 0xe5, 0x00, 0x00, 0x00, 0xe5, 0xf7, 0x00, 0x00, 0xd3, 0xff, 0x6f, 0x21,
  0x6e, 0xff, 0xd1, 0x00, 0x00, 0x5a, 0xff, 0xff, 0xff, 0xff, 0xff, 0x58, 0x00, 0x00, 0x00, 0x59, 0xd3, 0xf8, 0xd8, 0x5e,
  0x00, 0x00, 0x00, 0x00, 0x00, 0x00, 0x00, 0x00, 0x00, 0x00, 0x00, 0x00, 0x00, 0x00, 0x00, 0x00, 0x00, 0x00, 0x00, 0x00,
  0x00, 0x00, 0x00, 0x00, 0x00, 0x00, 0x00, 0x00, 0x00, 0x00, 0x00, 0x00, 0x00, 0x00, 0x00, 0x00, 0x00, 0x00, 0x00, 0x00,
  0x00, 0x00, 0x00, 0x00, 0x00, 0x00, 0x00, 0x00, 0x00, 0x00, 0x00, 0x00, 0x00, 0x00, 0x00, 0x00, 0x00, 0x00, 0x00, 0x00,
  0x00, 0x00, 0x00, 0x00, 0x00, 0x00, 0x00, 0x00, 0x00, 0x00, 0x00, 0x00, 0x00, 0x00, 0x00, 0x00, 0x00, 0x00, 0x00, 0x00,
  0x00, 0x00, 0x00, 0x00, 0x00, 0x00, 0x00, 0x00, 0x00, 0xc3, 0xbf, 0x00, 0x00, 0x00, 0x00, 0x00, 0x00, 0x00, 0x00, 0x00,
  0x00, 0x03, 0xff, 0xff, 0x00, 0x00, 0x00, 0x00, 0x00, 0x00, 0x00, 0x00, 0x00, 0x00, 0x04, 0xff, 0xff, 0x00, 0x00, 0x00,
  0x00, 0x00, 0x00, 0x04, 0x17, 0x18, 0x18, 0x1b, 0xff, 0xff, 0x18, 0x18, 0x18, 0x08, 0x00, 0x00, 0xd8, 0xff, 0xff, 0xff,
  0xff, 0xff, 0xff, 0xff, 0xff, 0xff, 0xd9, 0x00, 0x00, 0xc5, 0xff, 0xff, 0xff, 0xff, 0xff, 0xff, 0xff, 0xff, 0xff, 0xca,
  0x00, 0x00, 0x00, 0x00, 0x00, 0x00, 0x04, 0xff, 0xff, 0x00, 0x00, 0x00, 0x00, 0x00, 0x00, 0x00, 0x00, 0x00, 0x00, 0x04,
  0xff, 0xff, 0x00, 0x00, 0x00, 0x00, 0x00, 0x00, 0x00, 0x00, 0x00, 0x00, 0x00, 0xc9, 0xcd, 0x00, 0x00, 0x00, 0x00, 0x00,
  0x00, 0x06, 0x18, 0x18, 0x18, 0x18, 0x18, 0x18, 0x18, 0x18, 0x18, 0x06, 0x00, 0x00, 0xd4, 0xff, 0xff, 0xff, 0xff, 0xff,
  0xff, 0xff, 0xff, 0xff, 0xd4, 0x00, 0x00, 0xc5, 0xff, 0xff, 0xff, 0xff, 0xff, 0xff, 0xff, 0xff, 0xff, 0xc5, 0x00, 0x00,
  0x52, 0xba, 0xea, 0xf7, 0xc0, 0x26, 0x00, 0x00, 0x03, 0xf8, 0xee, 0xb4, 0xde, 0xff, 0xd0, 0x00, 0x00, 0x00, 0x22, 0x09,
  0x00, 0x19, 0xff, 0xff, 0x18, 0x00, 0x00, 0x00, 0x00, 0x00, 0x22, 0xff, 0xff, 0x12, 0x00, 0x00, 0x00, 0x00, 0x00, 0x97,
  0xff, 0xc7, 0x00, 0x00, 0x00, 0x00, 0x00, 0x64, 0xff, 0xfc, 0x3b, 0x00, 0x00, 0x00, 0x00, 0x45, 0xfb, 0xff, 0x74, 0x00,
  0x00, 0x00, 0x00, 0x29, 0xf0, 0xff, 0xa1, 0x00, 0x00, 0x00, 0x00, 0x00, 0xb4, 0xff, 0xff, 0xaf, 0xa8, 0xa8, 0x75, 0x00,
  0x00, 0x91, 0xfe, 0xff, 0xff, 0xff, 0xff, 0xc8, 0x00, 0x00, 0x00, 0x00, 0x00, 0x00, 0x00, 0x00, 0x00, 0x00, 0x00, 0x00,
  0x00, 0x00, 0x00, 0x00, 0x00, 0x00, 0x00, 0x00, 0x00, 0x00, 0x00, 0x00, 0x00, 0x00, 0x00, 0x00, 0x00, 0x00, 0x00, 0x00,
  0x00, 0x00, 0x00, 0x00, 0x00, 0x00, 0x00, 0x00, 0x00, 0x00, 0x00, 0x00, 0x00, 0x00, 0x00, 0x00, 0x00, 0x00, 0x00, 0x00,
  0x00, 0x00, 0x00, 0x09, 0x79, 0xcd, 0xf2, 0xec, 0xaf, 0x21, 0x00, 0x49, 0xff, 0xdc, 0xb1, 0xe7, 0xff, 0xd2, 0x00, 0x00,
  0x22, 0x00, 0x00, 0x23, 0xff, 0xff, 0x16, 0x00, 0x00, 0x00, 0x00, 0x1c, 0xff, 0xf1, 0x05, 0x00, 0x00, 0x76, 0xaa, 0xe0,
  0xf6, 0x54, 0x00, 0x00, 0x00, 0xce, 0xff, 0xff, 0xf6, 0x51, 0x00, 0x00, 0x00, 0x00, 0x01, 0x3b, 0xff, 0xf3, 0x06, 0x10,
  0x1c, 0x00, 0x00, 0x20, 0xff, 0xff, 0x18, 0xab, 0xfe, 0xc8, 0xaf, 0xe7, 0xff, 0xcd, 0x00, 0x2a, 0x9d, 0xdf, 0xf8, 0xeb,
  0xa3, 0x18, 0x00, 0x00, 0x00, 0x00, 0x00, 0x00, 0x00, 0x00, 0x00, 0x00, 0x00, 0x00, 0x00, 0x00, 0x00, 0x00, 0x00, 0x00,
  0x00, 0x00, 0x00, 0x00, 0x00, 0x00, 0x00, 0x00, 0x00, 0x00, 0x00, 0x00, 0x00, 0x00, 0x00, 0x00, 0x00, 0x00, 0x00, 0x00,
  0x00, 0x00, 0x00, 0x00, 0x00, 0x00, 0x00, 0x00, 0x00, 0x00, 0x00, 0x00, 0x00, 0x00, 0x00, 0x01, 0x01, 0x00, 0x00, 0x00,
  0x00, 0x00, 0x13, 0xe8, 0xc9, 0x03, 0x00, 0x00, 0x00, 0x00, 0x89, 0xff, 0xe1, 0x04, 0x00, 0x00, 0x00, 0x16, 0xf4, 0xfe,
  0x42, 0x00, 0x00, 0x00, 0x00, 0x8c, 0xff, 0x8f, 0x00, 0x00, 0x00, 0x00, 0x00, 0xa1, 0xcf, 0x08, 0x00, 0x00, 0x00, 0x00,
  0x00, 0x00, 0x00, 0x00, 0x00, 0x00, 0x00, 0x00, 0x00, 0x00, 0x00, 0x00, 0x00, 0x00, 0x00, 0x00, 0x00, 0x00, 0x00, 0x00,
  0x00, 0x00, 0x00, 0x00, 0x00, 0x00, 0x00, 0x00, 0x00, 0x00, 0x00, 0x00, 0x00, 0x00, 0x00, 0x00, 0x00, 0x00, 0x00, 0x00,
  0x00, 0x00, 0x00, 0x00, 0x00, 0x00, 0x00, 0x00, 0x00, 0x00, 0x00, 0x00, 0x00, 0x00, 0x00, 0x00, 0x00, 0x00, 0x00, 0x00,
  0x00, 0x00, 0x00, 0x00, 0x00, 0x00, 0x00, 0x00, 0x00, 0x00, 0x00, 0x00, 0x00, 0x00, 0x00, 0x00, 0x00, 0x00, 0x00, 0x00,
  0x00, 0x00, 0x00, 0x00, 0x00, 0x00, 0x00, 0x00, 0x00, 0x00, 0x00, 0x00, 0x00, 0x00, 0x00, 0x00, 0x00, 0xaa, 0xf5, 0x6d,
  0x00, 0x00, 0x00, 0x00, 0x72, 0xf6, 0xa7, 0x00, 0x00, 0x00, 0x00, 0xfd, 0xff, 0xc1, 0x00, 0x00, 0x00, 0x00, 0xc1, 0xff,
  0xfd, 0x00, 0x00, 0x00, 0x00, 0xff, 0xff, 0xc4, 0x00, 0x00, 0x00, 0x00, 0xc4, 0xff, 0xff, 0x00, 0x00, 0x00, 0x00, 0xff,
  0xff, 0xc4, 0x00, 0x00, 0x00, 0x00, 0xc4, 0xff, 0xff, 0x00, 0x00, 0x00, 0x00, 0xff, 0xff, 0xc4, 0x00, 0x00, 0x00, 0x00,
  0xc4, 0xff, 0xff, 0x00, 0x00, 0x00, 0x00, 0xff, 0xff, 0xc4, 0x00, 0x00, 0x00, 0x00, 0xc4, 0xff, 0xff, 0x00, 0x00, 0x00,
  0x00, 0xff, 0xff, 0xc5, 0x00, 0x00, 0x00, 0x00, 0xd2, 0xff, 0xff, 0x00, 0x00, 0x00, 0x00, 0xff, 0xff, 0xdf, 0x00, 0x00,
  0x00, 0x1d, 0xf9, 0xff, 0xff, 0x00, 0x00, 0x00, 0x00, 0xff, 0xff, 0xff, 0x7a, 0x23, 0x41, 0xcf, 0xff, 0xff, 0xff, 0x00,
  0x00, 0x00, 0x00, 0xff, 0xff, 0xff, 0xff, 0xff, 0xff, 0xec, 0xcf, 0xff, 0xfd, 0x00, 0x00, 0x00, 0x00, 0xff, 0xff, 0xc2,
  0xc8, 0xf8, 0xcd, 0x36, 0x76, 0xf6, 0xa8, 0x00, 0x00, 0x00, 0x00, 0xff, 0xff, 0xac, 0x00, 0x00, 0x00, 0x00, 0x00, 0x00,
  0x00, 0x00, 0x00, 0x00, 0x00, 0xff, 0xff, 0xb7, 0x00, 0x00, 0x00, 0x00, 0x00, 0x00, 0x00, 0x00, 0x00, 0x00, 0x00, 0xfd,
  0xff, 0xbe, 0x00, 0x00, 0x00, 0x00, 0x00, 0x00, 0x00, 0x00, 0x00, 0x00, 0x00, 0xa7, 0xf5, 0x6d, 0x00, 0x00, 0x00, 0x00,
  0x00, 0x00, 0x00, 0x00, 0x00, 0x00, 0x00, 0x34, 0xac, 0xe8, 0xfe, 0xff, 0xff, 0xff, 0xff, 0xfd, 0xa5, 0x00, 0x00, 0x00,
  0x50, 0xfa, 0xff, 0xff, 0xff, 0xff, 0xff, 0xff, 0xff, 0xff, 0xfd, 0x00, 0x00, 0x0b, 0xee, 0xff, 0xff, 0xff, 0xff, 0xff,
  0x18, 0x18, 0x1b, 0xff, 0xff, 0x00, 0x00, 0x55, 0xff, 0xff, 0xff, 0xff, 0xff, 0xff, 0x00, 0x00, 0x04, 0xff, 0xff, 0x00,
  0x00, 0x77, 0xff, 0xff, 0xff, 0xff, 0xff, 0xff, 0x00, 0x00, 0x04, 0xff, 0xff, 0x00, 0x00, 0x6d, 0xff, 0xff, 0xff, 0xff,
  0xff, 0xff, 0x00, 0x00, 0x04, 0xff, 0xff, 0x00, 0x00, 0x37, 0xff, 0xff, 0xff, 0xff, 0xff, 0xff, 0x00, 0x00, 0x04, 0xff,
  0xff, 0x00, 0x00, 0x00, 0xc3, 0xff, 0xff, 0xff, 0xff, 0xff, 0x00, 0x00, 0x04, 0xff, 0xff, 0x00, 0x00, 0x00, 0x19, 0xc9,
  0xff, 0xff, 0xff, 0xff, 0x00, 0x00, 0x04, 0xff, 0xff, 0x00, 0x00, 0x00, 0x00, 0x01, 0x46, 0x79, 0xff, 0xff, 0x00, 0x00,
  0x04, 0xff, 0xff, 0x00, 0x00, 0x00, 0x00, 0x00, 0x00, 0x00, 0xff, 0xff, 0x00, 0x00, 0x04, 0xff, 0xff, 0x00, 0x00, 0x00,
  0x00, 0x00, 0x00, 0x00, 0xff, 0xff, 0x00, 0x00, 0x04, 0xff, 0xff, 0x00, 0x00, 0x00, 0x00, 0x00, 0x00, 0x00, 0xff, 0xff,
  0x00, 0x00, 0x04, 0xff, 0xff, 0x00, 0x00, 0x00, 0x00, 0x00, 0x00, 0x00, 0xff, 0xff, 0x00, 0x00, 0x04, 0xff, 0xff, 0x00,
  0x00, 0x00, 0x00, 0x00, 0x00, 0x00, 0xff, 0xff, 0x00, 0x00, 0x04, 0xff, 0xff, 0x00, 0x00, 0x00, 0x00, 0x00, 0x00, 0x00,
  0xff, 0xff, 0x00, 0x00, 0x04, 0xff, 0xff, 0x00, 0x00, 0x00, 0x00, 0x00, 0x00, 0x00, 0xff, 0xff, 0x00, 0x00, 0x04, 0xff,
  0xff, 0x00, 0x00, 0x00, 0x00, 0x00, 0x00, 0x00, 0xff, 0xff, 0x00, 0x00, 0x04, 0xff, 0xff, 0x00, 0x00, 0x00, 0x00, 0x00,
  0x00, 0x00, 0xff, 0xff, 0x00, 0x00, 0x03, 0xff, 0xff, 0x00, 0x00, 0x00, 0x00, 0x00, 0x00, 0x00, 0xc6, 0xcd, 0x00, 0x00,
  0x00, 0xc9, 0xcd, 0x00, 0x00, 0x00, 0x96, 0xf3, 0x62, 0x00, 0x00, 0xf6, 0xff, 0xba, 0x00, 0x00, 0x98, 0xf4, 0x65, 0x00,
  0x00, 0x00, 0x00, 0x00, 0x00, 0x00, 0x00, 0x00, 0x00, 0x00, 0x00, 0x00, 0x00, 0x00, 0x00, 0x00, 0x00, 0x00, 0x00, 0x00,
  0x00, 0x00, 0x00, 0x0c, 0x17, 0x00, 0x00, 0x00, 0x00, 0x00, 0x00, 0x00, 0x97, 0xdc, 0x00, 0x00, 0x00, 0x00, 0x00, 0x00,
  0x00, 0xb5, 0xff, 0xdf, 0x6d, 0x00, 0x00, 0x00, 0x00, 0x0e, 0x0b, 0x07, 0xcc, 0xf0, 0x00, 0x00, 0x00, 0x00, 0xb8, 0xf6,
  0xf1, 0xfc, 0x82, 0x00, 0x00, 0x00, 0x00, 0x05, 0x2f, 0x39, 0x16, 0x00, 0x00, 0x00, 0x00, 0x00, 0x41, 0xcb, 0xe1, 0x0a,
  0x00, 0x00, 0x0a, 0xa1, 0xff, 0xff, 0xff, 0x23, 0x00, 0x00, 0x4f, 0xff, 0xed, 0xff, 0xff, 0x24, 0x00, 0x00, 0x04, 0x55,
  0x10, 0xff, 0xff, 0x24, 0x00, 0x00, 0x00, 0x00, 0x00, 0xff, 0xff, 0x24, 0x00, 0x00, 0x00, 0x00, 0x00, 0xff, 0xff, 0x24,
  0x00, 0x00, 0x00, 0x00, 0x00, 0xff, 0xff, 0x24, 0x00, 0x00, 0x00, 0x00, 0x00, 0xff, 0xff, 0x24, 0x00, 0x00, 0x00, 0xa6,
  0xd8, 0xff, 0xff, 0xdd, 0x9d, 0x00, 0x00, 0xcb, 0xff, 0xff, 0xff, 0xff, 0xc7, 0x00, 0x00, 0x00, 0x00, 0x00, 0x00, 0x00,
  0x00, 0x00, 0x00, 0x00, 0x00, 0x00, 0x00, 0x00, 0x00, 0x00, 0x00, 0x00, 0x00, 0x00, 0x00, 0x00, 0x00, 0x00, 0x00, 0x00,
  0x00, 0x00, 0x00, 0x00, 0x00, 0x00, 0x00, 0x00, 0x00, 0x00, 0x00, 0x00, 0x00, 0x00, 0x00, 0x00, 0x00, 0x00, 0x00, 0x00,
  0x00, 0x00, 0x00, 0x00, 0x66, 0xd5, 0xf8, 0xdf, 0x7b, 0x04, 0x00, 0x00, 0x6b, 0xff, 0xf6, 0xb5, 0xed, 0xff, 0x8b, 0x00,
  0x00, 0xdb, 0xff, 0x5c, 0x00, 0x38, 0xff, 0xf6, 0x07, 0x00, 0xf8, 0xff, 0x2b, 0x00, 0x08, 0xff, 0xff, 0x1c, 0x00, 0xd8,
  0xff, 0x5b, 0x00, 0x39, 0xff, 0xf4, 0x06, 0x00, 0x67, 0xff, 0xf6, 0xb4, 0xed, 0xff, 0x87, 0x00, 0x00, 0x00, 0x65, 0xd6,
  0xf9, 0xdf, 0x7b, 0x03, 0x00, 0x00, 0x00, 0x00, 0x00, 0x00, 0x00, 0x00, 0x00, 0x00, 0x00, 0x00, 0x00, 0x00, 0x00, 0x00,
  0x00, 0x00, 0x00, 0x00, 0x00, 0x00, 0x00, 0x00, 0x00, 0x00, 0x00, 0x00, 0x00, 0x00, 0x00, 0x00, 0x00, 0x00, 0x00, 0x00,
  0x00, 0x00, 0x00, 0x00, 0x00, 0x00, 0x00, 0x00, 0x00, 0x00, 0x00, 0x00, 0x00, 0x00, 0x00, 0x00, 0x00, 0x00, 0x00, 0x00,
  0x00, 0x00, 0x00, 0x00, 0x00, 0x00, 0x00, 0x00, 0x00, 0x00, 0x00, 0x00, 0x00, 0x00, 0x00, 0x00, 0x00, 0x00, 0x00, 0x00,
  0x00, 0x00, 0x00, 0x00, 0x00, 0x00, 0x00, 0x00, 0x00, 0x00, 0x00, 0x00, 0x00, 0x00, 0x00, 0x00, 0x00, 0x00, 0x9e, 0xdd,
  0x18, 0x00, 0x23, 0xe3, 0x83, 0x00, 0x00, 0x00, 0x00, 0xc8, 0xff, 0xa6, 0x00, 0x40, 0xff, 0xfc, 0x30, 0x00, 0x00, 0x00,
  0x59, 0xff, 0xff, 0x41, 0x00, 0xcf, 0xff, 0xc5, 0x01, 0x00, 0x00, 0x03, 0xdb, 0xff, 0xcf, 0x00, 0x54, 0xff, 0xff, 0x52,
  0x00, 0x00, 0x00, 0xbe, 0xff, 0xe8, 0x00, 0x32, 0xff, 0xff, 0x69, 0x00, 0x00, 0x35, 0xff, 0xff, 0x6c, 0x00, 0xac, 0xff,
  0xe4, 0x0c, 0x00, 0x00, 0xac, 0xff, 0xcb, 0x02, 0x26, 0xfd, 0xff, 0x54, 0x00, 0x00, 0x00, 0xd4, 0xf8, 0x33, 0x00, 0x49,
  0xff, 0xb3, 0x00, 0x00, 0x00, 0x00, 0x15, 0x20, 0x00, 0x00, 0x00, 0x2e, 0x06, 0x00, 0x00, 0x00, 0x00, 0x00, 0x00, 0x00,
  0x00, 0x00, 0x00, 0x00, 0x00, 0x00, 0x00, 0x00, 0x00, 0x00, 0x36, 0x74, 0x2a, 0x00, 0x00, 0x00, 0x00, 0x00, 0x00, 0x00,
  0x19, 0xcd, 0x74, 0x00, 0x00, 0x00, 0x00, 0x00, 0x00, 0x23, 0xac, 0xff, 0xff, 0xba, 0x00, 0x00, 0x00, 0x00, 0x00, 0x00,
  0x00, 0xa3, 0xff, 0xae, 0x00, 0x00, 0x00, 0x00, 0x00, 0x0c, 0xf4, 0xff, 0xff, 0xff, 0xc4, 0x00, 0x00, 0x00, 0x00, 0x00,
  0x00, 0x38, 0xfe, 0xfc, 0x2d, 0x00, 0x00, 0x00, 0x00, 0x00, 0x02, 0x91, 0x6b, 0xff, 0xff, 0xc4, 0x00, 0x00, 0x00, 0x00,
  0x00, 0x01, 0xc9, 0xff, 0x95, 0x00, 0x00, 0x00, 0x00, 0x00, 0x00, 0x00, 0x00, 0x00, 0xff, 0xff, 0xc4, 0x00, 0x00, 0x00,
  0x00, 0x00, 0x5f, 0xff, 0xee, 0x13, 0x00, 0x00, 0x00, 0x00, 0x00, 0x00, 0x00, 0x00, 0x00, 0xff, 0xff, 0xc4, 0x00, 0x00,
  0x00, 0x00, 0x0c, 0xe6, 0xff, 0x6d, 0x00, 0x00, 0x00, 0x00, 0x00, 0x00, 0x00, 0x00, 0x00, 0x00, 0xff, 0xff, 0xc4, 0x00,
  0x00, 0x00, 0x00, 0x87, 0xff, 0xd5, 0x04, 0x00, 0x00, 0x90, 0xf6, 0x80, 0x00, 0x00, 0x00, 0x00, 0x00, 0xff, 0xff, 0xc4,
  0x00, 0x00, 0x00, 0x21, 0xf8, 0xff, 0x45, 0x00, 0x00, 0x64, 0xff, 0xff, 0xc3, 0x00, 0x00, 0x00, 0xcd, 0xff, 0xff, 0xff,
  0xff, 0xd8, 0x00, 0x00, 0xae, 0xff, 0xb1, 0x00, 0x00, 0x24, 0xf3, 0xff, 0xff, 0xc4, 0x00, 0x00, 0x00, 0xa3, 0xd8, 0xd8,
  0xd8, 0xd8, 0x9f, 0x00, 0x41, 0xff, 0xf9, 0x24, 0x00, 0x04, 0xc8, 0xfb, 0xff, 0xff, 0xc4, 0x00, 0x00, 0x00, 0x00, 0x00,
  0x00, 0x00, 0x00, 0x00, 0x03, 0xd2, 0xff, 0x89, 0x00, 0x00, 0x82, 0xff, 0x6d, 0xff, 0xff, 0xc4, 0x00, 0x00, 0x00, 0x00,
  0x00, 0x00, 0x00, 0x00, 0x00, 0x6a, 0xff, 0xe7, 0x0d, 0x00, 0x39, 0xfc, 0xa0, 0x00, 0xff, 0xff, 0xc4, 0x00, 0x00, 0x00,
  0x00, 0x00, 0x00, 0x00, 0x00, 0x11, 0xec, 0xff, 0x60, 0x00, 0x00, 0xcf, 0xff, 0xff, 0xff, 0xff, 0xff, 0xff, 0xcb, 0x00,
  0x00, 0x00, 0x00, 0x00, 0x00, 0x00, 0x91, 0xff, 0xca, 0x01, 0x00, 0x00, 0xd4, 0xff, 0xff, 0xff, 0xff, 0xff, 0xff, 0xe1,
  0x00, 0x00, 0x00, 0x00, 0x00, 0x00, 0x28, 0xfb, 0xfe, 0x39, 0x00, 0x00, 0x00, 0x04, 0x17, 0x18, 0x18, 0xff, 0xff, 0xc8,
  0x07, 0x00, 0x00, 0x00, 0x00, 0x00, 0x00, 0x64, 0xff, 0xa2, 0x00, 0x00, 0x00, 0x00, 0x00, 0x00, 0x00, 0x00, 0xac, 0xf7,
  0x77, 0x00, 0x00, 0x00, 0x00, 0x00, 0x00, 0x00, 0x05, 0x50, 0x09, 0x00, 0x00, 0x00, 0x00, 0x00, 0x00, 0x00, 0x00, 0x00,
  0x00, 0x00, 0x00, 0x00, 0x00, 0x00, 0x00, 0x36, 0x74, 0x2a, 0x00, 0x00, 0x00, 0x00, 0x00, 0x00, 0x00, 0x19, 0xcd, 0x74,
  0x00, 0x00, 0x00, 0x00, 0x00, 0x00, 0x23, 0xac, 0xff, 0xff, 0xba, 0x00, 0x00, 0x00, 0x00, 0x00, 0x00, 0x00, 0xa3, 0xff,
  0xae, 0x00, 0x00, 0x00, 0x00, 0x00, 0x0c, 0xf4, 0xff, 0xff, 0xff, 0xc4, 0x00, 0x00, 0x00, 0x00, 0x00, 0x00, 0x38, 0xfe,
  0xfc, 0x2d, 0x00, 0x00, 0x00, 0x00, 0x00, 0x02, 0x91, 0x6b, 0xff, 0xff, 0xc4, 0x00, 0x00, 0x00, 0x00, 0x00, 0x01, 0xc9,
  0xff, 0x95, 0x00, 0x00, 0x00, 0x00, 0x00, 0x00, 0x00, 0x00, 0x00, 0xff, 0xff, 0xc4, 0x00, 0x00, 0x00, 0x00, 0x00, 0x5f,
  0xff, 0xee, 0x13, 0x00, 0x00, 0x00, 0x00, 0x00, 0x00, 0x00, 0x00, 0x00, 0xff, 0xff, 0xc4, 0x00, 0x00, 0x00, 0x00, 0x0c,
  0xe6, 0xff, 0x6d, 0x00, 0x00, 0x00, 0x00, 0x00, 0x00, 0x00, 0x00, 0x00, 0x00, 0xff, 0xff, 0xc4, 0x00, 0x00, 0x00, 0x00,
  0x87, 0xff, 0xd5, 0x04, 0x00, 0x00, 0x00, 0x00, 0x00, 0x00, 0x00, 0x00, 0x00, 0x00, 0xff, 0xff, 0xc4, 0x00, 0x00, 0x00,
  0x21, 0xf8, 0xff, 0x45, 0x30, 0xa7, 0xe4, 0xf8, 0xd4, 0x72, 0x01, 0x00, 0x00, 0xcd, 0xff, 0xff, 0xff, 0xff, 0xd8, 0x00,
  0x00, 0xae, 0xff, 0xb1, 0x05, 0xf6, 0xff, 0xff, 0xff, 0xff, 0xff, 0x7d, 0x00, 0x00, 0xa3, 0xd8, 0xd8, 0xd8, 0xd8, 0x9f,
  0x00, 0x41, 0xff, 0xf9, 0x24, 0x00, 0x8a, 0x67, 0x24, 0x5a, 0xff, 0xff, 0xb9, 0x00, 0x00, 0x00, 0x00, 0x00, 0x00, 0x00,
  0x00, 0x03, 0xd2, 0xff, 0x89, 0x00, 0x00, 0x00, 0x00, 0x00, 0x1a, 0xff, 0xff, 0x78, 0x00, 0x00, 0x00, 0x00, 0x00, 0x00,
  0x00, 0x00, 0x6a, 0xff, 0xe7, 0x0d, 0x00, 0x00, 0x00, 0x00, 0x01, 0xa1, 0xff, 0xb8, 0x04, 0x00, 0x00, 0x00, 0x00, 0x00,
  0x00, 0x00, 0x11, 0xec, 0xff, 0x60, 0x00, 0x00, 0x00, 0x00, 0x02, 0x9b, 0xff, 0xa4, 0x06, 0x00, 0x00, 0x00, 0x00, 0x00,
  0x00, 0x00, 0x00, 0x91, 0xff, 0xca, 0x01, 0x00, 0x00, 0x00, 0x04, 0xa5, 0xff, 0x98, 0x18, 0x18, 0x07, 0x00, 0x00, 0x00,
  0x00, 0x00, 0x00, 0x28, 0xfb, 0xfe, 0x39, 0x00, 0x00, 0x00, 0x00, 0x8f, 0xff, 0xff, 0xff, 0xff, 0xff, 0xdf, 0x00, 0x00,
  0x00, 0x00, 0x00, 0x00, 0x64, 0xff, 0xa2, 0x00, 0x00, 0x00, 0x00, 0x00, 0x96, 0xfd, 0xff, 0xff, 0xff, 0xff, 0xc5, 0x00,
  0x00, 0x00, 0x00, 0x00, 0x00, 0x05, 0x50, 0x09, 0x00, 0x00, 0x00, 0x00, 0x00, 0x00, 0x00, 0x00, 0x00, 0x00, 0x00, 0x00,
  0x00, 0x00, 0x53, 0xc0, 0xee, 0xef, 0xc3, 0x57, 0x00, 0x00, 0x00, 0x00, 0x00, 0x00, 0x19, 0xcd, 0x74, 0x00, 0x00, 0x00,
  0x00, 0x00, 0x48, 0xff, 0xff, 0xff, 0xff, 0xff, 0xff, 0x6c, 0x00, 0x00, 0x00, 0x00, 0x00, 0xa3, 0xff, 0xae, 0x00, 0x00,
  0x00, 0x00, 0x00, 0x19, 0x94, 0x4f, 0x20, 0x60, 0xff, 0xff, 0xb9, 0x00, 0x00, 0x00, 0x00, 0x38, 0xfe, 0xfc, 0x2d, 0x00,
  0x00, 0x00, 0x00, 0x00, 0x00, 0x00, 0x00, 0x01, 0x3b, 0xff, 0xff, 0x7a, 0x00, 0x00, 0x00, 0x01, 0xc9, 0xff, 0x95, 0x00,
  0x00, 0x00, 0x00, 0x00, 0x00, 0x00, 0x00, 0xc9, 0xff, 0xff, 0xff, 0x7c, 0x02, 0x00, 0x00, 0x00, 0x5f, 0xff, 0xee, 0x13,
  0x00, 0x00, 0x00, 0x00, 0x00, 0x00, 0x00, 0x00, 0xcd, 0xff, 0xff, 0xff, 0xc9, 0x1a, 0x00, 0x00, 0x0c, 0xe6, 0xff, 0x6d,
  0x00, 0x00, 0x00, 0x00, 0x00, 0x00, 0x00, 0x00, 0x00, 0x00, 0x00, 0x30, 0xff, 0xff, 0x9d, 0x00, 0x00, 0x87, 0xff, 0xd5,
  0x04, 0x00, 0x00, 0x90, 0xf6, 0x80, 0x00, 0x00, 0x55, 0x88, 0x37, 0x1e, 0x67, 0xff, 0xff, 0xb4, 0x00, 0x21, 0xf8, 0xff,
  0x45, 0x00, 0x00, 0x64, 0xff, 0xff, 0xc3, 0x00, 0x00, 0xa7, 0xff, 0xff, 0xff, 0xff, 0xff, 0xfd, 0x4f, 0x00, 0xae, 0xff,
  0xb1, 0x00, 0x00, 0x24, 0xf3, 0xff, 0xff, 0xc4, 0x00, 0x00, 0x11, 0x85, 0xd9, 0xf7, 0xed, 0xb3, 0x3e, 0x00, 0x41, 0xff,
  0xf9, 0x24, 0x00, 0x04, 0xc8, 0xf7, 0xff, 0xff, 0xc4, 0x00, 0x00, 0x00, 0x00, 0x00, 0x00, 0x00, 0x00, 0x00, 0x03, 0xd2,
  0xff, 0x89, 0x00, 0x00, 0x82, 0xff, 0x63, 0xff, 0xff, 0xc4, 0x00, 0x00, 0x00, 0x00, 0x00, 0x00, 0x00, 0x00, 0x00, 0x6a,
  0xff, 0xe7, 0x0d, 0x00, 0x39, 0xfc, 0x9b, 0x00, 0xff, 0xff, 0xc4, 0x00, 0x00, 0x00, 0x00, 0x00, 0x00, 0x00, 0x00, 0x11,
  0xec, 0xff, 0x60, 0x00, 0x00, 0xcf, 0xff, 0xff, 0xff, 0xff, 0xff, 0xff, 0xcb, 0x00, 0x00, 0x00, 0x00, 0x00, 0x00, 0x00,
  0x91, 0xff, 0xca, 0x01, 0x00, 0x00, 0xd4, 0xff, 0xff, 0xff, 0xff, 0xff, 0xff, 0xe1, 0x00, 0x00, 0x00, 0x00, 0x00, 0x00,
  0x28, 0xfb, 0xfe, 0x39, 0x00, 0x00, 0x00, 0x04, 0x17, 0x18, 0x18, 0xff, 0xff, 0xc8, 0x07, 0x00, 0x00, 0x00, 0x00, 0x00,
  0x00, 0x64, 0xff, 0xa2, 0x00, 0x00, 0x00, 0x00, 0x00, 0x00, 0x00, 0x00, 0xac, 0xf7, 0x77, 0x00, 0x00, 0x00, 0x00, 0x00,
  0x00, 0x00, 0x05, 0x50, 0x09, 0x00, 0x00, 0x00, 0x00, 0x00, 0x00, 0x00, 0x00, 0x00, 0x00, 0x00, 0x00, 0x00, 0x00, 0x00,
  0x00, 0x00, 0x96, 0xf2, 0x5e, 0x00, 0x00, 0x00, 0x00, 0x00, 0x00, 0x00, 0x00, 0xf6, 0xff, 0xb9, 0x00, 0x00, 0x00, 0x00,
  0x00, 0x00, 0x00, 0x00, 0x9b, 0xf4, 0x62, 0x00, 0x00, 0x00, 0x00, 0x00, 0x00, 0x00, 0x00, 0x00, 0x00, 0x00, 0x00, 0x00,
  0x00, 0x00, 0x00, 0x00, 0x00, 0x00, 0x29, 0x7c, 0x00, 0x00, 0x00, 0x00, 0x00, 0x00, 0x00, 0x00, 0x00, 0x9a, 0xff, 0x09,
  0x00, 0x00, 0x00, 0x00, 0x00, 0x00, 0x00, 0x18, 0xf3, 0xea, 0x00, 0x00, 0x00, 0x00, 0x00, 0x00, 0x00, 0x0b, 0xc3, 0xff,
  0x90, 0x00, 0x00, 0x00, 0x00, 0x00, 0x00, 0x05, 0xb9, 0xff, 0xe9, 0x12, 0x00, 0x00, 0x00, 0x00, 0x00, 0x00, 0x76, 0xff,
  0xff, 0x4b, 0x00, 0x00, 0x00, 0x00, 0x00, 0x00, 0x00, 0xda, 0xff, 0xe1, 0x00, 0x00, 0x00, 0x00, 0x00, 0x00, 0x00, 0x00,
  0xf8, 0xff, 0xde, 0x02, 0x00, 0x00, 0x00, 0x13, 0x56, 0x0e, 0x00, 0xce, 0xff, 0xff, 0xb7, 0x6a, 0x77, 0xa7, 0xf8, 0xff,
  0x8d, 0x00, 0x43, 0xf9, 0xff, 0xff, 0xff, 0xff, 0xff, 0xff, 0xf4, 0x49, 0x00, 0x00, 0x2e, 0xa6, 0xe6, 0xfb, 0xf0, 0xc5,
  0x6f, 0x10, 0x00, 0x00, 0x00, 0x00, 0x00, 0x00, 0x11, 0x21, 0x00, 0x00, 0x00, 0x00, 0x00, 0x00, 0x00, 0x00, 0x00, 0x00,
  0x00, 0x00, 0x00, 0x00, 0x00, 0xdc, 0xf9, 0x32, 0x00, 0x00, 0x00, 0x00, 0x00, 0x00, 0x00, 0x00, 0x00, 0x00, 0x00, 0x00,
  0x00, 0x00, 0x9f, 0xff, 0xd4, 0x07, 0x00, 0x00, 0x00, 0x00, 0x00, 0x00, 0x00, 0x00, 0x00, 0x00, 0x00, 0x00, 0x00, 0x06,
  0xba, 0xff, 0x87, 0x00, 0x00, 0x00, 0x00, 0x00, 0x00, 0x00, 0x00, 0x00, 0x00, 0x00, 0x00, 0x00, 0x00, 0x0c, 0xc4, 0xaa,
  0x00, 0x00, 0x00, 0x00, 0x00, 0x00, 0x00, 0x00, 0x00, 0x00, 0x00, 0x00, 0x00, 0x00, 0x00, 0x00, 0x00, 0x00, 0x00, 0x00,
  0x00, 0x00, 0x00, 0x00, 0x00, 0x00, 0x00, 0x00, 0x00, 0x00, 0x00, 0x00, 0x9f, 0xf6, 0x8d, 0x00, 0x00, 0x00, 0x00, 0x00,
  0x00, 0x00, 0x00, 0x00, 0x00, 0x00, 0x00, 0x00, 0x49, 0xff, 0xff, 0xff, 0x35, 0x00, 0x00, 0x00, 0x00, 0x00, 0x00, 0x00,
  0x00, 0x00, 0x00, 0x00, 0x00, 0xbd, 0xff, 0xff, 0xff, 0xa8, 0x00, 0x00, 0x00, 0x00, 0x00, 0x00, 0x00, 0x00, 0x00, 0x00,
  0x00, 0x2f, 0xff, 0xff, 0xce, 0xff, 0xfc, 0x1f, 0x00, 0x00, 0x00, 0x00, 0x00, 0x00, 0x00, 0x00, 0x00, 0x00, 0xa2, 0xff,
  0xeb, 0x1d, 0xf8, 0xff, 0x8e, 0x00, 0x00, 0x00, 0x00, 0x00, 0x00, 0x00, 0x00, 0x00, 0x1a, 0xfa, 0xff, 0x87, 0x00, 0xa1,
  0xff, 0xf2, 0x0f, 0x00, 0x00, 0x00, 0x00, 0x00, 0x00, 0x00, 0x00, 0x87, 0xff, 0xfc, 0x1e, 0x00, 0x34, 0xff, 0xff, 0x74,
  0x00, 0x00, 0x00, 0x00, 0x00, 0x00, 0x00, 0x0b, 0xee, 0xff, 0xb0, 0x00, 0x00, 0x00, 0xc8, 0xff, 0xe2, 0x04, 0x00, 0x00,
  0x00, 0x00, 0x00, 0x00, 0x6c, 0xff, 0xff, 0x44, 0x00, 0x00, 0x00, 0x5b, 0xff, 0xff, 0x5a, 0x00, 0x00, 0x00, 0x00, 0x00,
  0x02, 0xdc, 0xff, 0xd8, 0x01, 0x00, 0x00, 0x00, 0x06, 0xe8, 0xff, 0xcc, 0x00, 0x00, 0x00, 0x00, 0x00, 0x52, 0xff, 0xff,
  0xff, 0xff, 0xff, 0xff, 0xff, 0xff, 0xff, 0xff, 0xff, 0x3f, 0x00, 0x00, 0x00, 0x00, 0xc4, 0xff, 0xff, 0xff, 0xff, 0xff,
  0xff, 0xff, 0xff, 0xff, 0xff, 0xff, 0xb2, 0x00, 0x00, 0x00, 0x36, 0xff, 0xff, 0xcd, 0x40, 0x40, 0x40, 0x40, 0x40, 0x40,
  0x40, 0xe1, 0xff, 0xfe, 0x27, 0x00, 0x00, 0xa9, 0xff, 0xfe, 0x26, 0x00, 0x00, 0x00, 0x00, 0x00, 0x00, 0x00, 0x3b, 0xff,
  0xff, 0x98, 0x00, 0x0f, 0xfc, 0xff, 0xb7, 0x00, 0x00, 0x00, 0x00, 0x00, 0x00, 0x00, 0x00, 0x00, 0xcc, 0xff, 0xf6, 0x08,
  0x06, 0xc8, 0xe9, 0x2f, 0x00, 0x00, 0x00, 0x00, 0x00, 0x00, 0x00, 0x00, 0x00, 0x3d, 0xeb, 0xc5, 0x03, 0x00, 0x00, 0x00,
  0x00, 0x00, 0x00, 0x00, 0x00, 0x00, 0x00, 0x21, 0x10, 0x00, 0x00, 0x00, 0x00, 0x00, 0x00, 0x00, 0x00, 0x00, 0x00, 0x00,
  0x00, 0x00, 0x00, 0x33, 0xf9, 0xda, 0x00, 0x00, 0x00, 0x00, 0x00, 0x00, 0x00, 0x00, 0x00, 0x00, 0x00, 0x00, 0x00, 0x07,
  0xd4, 0xff, 0x9f, 0x00, 0x00, 0x00, 0x00, 0x00, 0x00, 0x00, 0x00, 0x00, 0x00, 0x00, 0x00, 0x00, 0x88, 0xff, 0xba, 0x06,
  0x00, 0x00, 0x00, 0x00, 0x00, 0x00, 0x00, 0x00, 0x00, 0x00, 0x00, 0x00, 0x00, 0xaa, 0xc4, 0x0c, 0x00, 0x00, 0x00, 0x00,
  0x00, 0x00, 0x00, 0x00, 0x00, 0x00, 0x00, 0x00, 0x00, 0x00, 0x00, 0x00, 0x00, 0x00, 0x00, 0x00, 0x00, 0x00, 0x00, 0x00,
  0x00, 0x00, 0x00, 0x00, 0x00, 0x00, 0x98, 0xf6, 0x95, 0x00, 0x00, 0x00, 0x00, 0x00, 0x00, 0x00, 0x00, 0x00, 0x00, 0x00,
  0x00, 0x00, 0x41, 0xff, 0xff, 0xff, 0x3d, 0x00, 0x00, 0x00, 0x00, 0x00, 0x00, 0x00, 0x00, 0x00, 0x00, 0x00, 0x00, 0xb5,
  0xff, 0xff, 0xff, 0xb0, 0x00, 0x00, 0x00, 0x00, 0x00, 0x00, 0x00, 0x00, 0x00, 0x00, 0x00, 0x28, 0xfe, 0xff, 0xce, 0xff,
  0xfd, 0x25, 0x00, 0x00, 0x00, 0x00, 0x00, 0x00, 0x00, 0x00, 0x00, 0x00, 0x9a, 0xff, 0xef, 0x1b, 0xf5, 0xff, 0x96, 0x00,
  0x00, 0x00, 0x00, 0x00, 0x00, 0x00, 0x00, 0x00, 0x15, 0xf7, 0xff, 0x8f, 0x00, 0x99, 0xff, 0xf5, 0x13, 0x00, 0x00, 0x00,
  0x00, 0x00, 0x00, 0x00, 0x00, 0x7f, 0xff, 0xfe, 0x25, 0x00, 0x2d, 0xff, 0xff, 0x7c, 0x00, 0x00, 0x00, 0x00, 0x00, 0x00,
  0x00, 0x07, 0xe9, 0xff, 0xb8, 0x00, 0x00, 0x00, 0xc0, 0xff, 0xe8, 0x07, 0x00, 0x00, 0x00, 0x00, 0x00, 0x00, 0x64, 0xff,
  0xff, 0x4c, 0x00, 0x00, 0x00, 0x53, 0xff, 0xff, 0x62, 0x00, 0x00, 0x00, 0x00, 0x00, 0x01, 0xd5, 0xff, 0xde, 0x02, 0x00,
  0x00, 0x00, 0x03, 0xe3, 0xff, 0xd4, 0x00, 0x00, 0x00, 0x00, 0x00, 0x4a, 0xff, 0xff, 0xff, 0xff, 0xff, 0xff, 0xff, 0xff,
  0xff, 0xff, 0xff, 0x47, 0x00, 0x00, 0x00, 0x00, 0xbc, 0xff, 0xff, 0xff, 0xff, 0xff, 0xff, 0xff, 0xff, 0xff, 0xff, 0xff,
  0xba, 0x00, 0x00, 0x00, 0x2f, 0xff, 0xff, 0xd4, 0x40, 0x40, 0x40, 0x40, 0x40, 0x40, 0x40, 0xdb, 0xff, 0xff, 0x2e, 0x00,
  0x00, 0xa1, 0xff, 0xff, 0x2d, 0x00, 0x00, 0x00, 0x00, 0x00, 0x00, 0x00, 0x32, 0xff, 0xff, 0xa0, 0x00, 0x0a, 0xf9, 0xff,
  0xbf, 0x00, 0x00, 0x00, 0x00, 0x00, 0x00, 0x00, 0x00, 0x00, 0xc4, 0xff, 0xf9, 0x0c, 0x04, 0xc3, 0xeb, 0x35, 0x00, 0x00,
  0x00, 0x00, 0x00, 0x00, 0x00, 0x00, 0x00, 0x38, 0xe9, 0xcb, 0x06, 0x00, 0x00, 0x00, 0x00, 0x00, 0x00, 0x28, 0xcf, 0xec,
  0x74, 0x00, 0x00, 0x00, 0x00, 0x00, 0x00, 0x00, 0x00, 0x00, 0x00, 0x00, 0x10, 0xde, 0xff, 0xea, 0xff, 0x5a, 0x00, 0x00,
  0x00, 0x00, 0x00, 0x00, 0x00, 0x00, 0x00, 0x00, 0xb2, 0xff, 0x78, 0x24, 0xe9, 0xf4, 0x2a, 0x00, 0x00, 0x00, 0x00, 0x00,
  0x00, 0x00, 0x00, 0x12, 0xe7, 0x8d, 0x00, 0x00, 0x31, 0xe7, 0x6b, 0x00, 0x00, 0x00, 0x00, 0x00, 0x00, 0x00, 0x00, 0x00,
  0x00, 0x00, 0x00, 0x00, 0x00, 0x00, 0x00, 0x00, 0x00, 0x00, 0x00, 0x00, 0x00, 0x00, 0x00, 0x00, 0x00, 0x14, 0xcc, 0xef,
  0x54, 0x00, 0x00, 0x00, 0x00, 0x00, 0x00, 0x00, 0x00, 0x00, 0x00, 0x00, 0x00, 0x8d, 0xff, 0xff, 0xe9, 0x08, 0x00, 0x00,
  0x00, 0x00, 0x00, 0x00, 0x00, 0x00, 0x00, 0x00, 0x0e, 0xf2, 0xff, 0xff, 0xff, 0x64, 0x00, 0x00, 0x00, 0x00, 0x00, 0x00,
  0x00, 0x00, 0x00, 0x00, 0x73, 0xff, 0xfc, 0xd2, 0xff, 0xd6, 0x01, 0x00, 0x00, 0x00, 0x00, 0x00, 0x00, 0x00, 0x00, 0x04,
  0xe1, 0xff, 0xae, 0x52, 0xff, 0xff, 0x4a, 0x00, 0x00, 0x00, 0x00, 0x00, 0x00, 0x00, 0x00, 0x59, 0xff, 0xff, 0x43, 0x03,
  0xe1, 0xff, 0xbd, 0x00, 0x00, 0x00, 0x00, 0x00, 0x00, 0x00, 0x00, 0xca, 0xff, 0xd7, 0x00, 0x00, 0x79, 0xff, 0xff, 0x30,
  0x00, 0x00, 0x00, 0x00, 0x00, 0x00, 0x3e, 0xff, 0xff, 0x6c, 0x00, 0x00, 0x14, 0xf7, 0xff, 0xa3, 0x00, 0x00, 0x00, 0x00,
  0x00, 0x00, 0xb0, 0xff, 0xf3, 0x0d, 0x00, 0x00, 0x00, 0x9f, 0xff, 0xfa, 0x1b, 0x00, 0x00, 0x00, 0x00, 0x25, 0xfd, 0xff,
  0x95, 0x00, 0x00, 0x00, 0x00, 0x32, 0xff, 0xff, 0x88, 0x00, 0x00, 0x00, 0x00, 0x96, 0xff, 0xff, 0xff, 0xff, 0xff, 0xff,
  0xff, 0xff, 0xff, 0xff, 0xef, 0x0c, 0x00, 0x00, 0x12, 0xf5, 0xff, 0xff, 0xff, 0xff, 0xff, 0xff, 0xff, 0xff, 0xff, 0xff,
  0xff, 0x6e, 0x00, 0x00, 0x7b, 0xff, 0xff, 0x8d, 0x40, 0x40, 0x40, 0x40, 0x40, 0x40, 0x45, 0xff, 0xff, 0xde, 0x03, 0x06,
  0xe6, 0xff, 0xde, 0x02, 0x00, 0x00, 0x00, 0x00, 0x00, 0x00, 0x00, 0x7f, 0xff, 0xff, 0x54, 0x50, 0xff, 0xff, 0x73, 0x00,
  0x00, 0x00, 0x00, 0x00, 0x00, 0x00, 0x00, 0x17, 0xf8, 0xff, 0xba, 0x2b, 0xe6, 0xcb, 0x0a, 0x00, 0x00, 0x00, 0x00, 0x00,
  0x00, 0x00, 0x00, 0x00, 0x74, 0xf4, 0x89, 0x00, 0x00, 0x00, 0x00, 0x03, 0x4c, 0x60, 0x25, 0x00, 0x00, 0x00, 0x20, 0x79,
  0x01, 0x00, 0x00, 0x00, 0x00, 0x00, 0x05, 0xc0, 0xff, 0xff, 0xfd, 0xa6, 0x2e, 0x0c, 0xbc, 0xec, 0x02, 0x00, 0x00, 0x00,
  0x00, 0x00, 0x62, 0xff, 0x99, 0x75, 0xd2, 0xff, 0xff, 0xff, 0xff, 0x7f, 0x00, 0x00, 0x00, 0x00, 0x00, 0x00, 0x7e, 0xb7,
  0x00, 0x00, 0x02, 0x5b, 0xb3, 0xc5, 0x76, 0x02, 0x00, 0x00, 0x00, 0x00, 0x00, 0x00, 0x00, 0x00, 0x00, 0x00, 0x00, 0x00,
  0x00, 0x00, 0x00, 0x00, 0x00, 0x00, 0x00, 0x00, 0x00, 0x00, 0x00, 0x00, 0x00, 0x14, 0xcc, 0xef, 0x54, 0x00, 0x00, 0x00,
  0x00, 0x00, 0x00, 0x00, 0x00, 0x00, 0x00, 0x00, 0x00, 0x8d, 0xff, 0xff, 0xe9, 0x08, 0x00, 0x00, 0x00, 0x00, 0x00, 0x00,
  0x00, 0x00, 0x00, 0x00, 0x0e, 0xf2, 0xff, 0xff, 0xff, 0x64, 0x00, 0x00, 0x00, 0x00, 0x00, 0x00, 0x00, 0x00, 0x00, 0x00,
  0x73, 0xff, 0xfc, 0xd2, 0xff, 0xd6, 0x01, 0x00, 0x00, 0x00, 0x00, 0x00, 0x00, 0x00, 0x00, 0x04, 0xe1, 0xff, 0xae, 0x52,
  0xff, 0xff, 0x4a, 0x00, 0x00, 0x00, 0x00, 0x00, 0x00, 0x00, 0x00, 0x59, 0xff, 0xff, 0x43, 0x03, 0xe1, 0xff, 0xbd, 0x00,
  0x00, 0x00, 0x00, 0x00, 0x00, 0x00, 0x00, 0xca, 0xff, 0xd7, 0x00, 0x00, 0x79, 0xff, 0xff, 0x30, 0x00, 0x00, 0x00, 0x00,
  0x00, 0x00, 0x3e, 0xff, 0xff, 0x6c, 0x00, 0x00, 0x14, 0xf7, 0xff, 0xa3, 0x00, 0x00, 0x00, 0x00, 0x00, 0x00, 0xb0, 0xff,
  0xf3, 0x0d, 0x00, 0x00, 0x00, 0x9f, 0xff, 0xfa, 0x1b, 0x00, 0x00, 0x00, 0x00, 0x25, 0xfd, 0xff, 0x95, 0x00, 0x00, 0x00,
  0x00, 0x32, 0xff, 0xff, 0x88, 0x00, 0x00, 0x00, 0x00, 0x96, 0xff, 0xff, 0xff, 0xff, 0xff, 0xff, 0xff, 0xff, 0xff, 0xff,
  0xef, 0x0c, 0x00, 0x00, 0x12, 0xf5, 0xff, 0xff, 0xff, 0xff, 0xff, 0xff, 0xff, 0xff, 0xff, 0xff, 0xff, 0x6e, 0x00, 0x00,
  0x7b, 0xff, 0xff, 0x8d, 0x40, 0x40, 0x40, 0x40, 0x40, 0x40, 0x45, 0xff, 0xff, 0xde, 0x03, 0x06, 0xe6, 0xff, 0xde, 0x02,
  0x00, 0x00, 0x00, 0x00, 0x00, 0x00, 0x00, 0x7f, 0xff, 0xff, 0x54, 0x50, 0xff, 0xff, 0x73, 0x00, 0x00, 0x00, 0x00, 0x00,
  0x00, 0x00, 0x00, 0x17, 0xf8, 0xff, 0xba, 0x2b, 0xe6, 0xcb, 0x0a, 0x00, 0x00, 0x00, 0x00, 0x00, 0x00, 0x00, 0x00, 0x00,
  0x74, 0xf4, 0x89, 0x00, 0x00, 0x00, 0x00, 0x00, 0xa2, 0xf4, 0x6b, 0x00, 0x6b, 0xf5, 0xa2, 0x00, 0x00, 0x00, 0x00, 0x00,
  0x00, 0x00, 0x00, 0x00, 0x00, 0xf6, 0xff, 0xba, 0x00, 0xba, 0xff, 0xf6, 0x00, 0x00, 0x00, 0x00, 0x00, 0x00, 0x00, 0x00,
  0x00, 0x00, 0x7e, 0xcd, 0x51, 0x00, 0x51, 0xcd, 0x7f, 0x00, 0x00, 0x00, 0x00, 0x00, 0x00, 0x00, 0x00, 0x00, 0x00, 0x00,
  0x00, 0x00, 0x00, 0x00, 0x00, 0x00, 0x00, 0x00, 0x00, 0x00, 0x00, 0x00, 0x00, 0x00, 0x00, 0x00, 0x00, 0x00, 0xa0, 0xf6,
  0x97, 0x00, 0x00, 0x00, 0x00, 0x00, 0x00, 0x00, 0x00, 0x00, 0x00, 0x00, 0x00, 0x00, 0x4d, 0xff, 0xff, 0xff, 0x45, 0x00,
  0x00, 0x00, 0x00, 0x00, 0x00, 0x00, 0x00, 0x00, 0x00, 0x00, 0x00, 0xc2, 0xff, 0xff, 0xff, 0xb9, 0x00, 0x00, 0x00, 0x00,
  0x00, 0x00, 0x00, 0x00, 0x00, 0x00, 0x00, 0x34, 0xff, 0xff, 0xcb, 0xff, 0xff, 0x2d, 0x00, 0x00, 0x00, 0x00, 0x00, 0x00,
  0x00, 0x00, 0x00, 0x00, 0xa8, 0xff, 0xec, 0x18, 0xf4, 0xff, 0xa0, 0x00, 0x00, 0x00, 0x00, 0x00, 0x00, 0x00, 0x00, 0x00,
  0x1f, 0xfc, 0xff, 0x87, 0x00, 0x96, 0xff, 0xf9, 0x1a, 0x00, 0x00, 0x00, 0x00, 0x00, 0x00, 0x00, 0x00, 0x8e, 0xff, 0xfc,
  0x1e, 0x00, 0x28, 0xfe, 0xff, 0x87, 0x00, 0x00, 0x00, 0x00, 0x00, 0x00, 0x00, 0x0f, 0xf2, 0xff, 0xad, 0x00, 0x00, 0x00,
  0xba, 0xff, 0xee, 0x0c, 0x00, 0x00, 0x00, 0x00, 0x00, 0x00, 0x75, 0xff, 0xff, 0x40, 0x00, 0x00, 0x00, 0x4b, 0xff, 0xff,
  0x6e, 0x00, 0x00, 0x00, 0x00, 0x00, 0x04, 0xe3, 0xff, 0xd2, 0x00, 0x00, 0x00, 0x00, 0x01, 0xdb, 0xff, 0xde, 0x03, 0x00,
  0x00, 0x00, 0x00, 0x5b, 0xff, 0xff, 0xff, 0xff, 0xff, 0xff, 0xff, 0xff, 0xff, 0xff, 0xff, 0x55, 0x00, 0x00, 0x00, 0x00,
  0xce, 0xff, 0xff, 0xff, 0xff, 0xff, 0xff, 0xff, 0xff, 0xff, 0xff, 0xff, 0xc9, 0x00, 0x00, 0x00, 0x42, 0xff, 0xff, 0xc3,
  0x40, 0x40, 0x40, 0x40, 0x40, 0x40, 0x40, 0xcd, 0xff, 0xff, 0x3c, 0x00, 0x00, 0xb5, 0xff, 0xfb, 0x1c, 0x00, 0x00, 0x00,
  0x00, 0x00, 0x00, 0x00, 0x24, 0xfe, 0xff, 0xb0, 0x00, 0x19, 0xfe, 0xff, 0xab, 0x00, 0x00, 0x00, 0x00, 0x00, 0x00, 0x00,
  0x00, 0x00, 0xb4, 0xff, 0xfd, 0x18, 0x0b, 0xcf, 0xe5, 0x27, 0x00, 0x00, 0x00, 0x00, 0x00, 0x00, 0x00, 0x00, 0x00, 0x2c,
  0xe4, 0xd4, 0x0c, 0x00, 0x00, 0x00, 0x00, 0x00, 0x00, 0x00, 0x07, 0x1f, 0x03, 0x00, 0x00, 0x00, 0x00, 0x00, 0x00, 0x00,
  0x00, 0x00, 0x00, 0x00, 0x00, 0x52, 0xef, 0xff, 0xdf, 0x2f, 0x00, 0x00, 0x00, 0x00, 0x00, 0x00, 0x00, 0x00, 0x00, 0x00,
  0x0a, 0xf2, 0x68, 0x0c, 0x93, 0xca, 0x00, 0x00, 0x00, 0x00, 0x00, 0x00, 0x00, 0x00, 0x00, 0x00, 0x24, 0xff, 0x08, 0x00,
  0x38, 0xf3, 0x00, 0x00, 0x00, 0x00, 0x00, 0x00, 0x00, 0x00, 0x00, 0x00, 0x05, 0xe2, 0x8d, 0x33, 0xb1, 0xb5, 0x00, 0x00,
  0x00, 0x00, 0x00, 0x00, 0x00, 0x00, 0x00, 0x00, 0x00, 0x29, 0xcf, 0xf8, 0xb9, 0x11, 0x00, 0x00, 0x00, 0x00, 0x00, 0x00,
  0x00, 0x00, 0x00, 0x00, 0x00, 0x00, 0x00, 0x00, 0x00, 0x00, 0x00, 0x00, 0x00, 0x00, 0x00, 0x00, 0x00, 0x00, 0x00, 0x00,
  0x00, 0x00, 0xa3, 0xf4, 0x6f, 0x00, 0x00, 0x00, 0x00, 0x00, 0x00, 0x00, 0x00, 0x00, 0x00, 0x00, 0x00, 0x45, 0xff, 0xff,
  0xf7, 0x15, 0x00, 0x00, 0x00, 0x00, 0x00, 0x00, 0x00, 0x00, 0x00, 0x00, 0x00, 0xb6, 0xff, 0xff, 0xff, 0x7d, 0x00, 0x00,
  0x00, 0x00, 0x00, 0x00, 0x00, 0x00, 0x00, 0x00, 0x27, 0xfe, 0xff, 0xd3, 0xff, 0xe7, 0x06, 0x00, 0x00, 0x00, 0x00, 0x00,
  0x00, 0x00, 0x00, 0x00, 0x97, 0xff, 0xe6, 0x2e, 0xff, 0xff, 0x5f, 0x00, 0x00, 0x00, 0x00, 0x00, 0x00, 0x00, 0x00, 0x12,
  0xf5, 0xff, 0x84, 0x00, 0xc4, 0xff, 0xd0, 0x00, 0x00, 0x00, 0x00, 0x00, 0x00, 0x00, 0x00, 0x78, 0xff, 0xfe, 0x21, 0x00,
  0x5d, 0xff, 0xff, 0x40, 0x00, 0x00, 0x00, 0x00, 0x00, 0x00, 0x04, 0xe3, 0xff, 0xba, 0x00, 0x00, 0x08, 0xee, 0xff, 0xb1,
  0x00, 0x00, 0x00, 0x00, 0x00, 0x00, 0x59, 0xff, 0xff, 0x55, 0x00, 0x00, 0x00, 0x91, 0xff, 0xfd, 0x24, 0x00, 0x00, 0x00,
  0x00, 0x00, 0xc8, 0xff, 0xeb, 0x06, 0x00, 0x00, 0x00, 0x2b, 0xff, 0xff, 0x93, 0x00, 0x00, 0x00, 0x00, 0x3a, 0xff, 0xff,
  0xff, 0xff, 0xff, 0xff, 0xff, 0xff, 0xff, 0xff, 0xf3, 0x10, 0x00, 0x00, 0x00, 0xaa, 0xff, 0xff, 0xff, 0xff, 0xff, 0xff,
  0xff, 0xff, 0xff, 0xff, 0xff, 0x74, 0x00, 0x00, 0x1e, 0xfc, 0xff, 0xe8, 0x40, 0x40, 0x40, 0x40, 0x40, 0x40, 0x45, 0xff,
  0xff, 0xe1, 0x03, 0x00, 0x8b, 0xff, 0xff, 0x44, 0x00, 0x00, 0x00, 0x00, 0x00, 0x00, 0x00, 0x7f, 0xff, 0xff, 0x56, 0x00,
  0xec, 0xff, 0xd6, 0x00, 0x00, 0x00, 0x00, 0x00, 0x00, 0x00, 0x00, 0x17, 0xf8, 0xff, 0xba, 0x00, 0xb0, 0xf0, 0x47, 0x00,
  0x00, 0x00, 0x00, 0x00, 0x00, 0x00, 0x00, 0x00, 0x74, 0xf4, 0x89, 0x00, 0x00, 0x00, 0x00, 0x00, 0x00, 0x00, 0x00, 0x49,
  0xea, 0xff, 0xff, 0xff, 0xff, 0xff, 0xff, 0xff, 0xff, 0xff, 0xff, 0xc5, 0x00, 0x00, 0x00, 0x00, 0x00, 0x00, 0x00, 0x00,
  0x11, 0xea, 0xff, 0xff, 0xff, 0xff, 0xff, 0xff, 0xff, 0xff, 0xff, 0xff, 0xff, 0xd7, 0x00, 0x00, 0x00, 0x00, 0x00, 0x00,
  0x00, 0x00, 0x99, 0xff, 0xff, 0xff, 0xff, 0x26, 0x18, 0x18, 0x18, 0x18, 0x18, 0x18, 0x17, 0x04, 0x00, 0x00, 0x00, 0x00,
  0x00, 0x00, 0x00, 0x36, 0xfd, 0xff, 0xd8, 0xff, 0xff, 0x41, 0x00, 0x00, 0x00, 0x00, 0x00, 0x00, 0x00, 0x00, 0x00, 0x00,
  0x00, 0x00, 0x00, 0x00, 0x03, 0xcd, 0xff, 0xea, 0x2c, 0xff, 0xff, 0x75, 0x00, 0x00, 0x00, 0x00, 0x00, 0x00, 0x00, 0x00,
  0x00, 0x00, 0x00, 0x00, 0x00, 0x00, 0x6d, 0xff, 0xff, 0x61, 0x00, 0xe4, 0xff, 0xa9, 0x00, 0x00, 0x00, 0x00, 0x00, 0x00,
  0x00, 0x00, 0x00, 0x00, 0x00, 0x00, 0x00, 0x18, 0xf0, 0xff, 0xc7, 0x01, 0x00, 0xac, 0xff, 0xf0, 0x18, 0x18, 0x18, 0x18,
  0x18, 0x18, 0x11, 0x00, 0x00, 0x00, 0x00, 0x00, 0x00, 0xa6, 0xff, 0xfd, 0x32, 0x00, 0x00, 0x74, 0xff, 0xff, 0xff, 0xff,
  0xff, 0xff, 0xff, 0xff, 0xff, 0x64, 0x00, 0x00, 0x00, 0x00, 0x42, 0xff, 0xff, 0x96, 0x00, 0x00, 0x00, 0x3d, 0xff, 0xff,
  0xff, 0xff, 0xff, 0xff, 0xff, 0xff, 0xf8, 0x57, 0x00, 0x00, 0x00, 0x06, 0xd7, 0xff, 0xeb, 0x12, 0x00, 0x00, 0x00, 0x09,
  0xfb, 0xff, 0x7d, 0x00, 0x00, 0x00, 0x00, 0x00, 0x00, 0x00, 0x00, 0x00, 0x00, 0x7a, 0xff, 0xff, 0xff, 0xff, 0xff, 0xff,
  0xff, 0xff, 0xff, 0xff, 0xb3, 0x00, 0x00, 0x00, 0x00, 0x00, 0x00, 0x00, 0x00, 0x00, 0x1f, 0xf5, 0xff, 0xff, 0xff, 0xff,
  0xff, 0xff, 0xff, 0xff, 0xff, 0xff, 0xe8, 0x00, 0x00, 0x00, 0x00, 0x00, 0x00, 0x00, 0x00, 0x00, 0xb2, 0xff, 0xff, 0x50,
  0x18, 0x18, 0x18, 0x18, 0x18, 0x18, 0x76, 0xff, 0xff, 0x1e, 0x00, 0x00, 0x00, 0x00, 0x00, 0x00, 0x00, 0x4f, 0xff, 0xff,
  0xa2, 0x00, 0x00, 0x00, 0x00, 0x00, 0x00, 0x00, 0x2a, 0xff, 0xff, 0x6c, 0x18, 0x18, 0x18, 0x18, 0x17, 0x04, 0x00, 0xd8,
  0xff, 0xf3, 0x1a, 0x00, 0x00, 0x00, 0x00, 0x00, 0x00, 0x00, 0x02, 0xf2, 0xff, 0xff, 0xff, 0xff, 0xff, 0xff, 0xff, 0xd8,
  0x00, 0xc5, 0xeb, 0x57, 0x00, 0x00, 0x00, 0x00, 0x00, 0x00, 0x00, 0x00, 0x00, 0x8c, 0xfd, 0xff, 0xff, 0xff, 0xff, 0xff,
  0xff, 0xc4, 0x00, 0x00, 0x00, 0x00, 0x00, 0x18, 0x80, 0xc7, 0xea, 0xf9, 0xe4, 0xc9, 0x91, 0x32, 0x00, 0x00, 0x00, 0x00,
  0x00, 0x5f, 0xf5, 0xff, 0xff, 0xff, 0xff, 0xff, 0xff, 0xff, 0xff, 0x66, 0x00, 0x00, 0x00, 0x56, 0xff, 0xff, 0xf5, 0x8b,
  0x39, 0x20, 0x36, 0x70, 0xda, 0xff, 0x6d, 0x00, 0x00, 0x0d, 0xed, 0xff, 0xf3, 0x35, 0x00, 0x00, 0x00, 0x00, 0x00, 0x02,
  0x22, 0x00, 0x00, 0x00, 0x6c, 0xff, 0xff, 0x7a, 0x00, 0x00, 0x00, 0x00, 0x00, 0x00, 0x00, 0x00, 0x00, 0x00, 0x00, 0xb5,
  0xff, 0xff, 0x1b, 0x00, 0x00, 0x00, 0x00, 0x00, 0x00, 0x00, 0x00, 0x00, 0x00, 0x00, 0xe4, 0xff, 0xe2, 0x00, 0x00, 0x00,
  0x00, 0x00, 0x00, 0x00, 0x00, 0x00, 0x00, 0x00, 0x00, 0xf7, 0xff, 0xcd, 0x00, 0x00, 0x00, 0x00, 0x00, 0x00, 0x00, 0x00,
  0x00, 0x00, 0x00, 0x00, 0xf4, 0xff, 0xce, 0x00, 0x00, 0x00, 0x00, 0x00, 0x00, 0x00, 0x00, 0x00, 0x00, 0x00, 0x00, 0xdd,
  0xff, 0xe3, 0x00, 0x00, 0x00, 0x00, 0x00, 0x00, 0x00, 0x00, 0x00, 0x00, 0x00, 0x00, 0xb5, 0xff, 0xff, 0x1d, 0x00, 0x00,
  0x00, 0x00, 0x00, 0x00, 0x00, 0x00, 0x00, 0x00, 0x00, 0x66, 0xff, 0xff, 0x7b, 0x00, 0x00, 0x00, 0x00, 0x00, 0x00, 0x00,
  0x00, 0x00, 0x00, 0x00, 0x11, 0xe9, 0xff, 0xf4, 0x34, 0x00, 0x00, 0x00, 0x00, 0x00, 0x00, 0x24, 0x00, 0x00, 0x00, 0x00,
  0x52, 0xff, 0xff, 0xf4, 0x87, 0x38, 0x1f, 0x35, 0x6c, 0xd6, 0xff, 0x7c, 0x00, 0x00, 0x00, 0x00, 0x54, 0xf4, 0xff, 0xff,
  0xff, 0xff, 0xff, 0xff, 0xff, 0xfe, 0x66, 0x00, 0x00, 0x00, 0x00, 0x00, 0x18, 0x78, 0xc6, 0xff, 0xff, 0xf0, 0xcb, 0x8d,
  0x2b, 0x00, 0x00, 0x00, 0x00, 0x00, 0x00, 0x00, 0x00, 0x00, 0xbd, 0xff, 0x46, 0x04, 0x00, 0x00, 0x00, 0x00, 0x00, 0x00,
  0x00, 0x00, 0x00, 0x00, 0x00, 0x9c, 0xbe, 0xf9, 0xb9, 0x00, 0x00, 0x00, 0x00, 0x00, 0x00, 0x00, 0x00, 0x00, 0x00, 0x2d,
  0x1e, 0x1d, 0xd4, 0xee, 0x00, 0x00, 0x00, 0x00, 0x00, 0x00, 0x00, 0x00, 0x00, 0x00, 0xce, 0xff, 0xff, 0xf9, 0x6e, 0x00,
  0x00, 0x00, 0x00, 0x00, 0x00, 0x00, 0x00, 0x00, 0x00, 0x05, 0x31, 0x38, 0x12, 0x00, 0x00, 0x00, 0x00, 0x00, 0x00, 0x00,
  0x00, 0x00, 0x0d, 0x25, 0x00, 0x00, 0x00, 0x00, 0x00, 0x00, 0x00, 0x00, 0x00, 0x00, 0x00, 0xc8, 0xfd, 0x43, 0x00, 0x00,
  0x00, 0x00, 0x00, 0x00, 0x00, 0x00, 0x00, 0x00, 0x8f, 0xff, 0xe1, 0x0e, 0x00, 0x00, 0x00, 0x00, 0x00, 0x00, 0x00, 0x00,
  0x00, 0x03, 0xad, 0xff, 0x9b, 0x00, 0x00, 0x00, 0x00, 0x00, 0x00, 0x00, 0x00, 0x00, 0x00, 0x07, 0xb9, 0xba, 0x00, 0x00,
  0x00, 0x00, 0x00, 0x00, 0x00, 0x00, 0x00, 0x00, 0x00, 0x00, 0x00, 0x00, 0x00, 0x00, 0x00, 0x00, 0x00, 0x00, 0x97, 0xfb,
  0xff, 0xff, 0xff, 0xff, 0xff, 0xff, 0xff, 0xf7, 0x4d, 0x00, 0x00, 0xfa, 0xff, 0xff, 0xff, 0xff, 0xff, 0xff, 0xff, 0xff,
  0xff, 0x58, 0x00, 0x00, 0xff, 0xff, 0xc9, 0x18, 0x18, 0x18, 0x18, 0x18, 0x18, 0x10, 0x00, 0x00, 0x00, 0xff, 0xff, 0xc4,
  0x00, 0x00, 0x00, 0x00, 0x00, 0x00, 0x00, 0x00, 0x00, 0x00, 0xff, 0xff, 0xc4, 0x00, 0x00, 0x00, 0x00, 0x00, 0x00, 0x00,
  0x00, 0x00, 0x00, 0xff, 0xff, 0xc4, 0x00, 0x00, 0x00, 0x00, 0x00, 0x00, 0x00, 0x00, 0x00, 0x00, 0xff, 0xff, 0xc4, 0x00,
  0x00, 0x00, 0x00, 0x00, 0x00, 0x00, 0x00, 0x00, 0x00, 0xff, 0xff, 0xff, 0xff, 0xff, 0xff, 0xff, 0xff, 0xff, 0xc5, 0x00,
  0x00, 0x00, 0xff, 0xff, 0xff, 0xff, 0xff, 0xff, 0xff, 0xff, 0xff, 0xd8, 0x00, 0x00, 0x00, 0xff, 0xff, 0xc9, 0x18, 0x18,
  0x18, 0x18, 0x18, 0x17, 0x04, 0x00, 0x00, 0x00, 0xff, 0xff, 0xc4, 0x00, 0x00, 0x00, 0x00, 0x00, 0x00, 0x00, 0x00, 0x00,
  0x00, 0xff, 0xff, 0xc4, 0x00, 0x00, 0x00, 0x00, 0x00, 0x00, 0x00, 0x00, 0x00, 0x00, 0xff, 0xff, 0xc4, 0x00, 0x00, 0x00,
  0x00, 0x00, 0x00, 0x00, 0x00, 0x00, 0x00, 0xff, 0xff, 0xc9, 0x18, 0x18, 0x18, 0x18, 0x18, 0x18, 0x10, 0x00, 0x00, 0x00,
  0xfa, 0xff, 0xff, 0xff, 0xff, 0xff, 0xff, 0xff, 0xff, 0xff, 0x58, 0x00, 0x00, 0x97, 0xfb, 0xff, 0xff, 0xff, 0xff, 0xff,
  0xff, 0xff, 0xf7, 0x4d, 0x00, 0x00, 0x00, 0x00, 0x00, 0x00, 0x00, 0x00, 0x00, 0x21, 0x11, 0x00, 0x00, 0x00, 0x00, 0x00,
  0x00, 0x00, 0x00, 0x00, 0x00, 0x33, 0xf9, 0xdc, 0x00, 0x00, 0x00, 0x00, 0x00, 0x00, 0x00, 0x00, 0x00, 0x07, 0xd4, 0xff,
  0xa2, 0x00, 0x00, 0x00, 0x00, 0x00, 0x00, 0x00, 0x00, 0x00, 0x87, 0xff, 0xbd, 0x07, 0x00, 0x00, 0x00, 0x00, 0x00, 0x00,
  0x00, 0x00, 0x00, 0xa6, 0xc7, 0x0d, 0x00, 0x00, 0x00, 0x00, 0x00, 0x00, 0x00, 0x00, 0x00, 0x00, 0x00, 0x00, 0x00, 0x00,
  0x00, 0x00, 0x00, 0x00, 0x97, 0xfb, 0xff, 0xff, 0xff, 0xff, 0xff, 0xff, 0xff, 0xf7, 0x4d, 0x00, 0x00, 0xfa, 0xff, 0xff,
  0xff, 0xff, 0xff, 0xff, 0xff, 0xff, 0xff, 0x58, 0x00, 0x00, 0xff, 0xff, 0xc9, 0x18, 0x18, 0x18, 0x18, 0x18, 0x18, 0x10,
  0x00, 0x00, 0x00, 0xff, 0xff, 0xc4, 0x00, 0x00, 0x00, 0x00, 0x00, 0x00, 0x00, 0x00, 0x00, 0x00, 0xff, 0xff, 0xc4, 0x00,
  0x00, 0x00, 0x00, 0x00, 0x00, 0x00, 0x00, 0x00, 0x00, 0xff, 0xff, 0xc4, 0x00, 0x00, 0x00, 0x00, 0x00, 0x00, 0x00, 0x00,
  0x00, 0x00, 0xff, 0xff, 0xc4, 0x00, 0x00, 0x00, 0x00, 0x00, 0x00, 0x00, 0x00, 0x00, 0x00, 0xff, 0xff, 0xff, 0xff, 0xff,
  0xff, 0xff, 0xff, 0xff, 0xc5, 0x00, 0x00, 0x00, 0xff, 0xff, 0xff, 0xff, 0xff, 0xff, 0xff, 0xff, 0xff, 0xd8, 0x00, 0x00,
  0x00, 0xff, 0xff, 0xc9, 0x18, 0x18, 0x18, 0x18, 0x18, 0x17, 0x04, 0x00, 0x00, 0x00, 0xff, 0xff, 0xc4, 0x00, 0x00, 0x00,
  0x00, 0x00, 0x00, 0x00, 0x00, 0x00, 0x00, 0xff, 0xff, 0xc4, 0x00, 0x00, 0x00, 0x00, 0x00, 0x00, 0x00, 0x00, 0x00, 0x00,
  0xff, 0xff, 0xc4, 0x00, 0x00, 0x00, 0x00, 0x00, 0x00, 0x00, 0x00, 0x00, 0x00, 0xff, 0xff, 0xc9, 0x18, 0x18, 0x18, 0x18,
  0x18, 0x18, 0x10, 0x00, 0x00, 0x00, 0xfa, 0xff, 0xff, 0xff, 0xff, 0xff, 0xff, 0xff, 0xff, 0xff, 0x58, 0x00, 0x00, 0x97,
  0xfb, 0xff, 0xff, 0xff, 0xff, 0xff, 0xff, 0xff, 0xf7, 0x4d, 0x00, 0x00, 0x00, 0x00, 0x00, 0x00, 0x28, 0x6f, 0x34, 0x00,
  0x00, 0x00, 0x00, 0x00, 0x00, 0x00, 0x00, 0x00, 0x25, 0xf2, 0xff, 0xfb, 0x3e, 0x00, 0x00, 0x00, 0x00, 0x00, 0x00, 0x00,
  0x03, 0xc7, 0xff, 0xb7, 0xff, 0xde, 0x0c, 0x00, 0x00, 0x00, 0x00, 0x00, 0x00, 0x7a, 0xff, 0xae, 0x01, 0x8b, 0xff, 0x97,
  0x00, 0x00, 0x00, 0x00, 0x00, 0x00, 0x9e, 0xcd, 0x0c, 0x00, 0x02, 0xb1, 0xc0, 0x00, 0x00, 0x00, 0x00, 0x00, 0x00, 0x00,
  0x00, 0x00, 0x00, 0x00, 0x00, 0x00, 0x00, 0x00, 0x00, 0x00, 0x97, 0xfb, 0xff, 0xff, 0xff, 0xff, 0xff, 0xff, 0xff, 0xf7,
  0x4d, 0x00, 0x00, 0xfa, 0xff, 0xff, 0xff, 0xff, 0xff, 0xff, 0xff, 0xff, 0xff, 0x58, 0x00, 0x00, 0xff, 0xff, 0xc9, 0x18,
  0x18, 0x18, 0x18, 0x18, 0x18, 0x10, 0x00, 0x00, 0x00, 0xff, 0xff, 0xc4, 0x00, 0x00, 0x00, 0x00, 0x00, 0x00, 0x00, 0x00,
  0x00, 0x00, 0xff, 0xff, 0xc4, 0x00, 0x00, 0x00, 0x00, 0x00, 0x00, 0x00, 0x00, 0x00, 0x00, 0xff, 0xff, 0xc4, 0x00, 0x00,
  0x00, 0x00, 0x00, 0x00, 0x00, 0x00, 0x00, 0x00, 0xff, 0xff, 0xc4, 0x00, 0x00, 0x00, 0x00, 0x00, 0x00, 0x00, 0x00, 0x00,
  0x00, 0xff, 0xff, 0xff, 0xff, 0xff, 0xff, 0xff, 0xff, 0xff, 0xc5, 0x00, 0x00, 0x00, 0xff, 0xff, 0xff, 0xff, 0xff, 0xff,
  0xff, 0xff, 0xff, 0xd8, 0x00, 0x00, 0x00, 0xff, 0xff, 0xc9, 0x18, 0x18, 0x18, 0x18, 0x18, 0x17, 0x04, 0x00, 0x00, 0x00,
  0xff, 0xff, 0xc4, 0x00, 0x00, 0x00, 0x00, 0x00, 0x00, 0x00, 0x00, 0x00, 0x00, 0xff, 0xff, 0xc4, 0x00, 0x00, 0x00, 0x00,
  0x00, 0x00, 0x00, 0x00, 0x00, 0x00, 0xff, 0xff, 0xc4, 0x00, 0x00, 0x00, 0x00, 0x00, 0x00, 0x00, 0x00, 0x00, 0x00, 0xff,
  0xff, 0xc9, 0x18, 0x18, 0x18, 0x18, 0x18, 0x18, 0x10, 0x00, 0x00, 0x00, 0xfa, 0xff, 0xff, 0xff, 0xff, 0xff, 0xff, 0xff,
  0xff, 0xff, 0x58, 0x00, 0x00, 0x97, 0xfb, 0xff, 0xff, 0xff, 0xff, 0xff, 0xff, 0xff, 0xf7, 0x4d, 0x00, 0x00, 0x00, 0x00,
  0x9f, 0xf4, 0x6b, 0x00, 0x6b, 0xf4, 0xa2, 0x00, 0x00, 0x00, 0x00, 0x00, 0x00, 0xf6, 0xff, 0xba, 0x00, 0xba, 0xff, 0xf6,
  0x00, 0x00, 0x00, 0x00, 0x00, 0x00, 0x7c, 0xcd, 0x51, 0x00, 0x51, 0xcd, 0x81, 0x00, 0x00, 0x00, 0x00, 0x00, 0x00, 0x00,
  0x00, 0x00, 0x00, 0x00, 0x00, 0x00, 0x00, 0x00, 0x00, 0x00, 0x97, 0xfb, 0xff, 0xff, 0xff, 0xff, 0xff, 0xff, 0xff, 0xf7,
  0x4d, 0x00, 0x00, 0xfa, 0xff, 0xff, 0xff, 0xff, 0xff, 0xff, 0xff, 0xff, 0xff, 0x58, 0x00, 0x00, 0xff, 0xff, 0xc9, 0x18,
  0x18, 0x18, 0x18, 0x18, 0x18, 0x10, 0x00, 0x00, 0x00, 0xff, 0xff, 0xc4, 0x00, 0x00, 0x00, 0x00, 0x00, 0x00, 0x00, 0x00,
  0x00, 0x00, 0xff, 0xff, 0xc4, 0x00, 0x00, 0x00, 0x00, 0x00, 0x00, 0x00, 0x00, 0x00, 0x00, 0xff, 0xff, 0xc4, 0x00, 0x00,
  0x00, 0x00, 0x00, 0x00, 0x00, 0x00, 0x00, 0x00, 0xff, 0xff, 0xc4, 0x00, 0x00, 0x00, 0x00, 0x00, 0x00, 0x00, 0x00, 0x00,
  0x00, 0xff, 0xff, 0xff, 0xff, 0xff, 0xff, 0xff, 0xff, 0xff, 0xc5, 0x00, 0x00, 0x00, 0xff, 0xff, 0xff, 0xff, 0xff, 0xff,
  0xff, 0xff, 0xff, 0xd8, 0x00, 0x00, 0x00, 0xff, 0xff, 0xc9, 0x18, 0x18, 0x18, 0x18, 0x18, 0x17, 0x04, 0x00, 0x00, 0x00,
  0xff, 0xff, 0xc4, 0x00, 0x00, 0x00, 0x00, 0x00, 0x00, 0x00, 0x00, 0x00, 0x00, 0xff, 0xff, 0xc4, 0x00, 0x00, 0x00, 0x00,
  0x00, 0x00, 0x00, 0x00, 0x00, 0x00, 0xff, 0xff, 0xc4, 0x00, 0x00, 0x00, 0x00, 0x00, 0x00, 0x00, 0x00, 0x00, 0x00, 0xff,
  0xff, 0xc9, 0x18, 0x18, 0x18, 0x18, 0x18, 0x18, 0x10, 0x00, 0x00, 0x00, 0xfa, 0xff, 0xff, 0xff, 0xff, 0xff, 0xff, 0xff,
  0xff, 0xff, 0x58, 0x00, 0x00, 0x97, 0xfb, 0xff, 0xff, 0xff, 0xff, 0xff, 0xff, 0xff, 0xf7, 0x4d, 0x11, 0x22, 0x00, 0x00,
  0x00, 0x00, 0xdc, 0xfa, 0x35, 0x00, 0x00, 0x00, 0x9f, 0xff, 0xd5, 0x07, 0x00, 0x00, 0x06, 0xba, 0xff, 0x88, 0x00, 0x00,
  0x00, 0x0c, 0xc4, 0xaa, 0x00, 0x00, 0x00, 0x00, 0x00, 0x00, 0x00, 0x00, 0x00, 0x00, 0xa1, 0xf5, 0x6a, 0x00, 0x00, 0x00,
  0xfc, 0xff, 0xbf, 0x00, 0x00, 0x00, 0xff, 0xff, 0xc4, 0x00, 0x00, 0x00, 0xff, 0xff, 0xc4, 0x00, 0x00, 0x00, 0xff, 0xff,
  0xc4, 0x00, 0x00, 0x00, 0xff, 0xff, 0xc4, 0x00, 0x00, 0x00, 0xff, 0xff, 0xc4, 0x00, 0x00, 0x00, 0xff, 0xff, 0xc4, 0x00,
  0x00, 0x00, 0xff, 0xff, 0xc4, 0x00, 0x00, 0x00, 0xff, 0xff, 0xc4, 0x00, 0x00, 0x00, 0xff, 0xff, 0xc4, 0x00, 0x00, 0x00,
  0xff, 0xff, 0xc4, 0x00, 0x00, 0x00, 0xff, 0xff, 0xc4, 0x00, 0x00, 0x00, 0xff, 0xff, 0xc4, 0x00, 0x00, 0x00, 0xfc, 0xff,
  0xc0, 0x00, 0x00, 0x00, 0xa1, 0xf5, 0x6c, 0x00, 0x00, 0x00, 0x00, 0x00, 0x00, 0x21, 0x10, 0x00, 0x00, 0x00, 0x00, 0x33,
  0xf9, 0xda, 0x00, 0x00, 0x00, 0x07, 0xd4, 0xff, 0xa2, 0x00, 0x00, 0x00, 0x88, 0xff, 0xbc, 0x06, 0x00, 0x00, 0x00, 0xaa,
  0xc4, 0x0c, 0x00, 0x00, 0x00, 0x00, 0x00, 0x00, 0x00, 0x00, 0x00, 0x00, 0xa1, 0xf5, 0x6a, 0x00, 0x00, 0x00, 0x00, 0xfc,
  0xff, 0xbf, 0x00, 0x00, 0x00, 0x00, 0xff, 0xff, 0xc4, 0x00, 0x00, 0x00, 0x00, 0xff, 0xff, 0xc4, 0x00, 0x00, 0x00, 0x00,
  0xff, 0xff, 0xc4, 0x00, 0x00, 0x00, 0x00, 0xff, 0xff, 0xc4, 0x00, 0x00, 0x00, 0x00, 0xff, 0xff, 0xc4, 0x00, 0x00, 0x00,
  0x00, 0xff, 0xff, 0xc4, 0x00, 0x00, 0x00, 0x00, 0xff, 0xff, 0xc4, 0x00, 0x00, 0x00, 0x00, 0xff, 0xff, 0xc4, 0x00, 0x00,
  0x00, 0x00, 0xff, 0xff, 0xc4, 0x00, 0x00, 0x00, 0x00, 0xff, 0xff, 0xc4, 0x00, 0x00, 0x00, 0x00, 0xff, 0xff, 0xc4, 0x00,
  0x00, 0x00, 0x00, 0xff, 0xff, 0xc4, 0x00, 0x00, 0x00, 0x00, 0xfc, 0xff, 0xc0, 0x00, 0x00, 0x00, 0x00, 0xa1, 0xf5, 0x6c,
  0x00, 0x00, 0x00, 0x00, 0x13, 0xb9, 0xf0, 0x97, 0x04, 0x00, 0x00, 0x03, 0xbd, 0xff, 0xe9, 0xff, 0x89, 0x00, 0x00, 0x86,
  0xff, 0xa5, 0x10, 0xd0, 0xfe, 0x4c, 0x00, 0xcc, 0xb2, 0x05, 0x00, 0x18, 0xd6, 0x97, 0x00, 0x00, 0x00, 0x00, 0x00, 0x00,
  0x00, 0x00, 0x00, 0x00, 0x00, 0xa1, 0xf5, 0x6a, 0x00, 0x00, 0x00, 0x00, 0x00, 0xfc, 0xff, 0xbf, 0x00, 0x00, 0x00, 0x00,
  0x00, 0xff, 0xff, 0xc4, 0x00, 0x00, 0x00, 0x00, 0x00, 0xff, 0xff, 0xc4, 0x00, 0x00, 0x00, 0x00, 0x00, 0xff, 0xff, 0xc4,
  0x00, 0x00, 0x00, 0x00, 0x00, 0xff, 0xff, 0xc4, 0x00, 0x00, 0x00, 0x00, 0x00, 0xff, 0xff, 0xc4, 0x00, 0x00, 0x00, 0x00,
  0x00, 0xff, 0xff, 0xc4, 0x00, 0x00, 0x00, 0x00, 0x00, 0xff, 0xff, 0xc4, 0x00, 0x00, 0x00, 0x00, 0x00, 0xff, 0xff, 0xc4,
  0x00, 0x00, 0x00, 0x00, 0x00, 0xff, 0xff, 0xc4, 0x00, 0x00, 0x00, 0x00, 0x00, 0xff, 0xff, 0xc4, 0x00, 0x00, 0x00, 0x00,
  0x00, 0xff, 0xff, 0xc4, 0x00, 0x00, 0x00, 0x00, 0x00, 0xff, 0xff, 0xc4, 0x00, 0x00, 0x00, 0x00, 0x00, 0xfc, 0xff, 0xc0,
  0x00, 0x00, 0x00, 0x00, 0x00, 0xa1, 0xf5, 0x6c, 0x00, 0x00, 0xa2, 0xf4, 0x6b, 0x00, 0x6b, 0xf5, 0xa2, 0xf6, 0xff, 0xba,
  0x00, 0xba, 0xff, 0xf6, 0x7e, 0xcd, 0x51, 0x00, 0x51, 0xcd, 0x81, 0x00, 0x00, 0x00, 0x00, 0x00, 0x00, 0x00, 0x00, 0x00,
  0xa1, 0xf5, 0x6a, 0x00, 0x00, 0x00, 0x00, 0xfc, 0xff, 0xbf, 0x00, 0x00, 0x00, 0x00, 0xff, 0xff, 0xc4, 0x00, 0x00, 0x00,
  0x00, 0xff, 0xff, 0xc4, 0x00, 0x00, 0x00, 0x00, 0xff, 0xff, 0xc4, 0x00, 0x00, 0x00, 0x00, 0xff, 0xff, 0xc4, 0x00, 0x00,
  0x00, 0x00, 0xff, 0xff, 0xc4, 0x00, 0x00, 0x00, 0x00, 0xff, 0xff, 0xc4, 0x00, 0x00, 0x00, 0x00, 0xff, 0xff, 0xc4, 0x00,
  0x00, 0x00, 0x00, 0xff, 0xff, 0xc4, 0x00, 0x00, 0x00, 0x00, 0xff, 0xff, 0xc4, 0x00, 0x00, 0x00, 0x00, 0xff, 0xff, 0xc4,
  0x00, 0x00, 0x00, 0x00, 0xff, 0xff, 0xc4, 0x00, 0x00, 0x00, 0x00, 0xff, 0xff, 0xc4, 0x00, 0x00, 0x00, 0x00, 0xfc, 0xff,
  0xc0, 0x00, 0x00, 0x00, 0x00, 0xa1, 0xf5, 0x6c, 0x00, 0x00, 0x00, 0x00, 0x99, 0xfb, 0xff, 0xff, 0xff, 0xff, 0xf0, 0xd9,
  0xa1, 0x4d, 0x01, 0x00, 0x00, 0x00, 0x00, 0x00, 0x00, 0xfa, 0xff, 0xff, 0xff, 0xff, 0xff, 0xff, 0xff, 0xff, 0xff, 0xca,
  0x20, 0x00, 0x00, 0x00, 0x00, 0x00, 0xff, 0xff, 0xc9, 0x18, 0x18, 0x19, 0x2a, 0x5a, 0xbd, 0xff, 0xff, 0xe7, 0x1a, 0x00,
  0x00, 0x00, 0x00, 0xff, 0xff, 0xc4, 0x00, 0x00, 0x00, 0x00, 0x00, 0x00, 0x7a, 0xff, 0xff, 0xb5, 0x00, 0x00, 0x00, 0x00,
  0xff, 0xff, 0xc4, 0x00, 0x00, 0x00, 0x00, 0x00, 0x00, 0x00, 0xbd, 0xff, 0xff, 0x2e, 0x00, 0x00, 0x00, 0xff, 0xff, 0xc4,
  0x00, 0x00, 0x00, 0x00, 0x00, 0x00, 0x00, 0x55, 0xff, 0xff, 0x77, 0x00, 0x00, 0x00, 0xff, 0xff, 0xc4, 0x00, 0x00, 0x00,
  0x00, 0x00, 0x00, 0x00, 0x1e, 0xff, 0xff, 0xa7, 0x00, 0xc9, 0xff, 0xff, 0xff, 0xff, 0xff, 0xff, 0xff, 0xe4, 0x11, 0x00,
  0x00, 0x07, 0xff, 0xff, 0xba, 0x00, 0xdc, 0xff, 0xff, 0xff, 0xff, 0xff, 0xff, 0xff, 0xf2, 0x16, 0x00, 0x00, 0x09, 0xff,
  0xff, 0xba, 0x00, 0x05, 0x17, 0xff, 0xff, 0xdc, 0x18, 0x18, 0x18, 0x09, 0x00, 0x00, 0x00, 0x1f, 0xff, 0xff, 0xa6, 0x00,
  0x00, 0x00, 0xff, 0xff, 0xc4, 0x00, 0x00, 0x00, 0x00, 0x00, 0x00, 0x00, 0x57, 0xff, 0xff, 0x75, 0x00, 0x00, 0x00, 0xff,
  0xff, 0xc4, 0x00, 0x00, 0x00, 0x00, 0x00, 0x00, 0x00, 0xbd, 0xff, 0xff, 0x2c, 0x00, 0x00, 0x00, 0xff, 0xff, 0xc4, 0x00,
  0x00, 0x00, 0x00, 0x00, 0x00, 0x7a, 0xff, 0xff, 0xb3, 0x00, 0x00, 0x00, 0x00, 0xff, 0xff, 0xc9, 0x18, 0x18, 0x19, 0x29,
  0x5a, 0xbd, 0xff, 0xff, 0xe7, 0x19, 0x00, 0x00, 0x00, 0x00, 0xfa, 0xff, 0xff, 0xff, 0xff, 0xff, 0xff, 0xff, 0xff, 0xff,
  0xc9, 0x20, 0x00, 0x00, 0x00, 0x00, 0x00, 0x99, 0xfb, 0xff, 0xff, 0xff, 0xff, 0xf1, 0xda, 0xa1, 0x4c, 0x01, 0x00, 0x00,
  0x00, 0x00, 0x00, 0x00, 0x00, 0x00, 0x00, 0x28, 0x63, 0x3f, 0x01, 0x00, 0x00, 0x0f, 0x80, 0x09, 0x00, 0x00, 0x00, 0x00,
  0x00, 0x00, 0x00, 0x56, 0xfb, 0xff, 0xff, 0xcb, 0x46, 0x08, 0x9b, 0xfa, 0x10, 0x00, 0x00, 0x00, 0x00, 0x00, 0x00, 0x03,
  0xe7, 0xd8, 0x6d, 0xac, 0xff, 0xff, 0xff, 0xff, 0x9e, 0x00, 0x00, 0x00, 0x00, 0x00, 0x00, 0x00, 0x16, 0xe3, 0x36, 0x00,
  0x00, 0x34, 0xa3, 0xc8, 0x8b, 0x0a, 0x00, 0x00, 0x00, 0x00, 0x00, 0x00, 0x00, 0x00, 0x00, 0x00, 0x00, 0x00, 0x00, 0x00,
  0x00, 0x00, 0x00, 0x00, 0x00, 0x00, 0x00, 0x00, 0x00, 0xab, 0xeb, 0x48, 0x00, 0x00, 0x00, 0x00, 0x00, 0x00, 0x00, 0x6e,
  0xf5, 0xa8, 0x00, 0x00, 0x00, 0x00, 0xfd, 0xff, 0xf0, 0x22, 0x00, 0x00, 0x00, 0x00, 0x00, 0x00, 0xc1, 0xff, 0xfd, 0x00,
  0x00, 0x00, 0x00, 0xff, 0xff, 0xff, 0xcc, 0x06, 0x00, 0x00, 0x00, 0x00, 0x00, 0xc4, 0xff, 0xff, 0x00, 0x00, 0x00, 0x00,
  0xff, 0xff, 0xff, 0xff, 0x93, 0x00, 0x00, 0x00, 0x00, 0x00, 0xc4, 0xff, 0xff, 0x00, 0x00, 0x00, 0x00, 0xff, 0xff, 0xff,
  0xff, 0xff, 0x53, 0x00, 0x00, 0x00, 0x00, 0xc4, 0xff, 0xff, 0x00, 0x00, 0x00, 0x00, 0xff, 0xff, 0xc8, 0xc4, 0xff, 0xf0,
  0x22, 0x00, 0x00, 0x00, 0xc4, 0xff, 0xff, 0x00, 0x00, 0x00, 0x00, 0xff, 0xff, 0xc4, 0x1c, 0xec, 0xff, 0xcc, 0x06, 0x00,
  0x00, 0xc4, 0xff, 0xff, 0x00, 0x00, 0x00, 0x00, 0xff, 0xff, 0xc4, 0x00, 0x4b, 0xfe, 0xff, 0x93, 0x00, 0x00, 0xc4, 0xff,
  0xff, 0x00, 0x00, 0x00, 0x00, 0xff, 0xff, 0xc4, 0x00, 0x00, 0x8a, 0xff, 0xff, 0x53, 0x00, 0xc4, 0xff, 0xff, 0x00, 0x00,
  0x00, 0x00, 0xff, 0xff, 0xc4, 0x00, 0x00, 0x04, 0xc6, 0xff, 0xf0, 0x22, 0xc4, 0xff, 0xff, 0x00, 0x00, 0x00, 0x00, 0xff,
  0xff, 0xc4, 0x00, 0x00, 0x00, 0x1d, 0xed, 0xff, 0xcc, 0xca, 0xff, 0xff, 0x00, 0x00, 0x00, 0x00, 0xff, 0xff, 0xc4, 0x00,
  0x00, 0x00, 0x00, 0x4c, 0xfe, 0xff, 0xff, 0xff, 0xff, 0x00, 0x00, 0x00, 0x00, 0xff, 0xff, 0xc4, 0x00, 0x00, 0x00, 0x00,
  0x00, 0x8c, 0xff, 0xff, 0xff, 0xff, 0x00, 0x00, 0x00, 0x00, 0xff, 0xff, 0xc4, 0x00, 0x00, 0x00, 0x00, 0x00, 0x05, 0xc7,
  0xff, 0xff, 0xff, 0x00, 0x00, 0x00, 0x00, 0xfd, 0xff, 0xc1, 0x00, 0x00, 0x00, 0x00, 0x00, 0x00, 0x1e, 0xee, 0xff, 0xfe,
  0x00, 0x00, 0x00, 0x00, 0xa7, 0xf6, 0x72, 0x00, 0x00, 0x00, 0x00, 0x00, 0x00, 0x00, 0x42, 0xe8, 0xb3, 0x00, 0x00, 0x00,
  0x00, 0x00, 0x00, 0x00, 0x1b, 0x17, 0x00, 0x00, 0x00, 0x00, 0x00, 0x00, 0x00, 0x00, 0x00, 0x00, 0x00, 0x00, 0x00, 0x00,
  0x18, 0xf8, 0xe5, 0x12, 0x00, 0x00, 0x00, 0x00, 0x00, 0x00, 0x00, 0x00, 0x00, 0x00, 0x00, 0x00, 0x00, 0x05, 0xd1, 0xff,
  0xa7, 0x00, 0x00, 0x00, 0x00, 0x00, 0x00, 0x00, 0x00, 0x00, 0x00, 0x00, 0x00, 0x00, 0x00, 0x19, 0xde, 0xff, 0x53, 0x00,
  0x00, 0x00, 0x00, 0x00, 0x00, 0x00, 0x00, 0x00, 0x00, 0x00, 0x00, 0x00, 0x00, 0x23, 0xdf, 0x77, 0x00, 0x00, 0x00, 0x00,
  0x00, 0x00, 0x00, 0x00, 0x00, 0x00, 0x00, 0x00, 0x00, 0x00, 0x00, 0x00, 0x00, 0x00, 0x00, 0x00, 0x00, 0x00, 0x00, 0x00,
  0x00, 0x00, 0x00, 0x00, 0x00, 0x0e, 0x77, 0xc5, 0xeb, 0xf8, 0xde, 0xb5, 0x53, 0x04, 0x00, 0x00, 0x00, 0x00, 0x00, 0x00,
  0x00, 0x44, 0xeb, 0xff, 0xff, 0xff, 0xff, 0xff, 0xff, 0xff, 0xcb, 0x1d, 0x00, 0x00, 0x00, 0x00, 0x00, 0x3e, 0xfa, 0xff,
  0xf3, 0x83, 0x35, 0x1f, 0x3d, 0x9a, 0xfd, 0xff, 0xe4, 0x12, 0x00, 0x00, 0x00, 0x07, 0xe2, 0xff, 0xf4, 0x35, 0x00, 0x00,
  0x00, 0x00, 0x00, 0x61, 0xff, 0xff, 0xa8, 0x00, 0x00, 0x00, 0x62, 0xff, 0xff, 0x7d, 0x00, 0x00, 0x00, 0x00, 0x00, 0x00,
  0x00, 0xb6, 0xff, 0xfe, 0x1d, 0x00, 0x00, 0xb0, 0xff, 0xff, 0x1d, 0x00, 0x00, 0x00, 0x00, 0x00, 0x00, 0x00, 0x53, 0xff,
  0xff, 0x73, 0x00, 0x00, 0xe2, 0xff, 0xe3, 0x00, 0x00, 0x00, 0x00, 0x00, 0x00, 0x00, 0x00, 0x1e, 0xff, 0xff, 0x9d, 0x00,
  0x00, 0xf7, 0xff, 0xcd, 0x00, 0x00, 0x00, 0x00, 0x00, 0x00, 0x00, 0x00, 0x07, 0xff, 0xff, 0xb7, 0x00, 0x00, 0xf3, 0xff,
  0xcb, 0x00, 0x00, 0x00, 0x00, 0x00, 0x00, 0x00, 0x00, 0x0b, 0xff, 0xff, 0xb9, 0x00, 0x00, 0xda, 0xff, 0xe2, 0x00, 0x00,
  0x00, 0x00, 0x00, 0x00, 0x00, 0x00, 0x22, 0xff, 0xff, 0xa3, 0x00, 0x00, 0xae, 0xff, 0xff, 0x1a, 0x00, 0x00, 0x00, 0x00,
  0x00, 0x00, 0x00, 0x5f, 0xff, 0xff, 0x6e, 0x00, 0x00, 0x58, 0xff, 0xff, 0x7d, 0x00, 0x00, 0x00, 0x00, 0x00, 0x00, 0x00,
  0xc0, 0xff, 0xfd, 0x22, 0x00, 0x00, 0x09, 0xdb, 0xff, 0xf5, 0x32, 0x00, 0x00, 0x00, 0x00, 0x00, 0x6c, 0xff, 0xff, 0xa9,
  0x00, 0x00, 0x00, 0x00, 0x38, 0xf9, 0xff, 0xf3, 0x7e, 0x30, 0x1f, 0x40, 0xa2, 0xff, 0xff, 0xe5, 0x16, 0x00, 0x00, 0x00,
  0x00, 0x00, 0x3b, 0xe8, 0xff, 0xff, 0xff, 0xff, 0xff, 0xff, 0xff, 0xd2, 0x21, 0x00, 0x00, 0x00, 0x00, 0x00, 0x00, 0x00,
  0x0f, 0x6d, 0xc3, 0xe6, 0xf9, 0xe6, 0xb5, 0x5f, 0x03, 0x00, 0x00, 0x00, 0x00, 0x00, 0x00, 0x00, 0x00, 0x00, 0x00, 0x00,
  0x00, 0x00, 0x00, 0x24, 0x0e, 0x00, 0x00, 0x00, 0x00, 0x00, 0x00, 0x00, 0x00, 0x00, 0x00, 0x00, 0x00, 0x00, 0x00, 0x40,
  0xfc, 0xcc, 0x00, 0x00, 0x00, 0x00, 0x00, 0x00, 0x00, 0x00, 0x00, 0x00, 0x00, 0x00, 0x00, 0x0c, 0xdf, 0xff, 0x92, 0x00,
  0x00, 0x00, 0x00, 0x00, 0x00, 0x00, 0x00, 0x00, 0x00, 0x00, 0x00, 0x00, 0x97, 0xff, 0xb0, 0x03, 0x00, 0x00, 0x00, 0x00,
  0x00, 0x00, 0x00, 0x00, 0x00, 0x00, 0x00, 0x00, 0x00, 0xb6, 0xbc, 0x08, 0x00, 0x00, 0x00, 0x00, 0x00, 0x00, 0x00, 0x00,
  0x00, 0x00, 0x00, 0x00, 0x00, 0x00, 0x00, 0x00, 0x00, 0x00, 0x00, 0x00, 0x00, 0x00, 0x00, 0x00, 0x00, 0x00, 0x00, 0x0e,
  0x77, 0xc5, 0xeb, 0xf8, 0xde, 0xb5, 0x53, 0x04, 0x00, 0x00, 0x00, 0x00, 0x00, 0x00, 0x00, 0x44, 0xeb, 0xff, 0xff, 0xff,
  0xff, 0xff, 0xff, 0xff, 0xcb, 0x1d, 0x00, 0x00, 0x00, 0x00, 0x00, 0x3e, 0xfa, 0xff, 0xf3, 0x83, 0x35, 0x1f, 0x3d, 0x9a,
  0xfd, 0xff, 0xe4, 0x12, 0x00, 0x00, 0x00, 0x07, 0xe2, 0xff, 0xf4, 0x35, 0x00, 0x00, 0x00, 0x00, 0x00, 0x61, 0xff, 0xff,
  0xa8, 0x00, 0x00, 0x00, 0x62, 0xff, 0xff, 0x7d, 0x00, 0x00, 0x00, 0x00, 0x00, 0x00, 0x00, 0xb6, 0xff, 0xfe, 0x1d, 0x00,
  0x00, 0xb0, 0xff, 0xff, 0x1d, 0x00, 0x00, 0x00, 0x00, 0x00, 0x00, 0x00, 0x53, 0xff, 0xff, 0x73, 0x00, 0x00, 0xe2, 0xff,
  0xe3, 0x00, 0x00, 0x00, 0x00, 0x00, 0x00, 0x00, 0x00, 0x1e, 0xff, 0xff, 0x9d, 0x00, 0x00, 0xf7, 0xff, 0xcd, 0x00, 0x00,
  0x00, 0x00, 0x00, 0x00, 0x00, 0x00, 0x07, 0xff, 0xff, 0xb7, 0x00, 0x00, 0xf3, 0xff, 0xcb, 0x00, 0x00, 0x00, 0x00, 0x00,
  0x00, 0x00, 0x00, 0x0b, 0xff, 0xff, 0xb9, 0x00, 0x00, 0xda, 0xff, 0xe2, 0x00, 0x00, 0x00, 0x00, 0x00, 0x00, 0x00, 0x00,
  0x22, 0xff, 0xff, 0xa3, 0x00, 0x00, 0xae, 0xff, 0xff, 0x1a, 0x00, 0x00, 0x00, 0x00, 0x00, 0x00, 0x00, 0x5f, 0xff, 0xff,
  0x6e, 0x00, 0x00, 0x58, 0xff, 0xff, 0x7d, 0x00, 0x00, 0x00, 0x00, 0x00, 0x00, 0x00, 0xc0, 0xff, 0xfd, 0x22, 0x00, 0x00,
  0x09, 0xdb, 0xff, 0xf5, 0x32, 0x00, 0x00, 0x00, 0x00, 0x00, 0x6c, 0xff, 0xff, 0xa9, 0x00, 0x00, 0x00, 0x00, 0x38, 0xf9,
  0xff, 0xf3, 0x7e, 0x30, 0x1f, 0x40, 0xa2, 0xff, 0xff, 0xe5, 0x16, 0x00, 0x00, 0x00, 0x00, 0x00, 0x3b, 0xe8, 0xff, 0xff,
  0xff, 0xff, 0xff, 0xff, 0xff, 0xd2, 0x21, 0x00, 0x00, 0x00, 0x00, 0x00, 0x00, 0x00, 0x0f, 0x6d, 0xc3, 0xe6, 0xf9, 0xe6,
  0xb5, 0x5f, 0x03, 0x00, 0x00, 0x00, 0x00, 0x00, 0x00, 0x00, 0x00, 0x00, 0x00, 0x16, 0xbc, 0xf0, 0x91, 0x02, 0x00, 0x00,
  0x00, 0x00, 0x00, 0x00, 0x00, 0x00, 0x00, 0x00, 0x00, 0x04, 0xc3, 0xff, 0xe9, 0xff, 0x82, 0x00, 0x00, 0x00, 0x00, 0x00,
  0x00, 0x00, 0x00, 0x00, 0x00, 0x00, 0x8e, 0xff, 0x9f, 0x12, 0xd4, 0xfe, 0x48, 0x00, 0x00, 0x00, 0x00, 0x00, 0x00, 0x00,
  0x00, 0x00, 0x00, 0xd3, 0xaf, 0x04, 0x00, 0x1b, 0xd8, 0x91, 0x00, 0x00, 0x00, 0x00, 0x00, 0x00, 0x00, 0x00, 0x00, 0x00,
  0x00, 0x00, 0x00, 0x00, 0x00, 0x00, 0x00, 0x00, 0x00, 0x00, 0x00, 0x00, 0x00, 0x00, 0x00, 0x00, 0x0e, 0x77, 0xc5, 0xeb,
  0xf8, 0xde, 0xb5, 0x53, 0x04, 0x00, 0x00, 0x00, 0x00, 0x00, 0x00, 0x00, 0x44, 0xeb, 0xff, 0xff, 0xff, 0xff, 0xff, 0xff,
  0xff, 0xcb, 0x1d, 0x00, 0x00, 0x00, 0x00, 0x00, 0x3e, 0xfa, 0xff, 0xf3, 0x83, 0x35, 0x1f, 0x3d, 0x9a, 0xfd, 0xff, 0xe4,
  0x12, 0x00, 0x00, 0x00, 0x07, 0xe2, 0xff, 0xf4, 0x35, 0x00, 0x00, 0x00, 0x00, 0x00, 0x61, 0xff, 0xff, 0xa8, 0x00, 0x00,
  0x00, 0x62, 0xff, 0xff, 0x7d, 0x00, 0x00, 0x00, 0x00, 0x00, 0x00, 0x00, 0xb6, 0xff, 0xfe, 0x1d, 0x00, 0x00, 0xb0, 0xff,
  0xff, 0x1d, 0x00, 0x00, 0x00, 0x00, 0x00, 0x00, 0x00, 0x53, 0xff, 0xff, 0x73, 0x00, 0x00, 0xe2, 0xff, 0xe3, 0x00, 0x00,
  0x00, 0x00, 0x00, 0x00, 0x00, 0x00, 0x1e, 0xff, 0xff, 0x9d, 0x00, 0x00, 0xf7, 0xff, 0xcd, 0x00, 0x00, 0x00, 0x00, 0x00,
  0x00, 0x00, 0x00, 0x07, 0xff, 0xff, 0xb7, 0x00, 0x00, 0xf3, 0xff, 0xcb, 0x00, 0x00, 0x00, 0x00, 0x00, 0x00, 0x00, 0x00,
  0x0b, 0xff, 0xff, 0xb9, 0x00, 0x00, 0xda, 0xff, 0xe2, 0x00, 0x00, 0x00, 0x00, 0x00, 0x00, 0x00, 0x00, 0x22, 0xff, 0xff,
  0xa3, 0x00, 0x00, 0xae, 0xff, 0xff, 0x1a, 0x00, 0x00, 0x00, 0x00, 0x00, 0x00, 0x00, 0x5f, 0xff, 0xff, 0x6e, 0x00, 0x00,
  0x58, 0xff, 0xff, 0x7d, 0x00, 0x00, 0x00, 0x00, 0x00, 0x00, 0x00, 0xc0, 0xff, 0xfd, 0x22, 0x00, 0x00, 0x09, 0xdb, 0xff,
  0xf5, 0x32, 0x00, 0x00, 0x00, 0x00, 0x00, 0x6c, 0xff, 0xff, 0xa9, 0x00, 0x00, 0x00, 0x00, 0x38, 0xf9, 0xff, 0xf3, 0x7e,
  0x30, 0x1f, 0x40, 0xa2, 0xff, 0xff, 0xe5, 0x16, 0x00, 0x00, 0x00, 0x00, 0x00, 0x3b, 0xe8, 0xff, 0xff, 0xff, 0xff, 0xff,
  0xff, 0xff, 0xd2, 0x21, 0x00, 0x00, 0x00, 0x00, 0x00, 0x00, 0x00, 0x0f, 0x6d, 0xc3, 0xe6, 0xf9, 0xe6, 0xb5, 0x5f, 0x03,
  0x00, 0x00, 0x00, 0x00, 0x00, 0x00, 0x00, 0x00, 0x00, 0x44, 0x63, 0x30, 0x00, 0x00, 0x00, 0x06, 0x81, 0x16, 0x00, 0x00,
  0x00, 0x00, 0x00, 0x00, 0x02, 0xb1, 0xff, 0xff, 0xff, 0xbb, 0x3e, 0x07, 0x8a, 0xff, 0x2a, 0x00, 0x00, 0x00, 0x00, 0x00,
  0x00, 0x52, 0xff, 0xa7, 0x71, 0xc3, 0xff, 0xff, 0xff, 0xff, 0xbb, 0x00, 0x00, 0x00, 0x00, 0x00, 0x00, 0x00, 0x70, 0xc5,
  0x04, 0x00, 0x00, 0x48, 0xa9, 0xc8, 0x92, 0x11, 0x00, 0x00, 0x00, 0x00, 0x00, 0x00, 0x00, 0x00, 0x00, 0x00, 0x00, 0x00,
  0x00, 0x00, 0x00, 0x00, 0x00, 0x00, 0x00, 0x00, 0x00, 0x00, 0x00, 0x00, 0x00, 0x0e, 0x77, 0xc5, 0xeb, 0xf8, 0xde, 0xb5,
  0x53, 0x04, 0x00, 0x00, 0x00, 0x00, 0x00, 0x00, 0x00, 0x44, 0xeb, 0xff, 0xff, 0xff, 0xff, 0xff, 0xff, 0xff, 0xcb, 0x1d,
  0x00, 0x00, 0x00, 0x00, 0x00, 0x3e, 0xfa, 0xff, 0xf3, 0x83, 0x35, 0x1f, 0x3d, 0x9a, 0xfd, 0xff, 0xe4, 0x12, 0x00, 0x00,
  0x00, 0x07, 0xe2, 0xff, 0xf4, 0x35, 0x00, 0x00, 0x00, 0x00, 0x00, 0x61, 0xff, 0xff, 0xa8, 0x00, 0x00, 0x00, 0x62, 0xff,
  0xff, 0x7d, 0x00, 0x00, 0x00, 0x00, 0x00, 0x00, 0x00, 0xb6, 0xff, 0xfe, 0x1d, 0x00, 0x00, 0xb0, 0xff, 0xff, 0x1d, 0x00,
  0x00, 0x00, 0x00, 0x00, 0x00, 0x00, 0x53, 0xff, 0xff, 0x73, 0x00, 0x00, 0xe2, 0xff, 0xe3, 0x00, 0x00, 0x00, 0x00, 0x00,
  0x00, 0x00, 0x00, 0x1e, 0xff, 0xff, 0x9d, 0x00, 0x00, 0xf7, 0xff, 0xcd, 0x00, 0x00, 0x00, 0x00, 0x00, 0x00, 0x00, 0x00,
  0x07, 0xff, 0xff, 0xb7, 0x00, 0x00, 0xf3, 0xff, 0xcb, 0x00, 0x00, 0x00, 0x00, 0x00, 0x00, 0x00, 0x00, 0x0b, 0xff, 0xff,
  0xb9, 0x00, 0x00, 0xda, 0xff, 0xe2, 0x00, 0x00, 0x00, 0x00, 0x00, 0x00, 0x00, 0x00, 0x22, 0xff, 0xff, 0xa3, 0x00, 0x00,
  0xae, 0xff, 0xff, 0x1a, 0x00, 0x00, 0x00, 0x00, 0x00, 0x00, 0x00, 0x5f, 0xff, 0xff, 0x6e, 0x00, 0x00, 0x58, 0xff, 0xff,
  0x7d, 0x00, 0x00, 0x00, 0x00, 0x00, 0x00, 0x00, 0xc0, 0xff, 0xfd, 0x22, 0x00, 0x00, 0x09, 0xdb, 0xff, 0xf5, 0x32, 0x00,
  0x00, 0x00, 0x00, 0x00, 0x6c, 0xff, 0xff, 0xa9, 0x00, 0x00, 0x00, 0x00, 0x38, 0xf9, 0xff, 0xf3, 0x7e, 0x30, 0x1f, 0x40,
  0xa2, 0xff, 0xff, 0xe5, 0x16, 0x00, 0x00, 0x00, 0x00, 0x00, 0x3b, 0xe8, 0xff, 0xff, 0xff, 0xff, 0xff, 0xff, 0xff, 0xd2,
  0x21, 0x00, 0x00, 0x00, 0x00, 0x00, 0x00, 0x00, 0x0f, 0x6d, 0xc3, 0xe6, 0xf9, 0xe6, 0xb5, 0x5f, 0x03, 0x00, 0x00, 0x00,
  0x00, 0x00, 0x00, 0x00, 0x00, 0x00, 0x9f, 0xf4, 0x6b, 0x00, 0x6b, 0xf4, 0xa2, 0x00, 0x00, 0x00, 0x00, 0x00, 0x00, 0x00,
  0x00, 0x00, 0x00, 0xf6, 0xff, 0xba, 0x00, 0xba, 0xff, 0xf6, 0x00, 0x00, 0x00, 0x00, 0x00, 0x00, 0x00, 0x00, 0x00, 0x00,
  0x7c, 0xcd, 0x51, 0x00, 0x51, 0xcd, 0x7f, 0x00, 0x00, 0x00, 0x00, 0x00, 0x00, 0x00, 0x00, 0x00, 0x00, 0x00, 0x00, 0x00,
  0x00, 0x00, 0x00, 0x00, 0x00, 0x00, 0x00, 0x00, 0x00, 0x00, 0x00, 0x00, 0x00, 0x0e, 0x77, 0xc5, 0xeb, 0xf8, 0xde, 0xb5,
  0x53, 0x04, 0x00, 0x00, 0x00, 0x00, 0x00, 0x00, 0x00, 0x44, 0xeb, 0xff, 0xff, 0xff, 0xff, 0xff, 0xff, 0xff, 0xcb, 0x1d,
  0x00, 0x00, 0x00, 0x00, 0x00, 0x3e, 0xfa, 0xff, 0xf3, 0x83, 0x35, 0x1f, 0x3d, 0x9a, 0xfd, 0xff, 0xe4, 0x12, 0x00, 0x00,
  0x00, 0x07, 0xe2, 0xff, 0xf4, 0x35, 0x00, 0x00, 0x00, 0x00, 0x00, 0x61, 0xff, 0xff, 0xa8, 0x00, 0x00, 0x00, 0x62, 0xff,
  0xff, 0x7d, 0x00, 0x00, 0x00, 0x00, 0x00, 0x00, 0x00, 0xb6, 0xff, 0xfe, 0x1d, 0x00, 0x00, 0xb0, 0xff, 0xff, 0x1d, 0x00,
  0x00, 0x00, 0x00, 0x00, 0x00, 0x00, 0x53, 0xff, 0xff, 0x73, 0x00, 0x00, 0xe2, 0xff, 0xe3, 0x00, 0x00, 0x00, 0x00, 0x00,
  0x00, 0x00, 0x00, 0x1e, 0xff, 0xff, 0x9d, 0x00, 0x00, 0xf7, 0xff, 0xcd, 0x00, 0x00, 0x00, 0x00, 0x00, 0x00, 0x00, 0x00,
  0x07, 0xff, 0xff, 0xb7, 0x00, 0x00, 0xf3, 0xff, 0xcb, 0x00, 0x00, 0x00, 0x00, 0x00, 0x00, 0x00, 0x00, 0x0b, 0xff, 0xff,
  0xb9, 0x00, 0x00, 0xda, 0xff, 0xe2, 0x00, 0x00, 0x00, 0x00, 0x00, 0x00, 0x00, 0x00, 0x22, 0xff, 0xff, 0xa3, 0x00, 0x00,
  0xae, 0xff, 0xff, 0x1a, 0x00, 0x00, 0x00, 0x00, 0x00, 0x00, 0x00, 0x5f, 0xff, 0xff, 0x6e, 0x00, 0x00, 0x58, 0xff, 0xff,
  0x7d, 0x00, 0x00, 0x00, 0x00, 0x00, 0x00, 0x00, 0xc0, 0xff, 0xfd, 0x22, 0x00, 0x00, 0x09, 0xdb, 0xff, 0xf5, 0x32, 0x00,
  0x00, 0x00, 0x00, 0x00, 0x6c, 0xff, 0xff, 0xa9, 0x00, 0x00, 0x00, 0x00, 0x38, 0xf9, 0xff, 0xf3, 0x7e, 0x30, 0x1f, 0x40,
  0xa2, 0xff, 0xff, 0xe5, 0x16, 0x00, 0x00, 0x00, 0x00, 0x00, 0x3b, 0xe8, 0xff, 0xff, 0xff, 0xff, 0xff, 0xff, 0xff, 0xd2,
  0x21, 0x00, 0x00, 0x00, 0x00, 0x00, 0x00, 0x00, 0x0f, 0x6d, 0xc3, 0xe6, 0xf9, 0xe6, 0xb5, 0x5f, 0x03, 0x00, 0x00, 0x00,
  0x00, 0x00, 0x00, 0xbf, 0xa7, 0x07, 0x00, 0x00, 0x00, 0x00, 0x23, 0xda, 0x94, 0x00, 0x00, 0x03, 0xdb, 0xff, 0xb7, 0x07,
  0x00, 0x00, 0x22, 0xe2, 0xff, 0x9b, 0x00, 0x00, 0x00, 0x1e, 0xdf, 0xff, 0xb7, 0x07, 0x21, 0xe1, 0xff, 0xb3, 0x05, 0x00,
  0x00, 0x00, 0x00, 0x20, 0xe0, 0xff, 0xbb, 0xe0, 0xff, 0xb7, 0x07, 0x00, 0x00, 0x00, 0x00, 0x00, 0x00, 0x21, 0xe1, 0xff,
  0xff, 0xbc, 0x08, 0x00, 0x00, 0x00, 0x00, 0x00, 0x00, 0x00, 0x17, 0xd8, 0xff, 0xff, 0xb1, 0x05, 0x00, 0x00, 0x00, 0x00,
  0x00, 0x00, 0x13, 0xd3, 0xff, 0xbf, 0xe2, 0xff, 0xae, 0x05, 0x00, 0x00, 0x00, 0x00, 0x10, 0xce, 0xff, 0xbd, 0x09, 0x22,
  0xe2, 0xff, 0xad, 0x04, 0x00, 0x00, 0x00, 0xc0, 0xff, 0xbe, 0x0a, 0x00, 0x00, 0x22, 0xe2, 0xff, 0x8d, 0x00, 0x00, 0x00,
  0xcc, 0xb8, 0x0a, 0x00, 0x00, 0x00, 0x00, 0x22, 0xcb, 0x7a, 0x00, 0x00, 0x00, 0x00, 0x00, 0x00, 0x00, 0x00, 0x00, 0x00,
  0x00, 0x00, 0x00, 0x00, 0x00, 0x00, 0x00, 0x00, 0x00, 0x00, 0x00, 0x00, 0x00, 0x00, 0x00, 0x00, 0x5d, 0x96, 0x09, 0x00,
  0x00, 0x00, 0x00, 0x00, 0x00, 0x0e, 0x77, 0xc5, 0xeb, 0xf8, 0xde, 0xb5, 0x73, 0xfc, 0xff, 0x3d, 0x00, 0x00, 0x00, 0x00,
  0x00, 0x44, 0xeb, 0xff, 0xff, 0xff, 0xff, 0xff, 0xff, 0xff, 0xff, 0xe8, 0x02, 0x00, 0x00, 0x00, 0x00, 0x3e, 0xfa, 0xff,
  0xf3, 0x83, 0x35, 0x1f, 0x3d, 0xd4, 0xff, 0xff, 0xff, 0x12, 0x00, 0x00, 0x00, 0x07, 0xe2, 0xff, 0xf4, 0x35, 0x00, 0x00,
  0x00, 0x01, 0xcb, 0xff, 0xff, 0xff, 0xa8, 0x00, 0x00, 0x00, 0x62, 0xff, 0xff, 0x7d, 0x00, 0x00, 0x00, 0x00, 0x62, 0xff,
  0xf0, 0xcc, 0xff, 0xfe, 0x1d, 0x00, 0x00, 0xb0, 0xff, 0xff, 0x1d, 0x00, 0x00, 0x00, 0x0e, 0xe8, 0xff, 0x70, 0x53, 0xff,
  0xff, 0x73, 0x00, 0x00, 0xe2, 0xff, 0xe3, 0x00, 0x00, 0x00, 0x00, 0x8c, 0xff, 0xd6, 0x04, 0x1e, 0xff, 0xff, 0x9d, 0x00,
  0x00, 0xf7, 0xff, 0xcd, 0x00, 0x00, 0x00, 0x26, 0xfa, 0xff, 0x46, 0x00, 0x07, 0xff, 0xff, 0xb7, 0x00, 0x00, 0xf3, 0xff,
  0xcb, 0x00, 0x00, 0x00, 0xb6, 0xff, 0xb0, 0x00, 0x00, 0x0b, 0xff, 0xff, 0xb9, 0x00, 0x00, 0xda, 0xff, 0xe2, 0x00, 0x00,
  0x4b, 0xff, 0xf8, 0x22, 0x00, 0x00, 0x22, 0xff, 0xff, 0xa3, 0x00, 0x00, 0xae, 0xff, 0xff, 0x1a, 0x06, 0xd9, 0xff, 0x85,
  0x00, 0x00, 0x00, 0x5f, 0xff, 0xff, 0x6e, 0x00, 0x00, 0x58, 0xff, 0xff, 0x7d, 0x75, 0xff, 0xe4, 0x0b, 0x00, 0x00, 0x00,
  0xc0, 0xff, 0xfd, 0x22, 0x00, 0x00, 0x09, 0xdb, 0xff, 0xff, 0xff, 0xff, 0x5a, 0x00, 0x00, 0x00, 0x6c, 0xff, 0xff, 0xa9,
  0x00, 0x00, 0x00, 0x00, 0x38, 0xf9, 0xff, 0xff, 0xff, 0x31, 0x1f, 0x40, 0xa2, 0xff, 0xff, 0xe5, 0x16, 0x00, 0x00, 0x00,
  0x00, 0x00, 0x78, 0xff, 0xff, 0xff, 0xff, 0xff, 0xff, 0xff, 0xff, 0xd2, 0x21, 0x00, 0x00, 0x00, 0x00, 0x00, 0x00, 0xce,
  0xff, 0xff, 0xc3, 0xe6, 0xf9, 0xe6, 0xb5, 0x5f, 0x03, 0x00, 0x00, 0x00, 0x00, 0x00, 0x00, 0x01, 0xdc, 0xf2, 0x1d, 0x00,
  0x00, 0x00, 0x00, 0x00, 0x00, 0x00, 0x00, 0x00, 0x00, 0x00, 0x00, 0x00, 0x00, 0x0c, 0x13, 0x00, 0x00, 0x00, 0x00, 0x00,
  0x00, 0x00, 0x00, 0x00, 0x00, 0x00, 0x00, 0x00, 0x00, 0x00, 0x00, 0x00, 0x10, 0x22, 0x00, 0x00, 0x00, 0x00, 0x00, 0x00,
  0x00, 0x00, 0x00, 0x00, 0x00, 0x00, 0x00, 0x00, 0x00, 0xd8, 0xfa, 0x36, 0x00, 0x00, 0x00, 0x00, 0x00, 0x00, 0x00, 0x00,
  0x00, 0x00, 0x00, 0x00, 0x00, 0x00, 0x9e, 0xff, 0xd7, 0x08, 0x00, 0x00, 0x00, 0x00, 0x00, 0x00, 0x00, 0x00, 0x00, 0x00,
  0x00, 0x00, 0x00, 0x05, 0xb9, 0xff, 0x8b, 0x00, 0x00, 0x00, 0x00, 0x00, 0x00, 0x00, 0x00, 0x00, 0x00, 0x00, 0x00, 0x00,
  0x00, 0x0b, 0xc2, 0xac, 0x00, 0x00, 0x00, 0x00, 0x00, 0x00, 0x00, 0x00, 0x00, 0x00, 0x00, 0x00, 0x00, 0x00, 0x00, 0x00,
  0x00, 0x00, 0x00, 0x00, 0x00, 0x00, 0x00, 0x00, 0x00, 0x00, 0x00, 0xa5, 0xf5, 0x6c, 0x00, 0x00, 0x00, 0x00, 0x00, 0x00,
  0x00, 0x6e, 0xf5, 0xa4, 0x00, 0x00, 0x00, 0x00, 0xfc, 0xff, 0xc0, 0x00, 0x00, 0x00, 0x00, 0x00, 0x00, 0x00, 0xc0, 0xff,
  0xfc, 0x00, 0x00, 0x00, 0x00, 0xff, 0xff, 0xc4, 0x00, 0x00, 0x00, 0x00, 0x00, 0x00, 0x00, 0xc4, 0xff, 0xff, 0x00, 0x00,
  0x00, 0x00, 0xff, 0xff, 0xc4, 0x00, 0x00, 0x00, 0x00, 0x00, 0x00, 0x00, 0xc4, 0xff, 0xff, 0x00, 0x00, 0x00, 0x00, 0xff,
  0xff, 0xc4, 0x00, 0x00, 0x00, 0x00, 0x00, 0x00, 0x00, 0xc4, 0xff, 0xff, 0x00, 0x00, 0x00, 0x00, 0xff, 0xff, 0xc4, 0x00,
  0x00, 0x00, 0x00, 0x00, 0x00, 0x00, 0xc4, 0xff, 0xff, 0x00, 0x00, 0x00, 0x00, 0xff, 0xff, 0xc4, 0x00, 0x00, 0x00, 0x00,
  0x00, 0x00, 0x00, 0xc4, 0xff, 0xff, 0x00, 0x00, 0x00, 0x00, 0xff, 0xff, 0xc4, 0x00, 0x00, 0x00, 0x00, 0x00, 0x00, 0x00,
  0xc4, 0xff, 0xff, 0x00, 0x00, 0x00, 0x00, 0xff, 0xff, 0xc4, 0x00, 0x00, 0x00, 0x00, 0x00, 0x00, 0x00, 0xc4, 0xff, 0xff,
  0x00, 0x00, 0x00, 0x00, 0xfc, 0xff, 0xc5, 0x00, 0x00, 0x00, 0x00, 0x00, 0x00, 0x00, 0xc5, 0xff, 0xfb, 0x00, 0x00, 0x00,
  0x00, 0xec, 0xff, 0xd4, 0x00, 0x00, 0x00, 0x00, 0x00, 0x00, 0x00, 0xd5, 0xff, 0xe5, 0x00, 0x00, 0x00, 0x00, 0xc3, 0xff,
  0xfa, 0x0e, 0x00, 0x00, 0x00, 0x00, 0x00, 0x0e, 0xfa, 0xff, 0xc2, 0x00, 0x00, 0x00, 0x00, 0x76, 0xff, 0xff, 0x81, 0x00,
  0x00, 0x00, 0x00, 0x00, 0x82, 0xff, 0xff, 0x72, 0x00, 0x00, 0x00, 0x00, 0x0f, 0xe4, 0xff, 0xff, 0x94, 0x35, 0x1c, 0x35,
  0x93, 0xff, 0xff, 0xe2, 0x10, 0x00, 0x00, 0x00, 0x00, 0x00, 0x33, 0xe6, 0xff, 0xff, 0xff, 0xff, 0xff, 0xff, 0xff, 0xe4,
  0x35, 0x00, 0x00, 0x00, 0x00, 0x00, 0x00, 0x00, 0x12, 0x7d, 0xc8, 0xee, 0xfb, 0xe9, 0xc8, 0x78, 0x13, 0x00, 0x00, 0x00,
  0x00, 0x00, 0x00, 0x00, 0x00, 0x00, 0x00, 0x00, 0x00, 0x00, 0x00, 0x20, 0x11, 0x00, 0x00, 0x00, 0x00, 0x00, 0x00, 0x00,
  0x00, 0x00, 0x00, 0x00, 0x00, 0x00, 0x00, 0x30, 0xf8, 0xe0, 0x00, 0x00, 0x00, 0x00, 0x00, 0x00, 0x00, 0x00, 0x00, 0x00,
  0x00, 0x00, 0x00, 0x06, 0xd1, 0xff, 0xa6, 0x00, 0x00, 0x00, 0x00, 0x00, 0x00, 0x00, 0x00, 0x00, 0x00, 0x00, 0x00, 0x00,
  0x83, 0xff, 0xc0, 0x08, 0x00, 0x00, 0x00, 0x00, 0x00, 0x00, 0x00, 0x00, 0x00, 0x00, 0x00, 0x00, 0x00, 0xa2, 0xc9, 0x0e,
  0x00, 0x00, 0x00, 0x00, 0x00, 0x00, 0x00, 0x00, 0x00, 0x00, 0x00, 0x00, 0x00, 0x00, 0x00, 0x00, 0x00, 0x00, 0x00, 0x00,
  0x00, 0x00, 0x00, 0x00, 0x00, 0xa5, 0xf5, 0x6c, 0x00, 0x00, 0x00, 0x00, 0x00, 0x00, 0x00, 0x6e, 0xf5, 0xa4, 0x00, 0x00,
  0x00, 0x00, 0xfc, 0xff, 0xc0, 0x00, 0x00, 0x00, 0x00, 0x00, 0x00, 0x00, 0xc0, 0xff, 0xfc, 0x00, 0x00, 0x00, 0x00, 0xff,
  0xff, 0xc4, 0x00, 0x00, 0x00, 0x00, 0x00, 0x00, 0x00, 0xc4, 0xff, 0xff, 0x00, 0x00, 0x00, 0x00, 0xff, 0xff, 0xc4, 0x00,
  0x00, 0x00, 0x00, 0x00, 0x00, 0x00, 0xc4, 0xff, 0xff, 0x00, 0x00, 0x00, 0x00, 0xff, 0xff, 0xc4, 0x00, 0x00, 0x00, 0x00,
  0x00, 0x00, 0x00, 0xc4, 0xff, 0xff, 0x00, 0x00, 0x00, 0x00, 0xff, 0xff, 0xc4, 0x00, 0x00, 0x00, 0x00, 0x00, 0x00, 0x00,
  0xc4, 0xff, 0xff, 0x00, 0x00, 0x00, 0x00, 0xff, 0xff, 0xc4, 0x00, 0x00, 0x00, 0x00, 0x00, 0x00, 0x00, 0xc4, 0xff, 0xff,
  0x00, 0x00, 0x00, 0x00, 0xff, 0xff, 0xc4, 0x00, 0x00, 0x00, 0x00, 0x00, 0x00, 0x00, 0xc4, 0xff, 0xff, 0x00, 0x00, 0x00,
  0x00, 0xff, 0xff, 0xc4, 0x00, 0x00, 0x00, 0x00, 0x00, 0x00, 0x00, 0xc4, 0xff, 0xff, 0x00, 0x00, 0x00, 0x00, 0xfc, 0xff,
  0xc5, 0x00, 0x00, 0x00, 0x00, 0x00, 0x00, 0x00, 0xc5, 0xff, 0xfb, 0x00, 0x00, 0x00, 0x00, 0xec, 0xff, 0xd4, 0x00, 0x00,
  0x00, 0x00, 0x00, 0x00, 0x00, 0xd5, 0xff, 0xe5, 0x00, 0x00, 0x00, 0x00, 0xc3, 0xff, 0xfa, 0x0e, 0x00, 0x00, 0x00, 0x00,
  0x00, 0x0e, 0xfa, 0xff, 0xc2, 0x00, 0x00, 0x00, 0x00, 0x76, 0xff, 0xff, 0x81, 0x00, 0x00, 0x00, 0x00, 0x00, 0x82, 0xff,
  0xff, 0x72, 0x00, 0x00, 0x00, 0x00, 0x0f, 0xe4, 0xff, 0xff, 0x94, 0x35, 0x1c, 0x35, 0x93, 0xff, 0xff, 0xe2, 0x10, 0x00,
  0x00, 0x00, 0x00, 0x00, 0x33, 0xe6, 0xff, 0xff, 0xff, 0xff, 0xff, 0xff, 0xff, 0xe4, 0x35, 0x00, 0x00, 0x00, 0x00, 0x00,
  0x00, 0x00, 0x12, 0x7d, 0xc8, 0xee, 0xfb, 0xe9, 0xc8, 0x78, 0x13, 0x00, 0x00, 0x00, 0x00, 0x00, 0x00, 0x00, 0x00, 0x00,
  0x00, 0x09, 0xa5, 0xf0, 0xaa, 0x0c, 0x00, 0x00, 0x00, 0x00, 0x00, 0x00, 0x00, 0x00, 0x00, 0x00, 0x00, 0x00, 0xa0, 0xff,
  0xe9, 0xff, 0xaa, 0x00, 0x00, 0x00, 0x00, 0x00, 0x00, 0x00, 0x00, 0x00, 0x00, 0x00, 0x66, 0xff, 0xc0, 0x0d, 0xb8, 0xff,
  0x6e, 0x00, 0x00, 0x00, 0x00, 0x00, 0x00, 0x00, 0x00, 0x00, 0x00, 0xac, 0xcb, 0x0f, 0x00, 0x0b, 0xc1, 0xb8, 0x00, 0x00,
  0x00, 0x00, 0x00, 0x00, 0x00, 0x00, 0x00, 0x00, 0x00, 0x00, 0x00, 0x00, 0x00, 0x00, 0x00, 0x00, 0x00, 0x00, 0x00, 0x00,
  0x00, 0x00, 0xa5, 0xf5, 0x6d, 0x00, 0x00, 0x00, 0x00, 0x00, 0x00, 0x00, 0x6f, 0xf5, 0xa4, 0x00, 0x00, 0x00, 0x00, 0xfc,
  0xff, 0xc0, 0x00, 0x00, 0x00, 0x00, 0x00, 0x00, 0x00, 0xc0, 0xff, 0xfc, 0x00, 0x00, 0x00, 0x00, 0xff, 0xff, 0xc4, 0x00,
  0x00, 0x00, 0x00, 0x00, 0x00, 0x00, 0xc4, 0xff, 0xff, 0x00, 0x00, 0x00, 0x00, 0xff, 0xff, 0xc4, 0x00, 0x00, 0x00, 0x00,
  0x00, 0x00, 0x00, 0xc4, 0xff, 0xff, 0x00, 0x00, 0x00, 0x00, 0xff, 0xff, 0xc4, 0x00, 0x00, 0x00, 0x00, 0x00, 0x00, 0x00,
  0xc4, 0xff, 0xff, 0x00, 0x00, 0x00, 0x00, 0xff, 0xff, 0xc4, 0x00, 0x00, 0x00, 0x00, 0x00, 0x00, 0x00, 0xc4, 0xff, 0xff,
  0x00, 0x00, 0x00, 0x00, 0xff, 0xff, 0xc4, 0x00, 0x00, 0x00, 0x00, 0x00, 0x00, 0x00, 0xc4, 0xff, 0xff, 0x00, 0x00, 0x00,
  0x00, 0xff, 0xff, 0xc4, 0x00, 0x00, 0x00, 0x00, 0x00, 0x00, 0x00, 0xc4, 0xff, 0xff, 0x00, 0x00, 0x00, 0x00, 0xff, 0xff,
  0xc4, 0x00, 0x00, 0x00, 0x00, 0x00, 0x00, 0x00, 0xc4, 0xff, 0xff, 0x00, 0x00, 0x00, 0x00, 0xfc, 0xff, 0xc6, 0x00, 0x00,
  0x00, 0x00, 0x00, 0x00, 0x00, 0xc7, 0xff, 0xfb, 0x00, 0x00, 0x00, 0x00, 0xec, 0xff, 0xdc, 0x00, 0x00, 0x00, 0x00, 0x00,
  0x00, 0x00, 0xde, 0xff, 0xe5, 0x00, 0x00, 0x00, 0x00, 0xc3, 0xff, 0xfe, 0x21, 0x00, 0x00, 0x00, 0x00, 0x00, 0x22, 0xff,
  0xff, 0xc2, 0x00, 0x00, 0x00, 0x00, 0x76, 0xff, 0xff, 0xb7, 0x07, 0x00, 0x00, 0x00, 0x07, 0xb7, 0xff, 0xff, 0x72, 0x00,
  0x00, 0x00, 0x00, 0x0f, 0xe4, 0xff, 0xff, 0xdd, 0x88, 0x70, 0x88, 0xdc, 0xff, 0xff, 0xe2, 0x10, 0x00, 0x00, 0x00, 0x00,
  0x00, 0x33, 0xe6, 0xff, 0xff, 0xff, 0xff, 0xff, 0xff, 0xff, 0xe4, 0x35, 0x00, 0x00, 0x00, 0x00, 0x00, 0x00, 0x00, 0x12,
  0x7d, 0xc8, 0xee, 0xfb, 0xe9, 0xc8, 0x78, 0x13, 0x00, 0x00, 0x00, 0x00, 0x00, 0x00, 0x00, 0x00, 0x00, 0x9f, 0xf4, 0x6b,
  0x00, 0x6b, 0xf4, 0xa2, 0x00, 0x00, 0x00, 0x00, 0x00, 0x00, 0x00, 0x00, 0x00, 0x00, 0xf6, 0xff, 0xba, 0x00, 0xba, 0xff,
  0xf6, 0x00, 0x00, 0x00, 0x00, 0x00, 0x00, 0x00, 0x00, 0x00, 0x00, 0x7c, 0xcd, 0x51, 0x00, 0x51, 0xcd, 0x7f, 0x00, 0x00,
  0x00, 0x00, 0x00, 0x00, 0x00, 0x00, 0x00, 0x00, 0x00, 0x00, 0x00, 0x00, 0x00, 0x00, 0x00, 0x00, 0x00, 0x00, 0x00, 0x00,
  0x00, 0x00, 0xa5, 0xf5, 0x6c, 0x00, 0x00, 0x00, 0x00, 0x00, 0x00, 0x00, 0x6e, 0xf5, 0xa4, 0x00, 0x00, 0x00, 0x00, 0xfc,
  0xff, 0xc0, 0x00, 0x00, 0x00, 0x00, 0x00, 0x00, 0x00, 0xc0, 0xff, 0xfc, 0x00, 0x00, 0x00, 0x00, 0xff, 0xff, 0xc4, 0x00,
  0x00, 0x00, 0x00, 0x00, 0x00, 0x00, 0xc4, 0xff, 0xff, 0x00, 0x00, 0x00, 0x00, 0xff, 0xff, 0xc4, 0x00, 0x00, 0x00, 0x00,
  0x00, 0x00, 0x00, 0xc4, 0xff, 0xff, 0x00, 0x00, 0x00, 0x00, 0xff, 0xff, 0xc4, 0x00, 0x00, 0x00, 0x00, 0x00, 0x00, 0x00,
  0xc4, 0xff, 0xff, 0x00, 0x00, 0x00, 0x00, 0xff, 0xff, 0xc4, 0x00, 0x00, 0x00, 0x00, 0x00, 0x00, 0x00, 0xc4, 0xff, 0xff,
  0x00, 0x00, 0x00, 0x00, 0xff, 0xff, 0xc4, 0x00, 0x00, 0x00, 0x00, 0x00, 0x00, 0x00, 0xc4, 0xff, 0xff, 0x00, 0x00, 0x00,
  0x00, 0xff, 0xff, 0xc4, 0x00, 0x00, 0x00, 0x00, 0x00, 0x00, 0x00, 0xc4, 0xff, 0xff, 0x00, 0x00, 0x00, 0x00, 0xff, 0xff,
  0xc4, 0x00, 0x00, 0x00, 0x00, 0x00, 0x00, 0x00, 0xc4, 0xff, 0xff, 0x00, 0x00, 0x00, 0x00, 0xfc, 0xff, 0xc5, 0x00, 0x00,
  0x00, 0x00, 0x00, 0x00, 0x00, 0xc5, 0xff, 0xfb, 0x00, 0x00, 0x00, 0x00, 0xec, 0xff, 0xd4, 0x00, 0x00, 0x00, 0x00, 0x00,
  0x00, 0x00, 0xd5, 0xff, 0xe5, 0x00, 0x00, 0x00, 0x00, 0xc3, 0xff, 0xfa, 0x0e, 0x00, 0x00, 0x00, 0x00, 0x00, 0x0e, 0xfa,
  0xff, 0xc2, 0x00, 0x00, 0x00, 0x00, 0x76, 0xff, 0xff, 0x81, 0x00, 0x00, 0x00, 0x00, 0x00, 0x82, 0xff, 0xff, 0x72, 0x00,
  0x00, 0x00, 0x00, 0x0f, 0xe4, 0xff, 0xff, 0x94, 0x35, 0x1c, 0x35, 0x93, 0xff, 0xff, 0xe2, 0x10, 0x00, 0x00, 0x00, 0x00,
  0x00, 0x33, 0xe6, 0xff, 0xff, 0xff, 0xff, 0xff, 0xff, 0xff, 0xe4, 0x35, 0x00, 0x00, 0x00, 0x00, 0x00, 0x00, 0x00, 0x12,
  0x7d, 0xc8, 0xee, 0xfb, 0xe9, 0xc8, 0x78, 0x13, 0x00, 0x00, 0x00, 0x00, 0x00, 0x00, 0x00, 0x00, 0x00, 0x00, 0x00, 0x00,
  0x00, 0x22, 0x10, 0x00, 0x00, 0x00, 0x00, 0x00, 0x00, 0x00, 0x00, 0x00, 0x00, 0x00, 0x00, 0x35, 0xfa, 0xda, 0x00, 0x00,
  0x00, 0x00, 0x00, 0x00, 0x00, 0x00, 0x00, 0x00, 0x00, 0x07, 0xd6, 0xff, 0x9f, 0x00, 0x00, 0x00, 0x00, 0x00, 0x00, 0x00,
  0x00, 0x00, 0x00, 0x00, 0x88, 0xff, 0xba, 0x06, 0x00, 0x00, 0x00, 0x00, 0x00, 0x00, 0x00, 0x00, 0x00, 0x00, 0x00, 0xaa,
  0xc4, 0x0c, 0x00, 0x00, 0x00, 0x00, 0x00, 0x00, 0x00, 0x00, 0x00, 0x00, 0x00, 0x00, 0x00, 0x00, 0x00, 0x00, 0x00, 0x00,
  0x00, 0x00, 0x00, 0xa8, 0xed, 0x67, 0x00, 0x00, 0x00, 0x00, 0x00, 0x00, 0x00, 0x6a, 0xed, 0xba, 0x00, 0x00, 0xe4, 0xff,
  0xfd, 0x3d, 0x00, 0x00, 0x00, 0x00, 0x00, 0x3c, 0xfc, 0xff, 0xde, 0x00, 0x00, 0x55, 0xff, 0xff, 0xdf, 0x0d, 0x00, 0x00,
  0x00, 0x10, 0xe1, 0xff, 0xfe, 0x46, 0x00, 0x00, 0x00, 0xa1, 0xff, 0xff, 0x9e, 0x00, 0x00, 0x00, 0xab, 0xff, 0xff, 0x8a,
  0x00, 0x00, 0x00, 0x00, 0x0e, 0xdf, 0xff, 0xff, 0x50, 0x00, 0x65, 0xff, 0xff, 0xcb, 0x05, 0x00, 0x00, 0x00, 0x00, 0x00,
  0x3b, 0xfc, 0xff, 0xea, 0x3f, 0xf5, 0xff, 0xf2, 0x23, 0x00, 0x00, 0x00, 0x00, 0x00, 0x00, 0x00, 0x84, 0xff, 0xff, 0xff,
  0xff, 0xff, 0x5c, 0x00, 0x00, 0x00, 0x00, 0x00, 0x00, 0x00, 0x00, 0x04, 0xca, 0xff, 0xff, 0xff, 0xa2, 0x00, 0x00, 0x00,
  0x00, 0x00, 0x00, 0x00, 0x00, 0x00, 0x00, 0x26, 0xff, 0xff, 0xff, 0x0c, 0x00, 0x00, 0x00, 0x00, 0x00, 0x00, 0x00, 0x00,
  0x00, 0x00, 0x00, 0xff, 0xff, 0xcf, 0x00, 0x00, 0x00, 0x00, 0x00, 0x00, 0x00, 0x00, 0x00, 0x00, 0x00, 0x00, 0xff, 0xff,
  0xc4, 0x00, 0x00, 0x00, 0x00, 0x00, 0x00, 0x00, 0x00, 0x00, 0x00, 0x00, 0x00, 0xff, 0xff, 0xc4, 0x00, 0x00, 0x00, 0x00,
  0x00, 0x00, 0x00, 0x00, 0x00, 0x00, 0x00, 0x00, 0xff, 0xff, 0xc4, 0x00, 0x00, 0x00, 0x00, 0x00, 0x00, 0x00, 0x00, 0x00,
  0x00, 0x00, 0x00, 0xff, 0xff, 0xc4, 0x00, 0x00, 0x00, 0x00, 0x00, 0x00, 0x00, 0x00, 0x00, 0x00, 0x00, 0x00, 0xfc, 0xff,
  0xbf, 0x00, 0x00, 0x00, 0x00, 0x00, 0x00, 0x00, 0x00, 0x00, 0x00, 0x00, 0x00, 0xa3, 0xf5, 0x6d, 0x00, 0x00, 0x00, 0x00,
  0x00, 0x00, 0x00, 0x00, 0x9e, 0xf4, 0x69, 0x00, 0x00, 0x00, 0x00, 0x00, 0x00, 0x00, 0x00, 0x00, 0x00, 0x00, 0x00, 0xfc,
  0xff, 0xc0, 0x00, 0x00, 0x00, 0x00, 0x00, 0x00, 0x00, 0x00, 0x00, 0x00, 0x00, 0x00, 0xff, 0xff, 0xc4, 0x00, 0x00, 0x00,
  0x00, 0x00, 0x00, 0x00, 0x00, 0x00, 0x00, 0x00, 0x00, 0xff, 0xff, 0xff, 0xff, 0xff, 0xff, 0xff, 0xf0, 0xc5, 0x68, 0x02,
  0x00, 0x00, 0x00, 0x00, 0xff, 0xff, 0xff, 0xff, 0xff, 0xff, 0xff, 0xff, 0xff, 0xff, 0xb5, 0x04, 0x00, 0x00, 0x00, 0xff,
  0xff, 0xc9, 0x18, 0x18, 0x18, 0x22, 0x52, 0xd8, 0xff, 0xff, 0x71, 0x00, 0x00, 0x00, 0xff, 0xff, 0xc4, 0x00, 0x00, 0x00,
  0x00, 0x00, 0x23, 0xfb, 0xff, 0xce, 0x00, 0x00, 0x00, 0xff, 0xff, 0xc4, 0x00, 0x00, 0x00, 0x00, 0x00, 0x00, 0xd7, 0xff,
  0xf5, 0x00, 0x00, 0x00, 0xff, 0xff, 0xc4, 0x00, 0x00, 0x00, 0x00, 0x00, 0x00, 0xd8, 0xff, 0xf5, 0x00, 0x00, 0x00, 0xff,
  0xff, 0xc4, 0x00, 0x00, 0x00, 0x00, 0x00, 0x25, 0xfb, 0xff, 0xce, 0x00, 0x00, 0x00, 0xff, 0xff, 0xc9, 0x18, 0x18, 0x18,
  0x22, 0x51, 0xd8, 0xff, 0xff, 0x70, 0x00, 0x00, 0x00, 0xff, 0xff, 0xff, 0xff, 0xff, 0xff, 0xff, 0xff, 0xff, 0xff, 0xb5,
  0x04, 0x00, 0x00, 0x00, 0xff, 0xff, 0xff, 0xff, 0xff, 0xff, 0xff, 0xf1, 0xc6, 0x69, 0x03, 0x00, 0x00, 0x00, 0x00, 0xff,
  0xff, 0xc4, 0x00, 0x00, 0x00, 0x00, 0x00, 0x00, 0x00, 0x00, 0x00, 0x00, 0x00, 0x00, 0xfb, 0xff, 0xc1, 0x00, 0x00, 0x00,
  0x00, 0x00, 0x00, 0x00, 0x00, 0x00, 0x00, 0x00, 0x00, 0x9e, 0xf6, 0x72, 0x00, 0x00, 0x00, 0x00, 0x00, 0x00, 0x00, 0x00,
  0x00, 0x00, 0x00, 0x00, 0x00, 0x43, 0xae, 0xe6, 0xfa, 0xf0, 0xc1, 0x5b, 0x00, 0x00, 0x00, 0x00, 0x00, 0x00, 0x81, 0xff,
  0xff, 0xff, 0xff, 0xff, 0xff, 0xff, 0x77, 0x00, 0x00, 0x00, 0x00, 0x44, 0xff, 0xff, 0xdf, 0x51, 0x22, 0x52, 0xf8, 0xff,
  0xe9, 0x00, 0x00, 0x00, 0x00, 0xaf, 0xff, 0xfe, 0x30, 0x00, 0x00, 0x00, 0xd0, 0xff, 0xf0, 0x00, 0x00, 0x00, 0x00, 0xe7,
  0xff, 0xdf, 0x00, 0x00, 0x00, 0x44, 0xfd, 0xff, 0x95, 0x00, 0x00, 0x00, 0x00, 0xfb, 0xff, 0xc5, 0x00, 0x00, 0x54, 0xf8,
  0xff, 0xbe, 0x0a, 0x00, 0x00, 0x00, 0x00, 0xff, 0xff, 0xc4, 0x00, 0x37, 0xfb, 0xff, 0xaf, 0x07, 0x00, 0x00, 0x00, 0x00,
  0x00, 0xff, 0xff, 0xc4, 0x00, 0xa9, 0xff, 0xff, 0x11, 0x00, 0x00, 0x00, 0x00, 0x00, 0x00, 0xff, 0xff, 0xc4, 0x00, 0xae,
  0xff, 0xff, 0x8c, 0x13, 0x00, 0x00, 0x00, 0x00, 0x00, 0xff, 0xff, 0xc4, 0x00, 0x42, 0xfc, 0xff, 0xff, 0xfb, 0xbe, 0x66,
  0x07, 0x00, 0x00, 0xff, 0xff, 0xc4, 0x00, 0x00, 0x37, 0xb3, 0xfa, 0xff, 0xff, 0xff, 0xd4, 0x11, 0x00, 0xff, 0xff, 0xc4,
  0x00, 0x00, 0x00, 0x00, 0x0f, 0x5b, 0xd1, 0xff, 0xff, 0x8b, 0x00, 0xff, 0xff, 0xc4, 0x00, 0x00, 0x00, 0x00, 0x00, 0x00,
  0x14, 0xff, 0xff, 0xb9, 0x00, 0xff, 0xff, 0xc4, 0x03, 0xcf, 0xcb, 0x6a, 0x30, 0x20, 0x7e, 0xff, 0xff, 0x92, 0x00, 0xfd,
  0xff, 0xc0, 0x02, 0xde, 0xff, 0xff, 0xff, 0xff, 0xff, 0xff, 0xe3, 0x1c, 0x00, 0xa7, 0xf5, 0x6b, 0x00, 0x0f, 0x70, 0xc8,
  0xea, 0xf8, 0xdb, 0x8e, 0x16, 0x00, 0x00, 0x00, 0x00, 0x08, 0x07, 0x00, 0x00, 0x00, 0x00, 0x00, 0x00, 0x00, 0x00, 0x00,
  0x12, 0xe8, 0xdf, 0x08, 0x00, 0x00, 0x00, 0x00, 0x00, 0x00, 0x00, 0x00, 0x10, 0xed, 0xff, 0x6e, 0x00, 0x00, 0x00, 0x00,
  0x00, 0x00, 0x00, 0x00, 0x00, 0x54, 0xff, 0xe6, 0x09, 0x00, 0x00, 0x00, 0x00, 0x00, 0x00, 0x00, 0x00, 0x00, 0xa3, 0xff,
  0x70, 0x00, 0x00, 0x00, 0x00, 0x00, 0x00, 0x00, 0x00, 0x00, 0x0f, 0xd0, 0x78, 0x00, 0x00, 0x00, 0x00, 0x00, 0x00, 0x00,
  0x00, 0x00, 0x00, 0x00, 0x00, 0x00, 0x00, 0x00, 0x00, 0x00, 0x00, 0x00, 0x33, 0x8a, 0xcf, 0xee, 0xf6, 0xdb, 0x91, 0x14,
  0x00, 0x00, 0x00, 0x31, 0xfc, 0xff, 0xff, 0xff, 0xff, 0xff, 0xff, 0xde, 0x0f, 0x00, 0x00, 0x21, 0xd6, 0xa0, 0x4c, 0x25,
  0x2a, 0xa2, 0xff, 0xff, 0x73, 0x00, 0x00, 0x00, 0x00, 0x00, 0x00, 0x00, 0x00, 0x14, 0xff, 0xff, 0xad, 0x00, 0x00, 0x00,
  0x40, 0x9f, 0xcf, 0xed, 0xf8, 0xff, 0xff, 0xff, 0xc1, 0x00, 0x00, 0x68, 0xff, 0xff, 0xff, 0xff, 0xff, 0xff, 0xff, 0xff,
  0xc4, 0x00, 0x00, 0xdf, 0xff, 0xf9, 0x6d, 0x31, 0x1e, 0x1d, 0xff, 0xff, 0xc4, 0x00, 0x00, 0xf7, 0xff, 0xd0, 0x00, 0x00,
  0x00, 0x42, 0xff, 0xff, 0xc4, 0x00, 0x00, 0xcc, 0xff, 0xfd, 0x66, 0x20, 0x4a, 0xe6, 0xff, 0xff, 0xc4, 0x00, 0x00, 0x48,
  0xfd, 0xff, 0xff, 0xff, 0xff, 0xbc, 0xfc, 0xff, 0xc1, 0x00, 0x00, 0x00, 0x42, 0xc0, 0xf4, 0xf1, 0xa8, 0x16, 0xa4, 0xf6,
  0x6f, 0x00, 0x00, 0x00, 0x00, 0x00, 0x00, 0x00, 0x00, 0x02, 0x0d, 0x00, 0x00, 0x00, 0x00, 0x00, 0x00, 0x00, 0x00, 0x00,
  0x00, 0x9c, 0xfb, 0x49, 0x00, 0x00, 0x00, 0x00, 0x00, 0x00, 0x00, 0x00, 0x27, 0xfc, 0xff, 0x49, 0x00, 0x00, 0x00, 0x00,
  0x00, 0x00, 0x00, 0x00, 0xa7, 0xff, 0xa0, 0x00, 0x00, 0x00, 0x00, 0x00, 0x00, 0x00, 0x00, 0x2a, 0xfd, 0xe0, 0x0e, 0x00,
  0x00, 0x00, 0x00, 0x00, 0x00, 0x00, 0x00, 0x39, 0xe3, 0x3d, 0x00, 0x00, 0x00, 0x00, 0x00, 0x00, 0x00, 0x00, 0x00, 0x00,
  0x00, 0x00, 0x00, 0x00, 0x00, 0x00, 0x00, 0x00, 0x33, 0x8a, 0xcf, 0xee, 0xf6, 0xdb, 0x91, 0x14, 0x00, 0x00, 0x00, 0x31,
  0xfc, 0xff, 0xff, 0xff, 0xff, 0xff, 0xff, 0xde, 0x0f, 0x00, 0x00, 0x21, 0xd6, 0xa0, 0x4c, 0x25, 0x2a, 0xa2, 0xff, 0xff,
  0x73, 0x00, 0x00, 0x00, 0x00, 0x00, 0x00, 0x00, 0x00, 0x14, 0xff, 0xff, 0xad, 0x00, 0x00, 0x00, 0x40, 0x9f, 0xcf, 0xed,
  0xf8, 0xff, 0xff, 0xff, 0xc1, 0x00, 0x00, 0x68, 0xff, 0xff, 0xff, 0xff, 0xff, 0xff, 0xff, 0xff, 0xc4, 0x00, 0x00, 0xdf,
  0xff, 0xf9, 0x6d, 0x31, 0x1e, 0x1d, 0xff, 0xff, 0xc4, 0x00, 0x00, 0xf7, 0xff, 0xd0, 0x00, 0x00, 0x00, 0x42, 0xff, 0xff,
  0xc4, 0x00, 0x00, 0xcc, 0xff, 0xfd, 0x66, 0x20, 0x4a, 0xe6, 0xff, 0xff, 0xc4, 0x00, 0x00, 0x48, 0xfd, 0xff, 0xff, 0xff,
  0xff, 0xbc, 0xfc, 0xff, 0xc1, 0x00, 0x00, 0x00, 0x42, 0xc0, 0xf4, 0xf1, 0xa8, 0x16, 0xa4, 0xf6, 0x6f, 0x00, 0x00, 0x00,
  0x00, 0x00, 0x00, 0x4f, 0x6d, 0x0b, 0x00, 0x00, 0x00, 0x00, 0x00, 0x00, 0x00, 0x00, 0x53, 0xff, 0xff, 0xae, 0x00, 0x00,
  0x00, 0x00, 0x00, 0x00, 0x00, 0x04, 0xdb, 0xfe, 0xe4, 0xff, 0x3a, 0x00, 0x00, 0x00, 0x00, 0x00, 0x00, 0x68, 0xff, 0x93,
  0x3e, 0xfe, 0xc0, 0x00, 0x00, 0x00, 0x00, 0x00, 0x04, 0xe5, 0xe1, 0x0c, 0x00, 0x97, 0xff, 0x41, 0x00, 0x00, 0x00, 0x00,
  0x02, 0x94, 0x3e, 0x00, 0x00, 0x0e, 0xa0, 0x25, 0x00, 0x00, 0x00, 0x00, 0x00, 0x00, 0x00, 0x00, 0x00, 0x00, 0x00, 0x00,
  0x00, 0x00, 0x00, 0x00, 0x33, 0x8a, 0xcf, 0xee, 0xf6, 0xdb, 0x91, 0x14, 0x00, 0x00, 0x00, 0x31, 0xfc, 0xff, 0xff, 0xff,
  0xff, 0xff, 0xff, 0xde, 0x0f, 0x00, 0x00, 0x21, 0xd6, 0xa0, 0x4c, 0x25, 0x2a, 0xa2, 0xff, 0xff, 0x73, 0x00, 0x00, 0x00,
  0x00, 0x00, 0x00, 0x00, 0x00, 0x14, 0xff, 0xff, 0xad, 0x00, 0x00, 0x00, 0x40, 0x9f, 0xcf, 0xed, 0xf8, 0xff, 0xff, 0xff,
  0xc1, 0x00, 0x00, 0x68, 0xff, 0xff, 0xff, 0xff, 0xff, 0xff, 0xff, 0xff, 0xc4, 0x00, 0x00, 0xdf, 0xff, 0xf9, 0x6d, 0x31,
  0x1e, 0x1d, 0xff, 0xff, 0xc4, 0x00, 0x00, 0xf7, 0xff, 0xd0, 0x00, 0x00, 0x00, 0x42, 0xff, 0xff, 0xc4, 0x00, 0x00, 0xcc,
  0xff, 0xfd, 0x66, 0x20, 0x4a, 0xe6, 0xff, 0xff, 0xc4, 0x00, 0x00, 0x48, 0xfd, 0xff, 0xff, 0xff, 0xff, 0xbc, 0xfc, 0xff,
  0xc1, 0x00, 0x00, 0x00, 0x42, 0xc0, 0xf4, 0xf1, 0xa8, 0x16, 0xa4, 0xf6, 0x6f, 0x00, 0x00, 0x00, 0x00, 0x2a, 0x61, 0x29,
  0x00, 0x00, 0x02, 0x7d, 0x1d, 0x00, 0x00, 0x00, 0x4d, 0xfb, 0xff, 0xfc, 0x83, 0x10, 0x6c, 0xff, 0x36, 0x00, 0x00, 0x00,
  0xd7, 0xe1, 0x6f, 0xc0, 0xff, 0xff, 0xff, 0xca, 0x00, 0x00, 0x00, 0x02, 0xe4, 0x4f, 0x00, 0x01, 0x69, 0xc2, 0xae, 0x1c,
  0x00, 0x00, 0x00, 0x00, 0x00, 0x00, 0x00, 0x00, 0x00, 0x00, 0x00, 0x00, 0x00, 0x00, 0x00, 0x00, 0x00, 0x00, 0x00, 0x00,
  0x00, 0x00, 0x00, 0x00, 0x00, 0x00, 0x00, 0x00, 0x33, 0x8a, 0xcf, 0xee, 0xf6, 0xdb, 0x91, 0x14, 0x00, 0x00, 0x00, 0x31,
  0xfc, 0xff, 0xff, 0xff, 0xff, 0xff, 0xff, 0xde, 0x0f, 0x00, 0x00, 0x21, 0xd6, 0xa0, 0x4c, 0x25, 0x2a, 0xa2, 0xff, 0xff,
  0x73, 0x00, 0x00, 0x00, 0x00, 0x00, 0x00, 0x00, 0x00, 0x14, 0xff, 0xff, 0xad, 0x00, 0x00, 0x00, 0x40, 0x9f, 0xcf, 0xed,
  0xf8, 0xff, 0xff, 0xff, 0xc1, 0x00, 0x00, 0x68, 0xff, 0xff, 0xff, 0xff, 0xff, 0xff, 0xff, 0xff, 0xc4, 0x00, 0x00, 0xdf,
  0xff, 0xf9, 0x6d, 0x31, 0x1e, 0x1d, 0xff, 0xff, 0xc4, 0x00, 0x00, 0xf7, 0xff, 0xd0, 0x00, 0x00, 0x00, 0x42, 0xff, 0xff,
  0xc4, 0x00, 0x00, 0xcc, 0xff, 0xfd, 0x66, 0x20, 0x4a, 0xe6, 0xff, 0xff, 0xc4, 0x00, 0x00, 0x48, 0xfd, 0xff, 0xff, 0xff,
  0xff, 0xbc, 0xfc, 0xff, 0xc1, 0x00, 0x00, 0x00, 0x42, 0xc0, 0xf4, 0xf1, 0xa8, 0x16, 0xa4, 0xf6, 0x6f, 0x00, 0x00, 0x00,
  0x00, 0x9f, 0xf4, 0x6a, 0x00, 0xa1, 0xf5, 0x6b, 0x00, 0x00, 0x00, 0x00, 0x00, 0xf6, 0xff, 0xba, 0x00, 0xf6, 0xff, 0xba,
  0x00, 0x00, 0x00, 0x00, 0x00, 0x7c, 0xcd, 0x51, 0x00, 0x7e, 0xce, 0x53, 0x00, 0x00, 0x00, 0x00, 0x00, 0x00, 0x00, 0x00,
  0x00, 0x00, 0x00, 0x00, 0x00, 0x00, 0x00, 0x00, 0x00, 0x00, 0x00, 0x00, 0x00, 0x00, 0x00, 0x00, 0x00, 0x00, 0x00, 0x00,
  0x2b, 0x84, 0xcb, 0xed, 0xf7, 0xdd, 0x93, 0x15, 0x00, 0x00, 0x00, 0x20, 0xf9, 0xff, 0xff, 0xff, 0xff, 0xff, 0xff, 0xde,
  0x0f, 0x00, 0x00, 0x16, 0xd3, 0xa4, 0x4e, 0x25, 0x29, 0x9f, 0xff, 0xff, 0x73, 0x00, 0x00, 0x00, 0x00, 0x00, 0x00, 0x00,
  0x00, 0x13, 0xff, 0xff, 0xad, 0x00, 0x00, 0x00, 0x3e, 0x9e, 0xcf, 0xed, 0xf8, 0xff, 0xff, 0xff, 0xc1, 0x00, 0x00, 0x65,
  0xfe, 0xff, 0xff, 0xff, 0xff, 0xff, 0xff, 0xff, 0xc4, 0x00, 0x00, 0xde, 0xff, 0xf9, 0x6e, 0x31, 0x1e, 0x1d, 0xff, 0xff,
  0xc4, 0x00, 0x00, 0xf7, 0xff, 0xd0, 0x00, 0x00, 0x00, 0x42, 0xff, 0xff, 0xc4, 0x00, 0x00, 0xcc, 0xff, 0xfd, 0x66, 0x20,
  0x4a, 0xe6, 0xff, 0xff, 0xc4, 0x00, 0x00, 0x48, 0xfd, 0xff, 0xff, 0xff, 0xff, 0xbc, 0xfc, 0xff, 0xc1, 0x00, 0x00, 0x00,
  0x42, 0xc0, 0xf4, 0xf1, 0xa8, 0x16, 0xa4, 0xf6, 0x6f, 0x00, 0x00, 0x00, 0x00, 0x00, 0x00, 0x05, 0x1e, 0x02, 0x00, 0x00,
  0x00, 0x00, 0x00, 0x00, 0x00, 0x00, 0x39, 0xe7, 0xff, 0xd6, 0x1f, 0x00, 0x00, 0x00, 0x00, 0x00, 0x00, 0x01, 0xdd, 0x83,
  0x0f, 0xaa, 0xaf, 0x00, 0x00, 0x00, 0x00, 0x00, 0x00, 0x21, 0xff, 0x0b, 0x00, 0x3a, 0xf0, 0x00, 0x00, 0x00, 0x00, 0x00,
  0x00, 0x1a, 0xff, 0x15, 0x00, 0x45, 0xe9, 0x00, 0x00, 0x00, 0x00, 0x00, 0x00, 0x00, 0xc6, 0xa5, 0x38, 0xc4, 0x97, 0x00,
  0x00, 0x00, 0x00, 0x00, 0x00, 0x00, 0x21, 0xc5, 0xf6, 0xb0, 0x0f, 0x00, 0x00, 0x00, 0x00, 0x00, 0x00, 0x00, 0x00, 0x00,
  0x00, 0x00, 0x00, 0x00, 0x00, 0x00, 0x00, 0x00, 0x2a, 0x84, 0xcb, 0xed, 0xf7, 0xdd, 0x93, 0x15, 0x00, 0x00, 0x00, 0x1d,
  0xf8, 0xff, 0xff, 0xff, 0xff, 0xff, 0xff, 0xde, 0x0f, 0x00, 0x00, 0x14, 0xd3, 0xa6, 0x4f, 0x25, 0x29, 0x9f, 0xff, 0xff,
  0x73, 0x00, 0x00, 0x00, 0x00, 0x00, 0x00, 0x00, 0x00, 0x13, 0xff, 0xff, 0xad, 0x00, 0x00, 0x00, 0x3e, 0x9e, 0xcf, 0xed,
  0xf8, 0xff, 0xff, 0xff, 0xc1, 0x00, 0x00, 0x65, 0xfe, 0xff, 0xff, 0xff, 0xff, 0xff, 0xff, 0xff, 0xc4, 0x00, 0x00, 0xde,
  0xff, 0xfd, 0x75, 0x33, 0x1e, 0x1d, 0xff, 0xff, 0xc4, 0x00, 0x00, 0xf7, 0xff, 0xe0, 0x00, 0x00, 0x00, 0x42, 0xff, 0xff,
  0xc4, 0x00, 0x00, 0xcc, 0xff, 0xff, 0x6e, 0x20, 0x48, 0xe5, 0xff, 0xff, 0xc4, 0x00, 0x00, 0x48, 0xfd, 0xff, 0xff, 0xff,
  0xff, 0xbc, 0xfc, 0xff, 0xc1, 0x00, 0x00, 0x00, 0x42, 0xc0, 0xf4, 0xf1, 0xa8, 0x16, 0xa4, 0xf6, 0x6f, 0x00, 0x00, 0x00,
  0x30, 0x88, 0xce, 0xee, 0xf5, 0xd6, 0x7d, 0x05, 0x19, 0x90, 0xdc, 0xf8, 0xeb, 0xaf, 0x3c, 0x00, 0x00, 0x00, 0x00, 0x2a,
  0xfb, 0xff, 0xff, 0xff, 0xff, 0xff, 0xff, 0xd4, 0xee, 0xff, 0xff, 0xff, 0xff, 0xff, 0xfd, 0x67, 0x00, 0x00, 0x00, 0x1c,
  0xd5, 0xa2, 0x4d, 0x26, 0x29, 0xa2, 0xff, 0xff, 0xff, 0xdc, 0x4b, 0x1f, 0x3f, 0xce, 0xff, 0xfa, 0x22, 0x00, 0x00, 0x00,
  0x00, 0x00, 0x00, 0x00, 0x00, 0x14, 0xff, 0xff, 0xff, 0x2d, 0x00, 0x00, 0x00, 0x2b, 0xff, 0xff, 0x82, 0x00, 0x00, 0x00,
  0x40, 0x9f, 0xcf, 0xec, 0xf7, 0xff, 0xff, 0xff, 0xff, 0xff, 0xff, 0xff, 0xff, 0xff, 0xff, 0xff, 0xb3, 0x00, 0x00, 0x68,
  0xff, 0xff, 0xff, 0xff, 0xff, 0xff, 0xff, 0xff, 0xff, 0xff, 0xff, 0xff, 0xff, 0xff, 0xff, 0xff, 0xac, 0x00, 0x00, 0xdf,
  0xff, 0xf9, 0x6d, 0x31, 0x1e, 0x1e, 0xff, 0xff, 0xf0, 0x18, 0x18, 0x18, 0x18, 0x18, 0x18, 0x16, 0x02, 0x00, 0x00, 0xf7,
  0xff, 0xd0, 0x00, 0x00, 0x00, 0x47, 0xff, 0xff, 0xff, 0x3f, 0x00, 0x00, 0x00, 0x00, 0x00, 0x00, 0x00, 0x00, 0x00, 0xca,
  0xff, 0xfd, 0x66, 0x20, 0x48, 0xea, 0xfe, 0xea, 0xff, 0xe9, 0x64, 0x2a, 0x26, 0x52, 0xaf, 0xe0, 0x1d, 0x00, 0x00, 0x42,
  0xfb, 0xff, 0xff, 0xff, 0xff, 0xff, 0x89, 0x2c, 0xe4, 0xff, 0xff, 0xff, 0xff, 0xff, 0xff, 0xee, 0x19, 0x00, 0x00, 0x00,
  0x36, 0xb4, 0xee, 0xf4, 0xce, 0x64, 0x01, 0x00, 0x17, 0x82, 0xd3, 0xf3, 0xef, 0xcd, 0x7d, 0x19, 0x00, 0x00, 0x00, 0x00,
  0x00, 0x42, 0xae, 0xe8, 0xf9, 0xde, 0xaa, 0x3a, 0x00, 0x00, 0x00, 0x82, 0xff, 0xff, 0xff, 0xff, 0xff, 0xff, 0xfb, 0x1d,
  0x00, 0x49, 0xff, 0xff, 0xe9, 0x61, 0x26, 0x39, 0x94, 0xb4, 0x07, 0x00, 0xb5, 0xff, 0xff, 0x3d, 0x00, 0x00, 0x00, 0x00,
  0x00, 0x00, 0x00, 0xeb, 0xff, 0xe4, 0x00, 0x00, 0x00, 0x00, 0x00, 0x00, 0x00, 0x00, 0xfa, 0xff, 0xcc, 0x00, 0x00, 0x00,
  0x00, 0x00, 0x00, 0x00, 0x00, 0xe4, 0xff, 0xe8, 0x00, 0x00, 0x00, 0x00, 0x00, 0x00, 0x00, 0x00, 0xa8, 0xff, 0xff, 0x49,
  0x00, 0x00, 0x00, 0x00, 0x00, 0x00, 0x00, 0x3b, 0xfd, 0xff, 0xee, 0x63, 0x26, 0x34, 0x8c, 0xa3, 0x01, 0x00, 0x00, 0x73,
  0xfd, 0xff, 0xff, 0xff, 0xff, 0xff, 0xf7, 0x0c, 0x00, 0x00, 0x00, 0x3e, 0xac, 0xff, 0xff, 0xe1, 0xa1, 0x32, 0x00, 0x00,
  0x00, 0x00, 0x00, 0x00, 0xaa, 0xff, 0x48, 0x05, 0x00, 0x00, 0x00, 0x00, 0x00, 0x00, 0x00, 0x8d, 0xc1, 0xf8, 0xb9, 0x00,
  0x00, 0x00, 0x00, 0x00, 0x00, 0x28, 0x21, 0x1b, 0xce, 0xee, 0x00, 0x00, 0x00, 0x00, 0x00, 0x00, 0xb8, 0xff, 0xff, 0xf9,
  0x6f, 0x00, 0x00, 0x00, 0x00, 0x00, 0x00, 0x03, 0x2e, 0x38, 0x13, 0x00, 0x00, 0x00, 0x00, 0x00, 0x00, 0x06, 0x0a, 0x00,
  0x00, 0x00, 0x00, 0x00, 0x00, 0x00, 0x00, 0x00, 0x00, 0x06, 0xd9, 0xed, 0x15, 0x00, 0x00, 0x00, 0x00, 0x00, 0x00, 0x00,
  0x00, 0x00, 0x04, 0xda, 0xff, 0x8a, 0x00, 0x00, 0x00, 0x00, 0x00, 0x00, 0x00, 0x00, 0x00, 0x00, 0x39, 0xfc, 0xf5, 0x16,
  0x00, 0x00, 0x00, 0x00, 0x00, 0x00, 0x00, 0x00, 0x00, 0x00, 0x85, 0xff, 0x8c, 0x00, 0x00, 0x00, 0x00, 0x00, 0x00, 0x00,
  0x00, 0x00, 0x00, 0x05, 0xc0, 0x91, 0x00, 0x00, 0x00, 0x00, 0x00, 0x00, 0x00, 0x00, 0x00, 0x00, 0x00, 0x00, 0x00, 0x00,
  0x00, 0x00, 0x00, 0x00, 0x00, 0x00, 0x00, 0x00, 0x2a, 0x9a, 0xdf, 0xf8, 0xeb, 0xb1, 0x3d, 0x00, 0x00, 0x00, 0x00, 0x00,
  0x58, 0xf7, 0xff, 0xff, 0xff, 0xff, 0xff, 0xfe, 0x67, 0x00, 0x00, 0x00, 0x2d, 0xf8, 0xff, 0xe0, 0x4e, 0x1f, 0x40, 0xcf,
  0xff, 0xfa, 0x22, 0x00, 0x00, 0xa1, 0xff, 0xff, 0x2f, 0x00, 0x00, 0x00, 0x2b, 0xff, 0xff, 0x81, 0x00, 0x00, 0xe2, 0xff,
  0xff, 0xff, 0xff, 0xff, 0xff, 0xff, 0xff, 0xff, 0xb3, 0x00, 0x00, 0xf8, 0xff, 0xff, 0xff, 0xff, 0xff, 0xff, 0xff, 0xff,
  0xff, 0xa8, 0x00, 0x00, 0xe2, 0xff, 0xf6, 0x18, 0x18, 0x18, 0x18, 0x18, 0x18, 0x15, 0x00, 0x00, 0x00, 0xa3, 0xff, 0xff,
  0x43, 0x00, 0x00, 0x00, 0x00, 0x00, 0x00, 0x00, 0x00, 0x00, 0x2f, 0xf8, 0xff, 0xec, 0x6b, 0x2d, 0x23, 0x4b, 0xa4, 0xe3,
  0x30, 0x00, 0x00, 0x00, 0x55, 0xf4, 0xff, 0xff, 0xff, 0xff, 0xff, 0xff, 0xf6, 0x2c, 0x00, 0x00, 0x00, 0x00, 0x22, 0x8e,
  0xd6, 0xf2, 0xf1, 0xd1, 0x88, 0x21, 0x00, 0x00, 0x00, 0x00, 0x00, 0x00, 0x00, 0x00, 0x00, 0x00, 0x0f, 0x00, 0x00, 0x00,
  0x00, 0x00, 0x00, 0x00, 0x00, 0x00, 0x00, 0x00, 0x80, 0xfe, 0x62, 0x00, 0x00, 0x00, 0x00, 0x00, 0x00, 0x00, 0x00, 0x00,
  0x14, 0xf3, 0xff, 0x64, 0x00, 0x00, 0x00, 0x00, 0x00, 0x00, 0x00, 0x00, 0x00, 0x8b, 0xff, 0xbb, 0x01, 0x00, 0x00, 0x00,
  0x00, 0x00, 0x00, 0x00, 0x00, 0x16, 0xf5, 0xee, 0x1b, 0x00, 0x00, 0x00, 0x00, 0x00, 0x00, 0x00, 0x00, 0x00, 0x25, 0xe0,
  0x54, 0x00, 0x00, 0x00, 0x00, 0x00, 0x00, 0x00, 0x00, 0x00, 0x00, 0x00, 0x00, 0x00, 0x00, 0x00, 0x00, 0x00, 0x00, 0x00,
  0x00, 0x00, 0x2a, 0x9a, 0xdf, 0xf8, 0xeb, 0xb1, 0x3d, 0x00, 0x00, 0x00, 0x00, 0x00, 0x58, 0xf7, 0xff, 0xff, 0xff, 0xff,
  0xff, 0xfe, 0x67, 0x00, 0x00, 0x00, 0x2d, 0xf8, 0xff, 0xe0, 0x4e, 0x1f, 0x40, 0xcf, 0xff, 0xfa, 0x22, 0x00, 0x00, 0xa1,
  0xff, 0xff, 0x2f, 0x00, 0x00, 0x00, 0x2b, 0xff, 0xff, 0x81, 0x00, 0x00, 0xe2, 0xff, 0xff, 0xff, 0xff, 0xff, 0xff, 0xff,
  0xff, 0xff, 0xb3, 0x00, 0x00, 0xf8, 0xff, 0xff, 0xff, 0xff, 0xff, 0xff, 0xff, 0xff, 0xff, 0xa8, 0x00, 0x00, 0xe2, 0xff,
  0xf6, 0x18, 0x18, 0x18, 0x18, 0x18, 0x18, 0x15, 0x00, 0x00, 0x00, 0xa3, 0xff, 0xff, 0x43, 0x00, 0x00, 0x00, 0x00, 0x00,
  0x00, 0x00, 0x00, 0x00, 0x2f, 0xf8, 0xff, 0xec, 0x6b, 0x2d, 0x23, 0x4b, 0xa4, 0xe3, 0x30, 0x00, 0x00, 0x00, 0x55, 0xf4,
  0xff, 0xff, 0xff, 0xff, 0xff, 0xff, 0xf6, 0x2c, 0x00, 0x00, 0x00, 0x00, 0x22, 0x8e, 0xd6, 0xf2, 0xf1, 0xd1, 0x88, 0x21,
  0x00, 0x00, 0x00, 0x00, 0x00, 0x00, 0x00, 0x2d, 0x76, 0x25, 0x00, 0x00, 0x00, 0x00, 0x00, 0x00, 0x00, 0x00, 0x00, 0x17,
  0xf0, 0xff, 0xe9, 0x10, 0x00, 0x00, 0x00, 0x00, 0x00, 0x00, 0x00, 0x00, 0x94, 0xff, 0xe2, 0xff, 0x85, 0x00, 0x00, 0x00,
  0x00, 0x00, 0x00, 0x00, 0x21, 0xfa, 0xd8, 0x15, 0xe2, 0xf4, 0x17, 0x00, 0x00, 0x00, 0x00, 0x00, 0x00, 0x9e, 0xfe, 0x3c,
  0x00, 0x4b, 0xff, 0x8d, 0x00, 0x00, 0x00, 0x00, 0x00, 0x00, 0x63, 0x73, 0x00, 0x00, 0x00, 0x7d, 0x56, 0x00, 0x00, 0x00,
  0x00, 0x00, 0x00, 0x00, 0x00, 0x00, 0x00, 0x00, 0x00, 0x00, 0x00, 0x00, 0x00, 0x00, 0x00, 0x00, 0x2a, 0x9a, 0xdf, 0xf8,
  0xeb, 0xb1, 0x3d, 0x00, 0x00, 0x00, 0x00, 0x00, 0x58, 0xf7, 0xff, 0xff, 0xff, 0xff, 0xff, 0xfe, 0x67, 0x00, 0x00, 0x00,
  0x2d, 0xf8, 0xff, 0xe0, 0x4e, 0x1f, 0x40, 0xcf, 0xff, 0xfa, 0x22, 0x00, 0x00, 0xa1, 0xff, 0xff, 0x2f, 0x00, 0x00, 0x00,
  0x2b, 0xff, 0xff, 0x81, 0x00, 0x00, 0xe2, 0xff, 0xff, 0xff, 0xff, 0xff, 0xff, 0xff, 0xff, 0xff, 0xb3, 0x00, 0x00, 0xf8,
  0xff, 0xff, 0xff, 0xff, 0xff, 0xff, 0xff, 0xff, 0xff, 0xa8, 0x00, 0x00, 0xe2, 0xff, 0xf6, 0x18, 0x18, 0x18, 0x18, 0x18,
  0x18, 0x15, 0x00, 0x00, 0x00, 0xa3, 0xff, 0xff, 0x43, 0x00, 0x00, 0x00, 0x00, 0x00, 0x00, 0x00, 0x00, 0x00, 0x2f, 0xf8,
  0xff, 0xec, 0x6b, 0x2d, 0x23, 0x4b, 0xa4, 0xe3, 0x30, 0x00, 0x00, 0x00, 0x55, 0xf4, 0xff, 0xff, 0xff, 0xff, 0xff, 0xff,
  0xf6, 0x2c, 0x00, 0x00, 0x00, 0x00, 0x22, 0x8e, 0xd6, 0xf2, 0xf1, 0xd1, 0x88, 0x21, 0x00, 0x00, 0x00, 0x00, 0x00, 0x9f,
  0xf4, 0x6b, 0x00, 0xa1, 0xf4, 0x68, 0x00, 0x00, 0x00, 0x00, 0x00, 0x00, 0xf6, 0xff, 0xba, 0x00, 0xf6, 0xff, 0xba, 0x00,
  0x00, 0x00, 0x00, 0x00, 0x00, 0x7c, 0xcd, 0x51, 0x00, 0x7e, 0xcd, 0x51, 0x00, 0x00, 0x00, 0x00, 0x00, 0x00, 0x00, 0x00,
  0x00, 0x00, 0x00, 0x00, 0x00, 0x00, 0x00, 0x00, 0x00, 0x00, 0x00, 0x00, 0x00, 0x00, 0x00, 0x00, 0x00, 0x00, 0x00, 0x00,
  0x00, 0x00, 0x00, 0x00, 0x2a, 0x9a, 0xdf, 0xf8, 0xeb, 0xb1, 0x3d, 0x00, 0x00, 0x00, 0x00, 0x00, 0x58, 0xf7, 0xff, 0xff,
  0xff, 0xff, 0xff, 0xfe, 0x67, 0x00, 0x00, 0x00, 0x2d, 0xf8, 0xff, 0xe0, 0x4e, 0x1f, 0x40, 0xcf, 0xff, 0xfa, 0x22, 0x00,
  0x00, 0xa1, 0xff, 0xff, 0x2f, 0x00, 0x00, 0x00, 0x2b, 0xff, 0xff, 0x81, 0x00, 0x00, 0xe2, 0xff, 0xff, 0xff, 0xff, 0xff,
  0xff, 0xff, 0xff, 0xff, 0xb3, 0x00, 0x00, 0xf8, 0xff, 0xff, 0xff, 0xff, 0xff, 0xff, 0xff, 0xff, 0xff, 0xa8, 0x00, 0x00,
  0xe2, 0xff, 0xf7, 0x18, 0x18, 0x18, 0x18, 0x18, 0x18, 0x14, 0x00, 0x00, 0x00, 0xa3, 0xff, 0xff, 0x43, 0x00, 0x00, 0x00,
  0x00, 0x00, 0x00, 0x00, 0x00, 0x00, 0x2f, 0xf8, 0xff, 0xec, 0x6b, 0x2d, 0x23, 0x4b, 0xa4, 0xe3, 0x30, 0x00, 0x00, 0x00,
  0x55, 0xf4, 0xff, 0xff, 0xff, 0xff, 0xff, 0xff, 0xf6, 0x2c, 0x00, 0x00, 0x00, 0x00, 0x22, 0x8e, 0xd6, 0xf2, 0xf1, 0xd1,
  0x88, 0x21, 0x00, 0x00, 0x00, 0x0e, 0x01, 0x00, 0x00, 0x00, 0x56, 0xfd, 0x8f, 0x00, 0x00, 0x00, 0x55, 0xff, 0xf9, 0x1d,
  0x00, 0x00, 0x00, 0xad, 0xff, 0x98, 0x00, 0x00, 0x00, 0x13, 0xe7, 0xfa, 0x1e, 0x00, 0x00, 0x00, 0x46, 0xe2, 0x2d, 0x00,
  0x00, 0x00, 0x00, 0x00, 0x00, 0x00, 0x00, 0x00, 0xa1, 0xf4, 0x65, 0x00, 0x00, 0x00, 0xfc, 0xff, 0xbf, 0x00, 0x00, 0x00,
  0xff, 0xff, 0xc4, 0x00, 0x00, 0x00, 0xff, 0xff, 0xc4, 0x00, 0x00, 0x00, 0xff, 0xff, 0xc4, 0x00, 0x00, 0x00, 0xff, 0xff,
  0xc4, 0x00, 0x00, 0x00, 0xff, 0xff, 0xc4, 0x00, 0x00, 0x00, 0xff, 0xff, 0xc4, 0x00, 0x00, 0x00, 0xff, 0xff, 0xc4, 0x00,
  0x00, 0x00, 0xfb, 0xff, 0xbf, 0x00, 0x00, 0x00, 0xa1, 0xf4, 0x67, 0x00, 0x00, 0x00, 0x00, 0x00, 0x09, 0x07, 0x00, 0x00,
  0x00, 0x00, 0x0d, 0xe6, 0xe1, 0x0a, 0x00, 0x00, 0x00, 0x7d, 0xff, 0xe6, 0x0a, 0x00, 0x00, 0x0f, 0xef, 0xff, 0x49, 0x00,
  0x00, 0x00, 0x80, 0xff, 0x96, 0x00, 0x00, 0x00, 0x00, 0x85, 0xca, 0x0a, 0x00, 0x00, 0x00, 0x00, 0x00, 0x00, 0x00, 0x00,
  0x00, 0x00, 0xa1, 0xf4, 0x65, 0x00, 0x00, 0x00, 0x00, 0xfc, 0xff, 0xbf, 0x00, 0x00, 0x00, 0x00, 0xff, 0xff, 0xc4, 0x00,
  0x00, 0x00, 0x00, 0xff, 0xff, 0xc4, 0x00, 0x00, 0x00, 0x00, 0xff, 0xff, 0xc4, 0x00, 0x00, 0x00, 0x00, 0xff, 0xff, 0xc4,
  0x00, 0x00, 0x00, 0x00, 0xff, 0xff, 0xc4, 0x00, 0x00, 0x00, 0x00, 0xff, 0xff, 0xc4, 0x00, 0x00, 0x00, 0x00, 0xff, 0xff,
  0xc4, 0x00, 0x00, 0x00, 0x00, 0xfb, 0xff, 0xbf, 0x00, 0x00, 0x00, 0x00, 0xa1, 0xf4, 0x67, 0x00, 0x00, 0x00, 0x00, 0x00,
  0x00, 0x05, 0x00, 0x00, 0x00, 0x00, 0x0b, 0xc7, 0xfc, 0x97, 0x00, 0x00, 0x00, 0x82, 0xff, 0xfb, 0xff, 0x43, 0x00, 0x18,
  0xf4, 0xe3, 0x42, 0xfc, 0xcc, 0x01, 0x97, 0xff, 0x4c, 0x00, 0x8c, 0xff, 0x57, 0xab, 0x9b, 0x00, 0x00, 0x0a, 0xcc, 0x6c,
  0x00, 0x00, 0x00, 0x00, 0x00, 0x00, 0x00, 0x00, 0x00, 0xa1, 0xf4, 0x65, 0x00, 0x00, 0x00, 0x00, 0xfc, 0xff, 0xbf, 0x00,
  0x00, 0x00, 0x00, 0xff, 0xff, 0xc4, 0x00, 0x00, 0x00, 0x00, 0xff, 0xff, 0xc4, 0x00, 0x00, 0x00, 0x00, 0xff, 0xff, 0xc4,
  0x00, 0x00, 0x00, 0x00, 0xff, 0xff, 0xc4, 0x00, 0x00, 0x00, 0x00, 0xff, 0xff, 0xc4, 0x00, 0x00, 0x00, 0x00, 0xff, 0xff,
  0xc4, 0x00, 0x00, 0x00, 0x00, 0xff, 0xff, 0xc4, 0x00, 0x00, 0x00, 0x00, 0xfb, 0xff, 0xbf, 0x00, 0x00, 0x00, 0x00, 0xa1,
  0xf4, 0x67, 0x00, 0x00, 0x9f, 0xf4, 0x6a, 0x00, 0x6a, 0xf4, 0xa2, 0xf6, 0xff, 0xba, 0x00, 0xba, 0xff, 0xf6, 0x7c, 0xcd,
  0x51, 0x00, 0x51, 0xcd, 0x81, 0x00, 0x00, 0x00, 0x00, 0x00, 0x00, 0x00, 0x00, 0x00, 0x00, 0x00, 0x00, 0x00, 0x00, 0x00,
  0x00, 0xa1, 0xf4, 0x65, 0x00, 0x00, 0x00, 0x00, 0xfc, 0xff, 0xbf, 0x00, 0x00, 0x00, 0x00, 0xff, 0xff, 0xc4, 0x00, 0x00,
  0x00, 0x00, 0xff, 0xff, 0xc4, 0x00, 0x00, 0x00, 0x00, 0xff, 0xff, 0xc4, 0x00, 0x00, 0x00, 0x00, 0xff, 0xff, 0xc4, 0x00,
  0x00, 0x00, 0x00, 0xff, 0xff, 0xc4, 0x00, 0x00, 0x00, 0x00, 0xff, 0xff, 0xc4, 0x00, 0x00, 0x00, 0x00, 0xff, 0xff, 0xc4,
  0x00, 0x00, 0x00, 0x00, 0xfb, 0xff, 0xbf, 0x00, 0x00, 0x00, 0x00, 0xa1, 0xf4, 0x67, 0x00, 0x00, 0x00, 0x00, 0x00, 0x00,
  0x00, 0x00, 0x00, 0x00, 0x00, 0x00, 0x00, 0x00, 0x00, 0x00, 0x00, 0x06, 0xc8, 0xce, 0x7e, 0x1f, 0x00, 0x2e, 0xa0, 0xc2,
  0x0d, 0x00, 0x00, 0x00, 0x04, 0xcb, 0xff, 0xff, 0xfa, 0xd9, 0xff, 0xff, 0xd1, 0x0b, 0x00, 0x00, 0x00, 0x00, 0x00, 0x83,
  0xff, 0xff, 0xff, 0xff, 0x71, 0x02, 0x00, 0x00, 0x00, 0x00, 0x23, 0xca, 0xff, 0xff, 0xd2, 0xf8, 0xff, 0xd9, 0x0e, 0x00,
  0x00, 0x00, 0x00, 0x5b, 0xfd, 0xb3, 0x3e, 0x00, 0x3a, 0xf8, 0xff, 0x9e, 0x00, 0x00, 0x00, 0x00, 0x00, 0x0a, 0x00, 0x04,
  0x0c, 0x00, 0x6f, 0xff, 0xfd, 0x29, 0x00, 0x00, 0x00, 0x01, 0x68, 0xd1, 0xfc, 0xff, 0xe4, 0x7e, 0xec, 0xff, 0x89, 0x00,
  0x00, 0x01, 0xac, 0xff, 0xff, 0xff, 0xff, 0xff, 0xff, 0xff, 0xff, 0xca, 0x00, 0x00, 0x67, 0xff, 0xff, 0xc9, 0x31, 0x09,
  0x35, 0xcc, 0xff, 0xff, 0xef, 0x00, 0x00, 0xcb, 0xff, 0xfa, 0x19, 0x00, 0x00, 0x00, 0x1f, 0xfa, 0xff, 0xfb, 0x00, 0x00,
  0xf3, 0xff, 0xcf, 0x00, 0x00, 0x00, 0x00, 0x00, 0xd5, 0xff, 0xee, 0x00, 0x00, 0xef, 0xff, 0xd8, 0x00, 0x00, 0x00, 0x00,
  0x00, 0xd3, 0xff, 0xc6, 0x00, 0x00, 0xc0, 0xff, 0xfc, 0x25, 0x00, 0x00, 0x00, 0x24, 0xfd, 0xff, 0x7f, 0x00, 0x00, 0x53,
  0xff, 0xff, 0xd6, 0x4a, 0x20, 0x47, 0xd6, 0xff, 0xef, 0x18, 0x00, 0x00, 0x00, 0x8c, 0xff, 0xff, 0xff, 0xff, 0xff, 0xff,
  0xf7, 0x4b, 0x00, 0x00, 0x00, 0x00, 0x00, 0x4a, 0xb5, 0xe9, 0xf9, 0xe2, 0x9f, 0x27, 0x00, 0x00, 0x00, 0x00, 0x00, 0x00,
  0x12, 0x5a, 0x46, 0x01, 0x00, 0x00, 0x53, 0x4c, 0x00, 0x00, 0x00, 0x13, 0xe0, 0xff, 0xff, 0xbe, 0x28, 0x22, 0xec, 0x8a,
  0x00, 0x00, 0x00, 0x83, 0xfe, 0x80, 0x96, 0xfc, 0xff, 0xff, 0xf6, 0x28, 0x00, 0x00, 0x00, 0x99, 0x9d, 0x00, 0x00, 0x38,
  0xb1, 0xc4, 0x4b, 0x00, 0x00, 0x00, 0x00, 0x00, 0x00, 0x00, 0x00, 0x00, 0x00, 0x00, 0x00, 0x00, 0x00, 0x00, 0x00, 0x00,
  0x00, 0x00, 0x00, 0x00, 0x00, 0x00, 0x00, 0x00, 0x00, 0x00, 0xa7, 0xf5, 0x6b, 0x1b, 0x9e, 0xe7, 0xf7, 0xd2, 0x5e, 0x00,
  0x00, 0x00, 0xfd, 0xff, 0xd3, 0xe4, 0xff, 0xff, 0xff, 0xff, 0xff, 0x55, 0x00, 0x00, 0xff, 0xff, 0xff, 0xce, 0x43, 0x24,
  0x81, 0xff, 0xff, 0xc0, 0x00, 0x00, 0xff, 0xff, 0xf8, 0x1c, 0x00, 0x00, 0x01, 0xe4, 0xff, 0xee, 0x00, 0x00, 0xff, 0xff,
  0xd1, 0x00, 0x00, 0x00, 0x00, 0xc6, 0xff, 0xfe, 0x00, 0x00, 0xff, 0xff, 0xc4, 0x00, 0x00, 0x00, 0x00, 0xc4, 0xff, 0xff,
  0x00, 0x00, 0xff, 0xff, 0xc4, 0x00, 0x00, 0x00, 0x00, 0xc4, 0xff, 0xff, 0x00, 0x00, 0xff, 0xff, 0xc4, 0x00, 0x00, 0x00,
  0x00, 0xc4, 0xff, 0xff, 0x00, 0x00, 0xff, 0xff, 0xc4, 0x00, 0x00, 0x00, 0x00, 0xc4, 0xff, 0xff, 0x00, 0x00, 0xfd, 0xff,
  0xc1, 0x00, 0x00, 0x00, 0x00, 0xc1, 0xff, 0xfd, 0x00, 0x00, 0xa9, 0xf6, 0x70, 0x00, 0x00, 0x00, 0x00, 0x6d, 0xf5, 0xa7,
  0x00, 0x00, 0x00, 0x00, 0x04, 0x0b, 0x00, 0x00, 0x00, 0x00, 0x00, 0x00, 0x00, 0x00, 0x00, 0x00, 0x00, 0xc7, 0xf5, 0x24,
  0x00, 0x00, 0x00, 0x00, 0x00, 0x00, 0x00, 0x00, 0x00, 0x00, 0xc9, 0xff, 0xa2, 0x00, 0x00, 0x00, 0x00, 0x00, 0x00, 0x00,
  0x00, 0x00, 0x00, 0x29, 0xf7, 0xfc, 0x27, 0x00, 0x00, 0x00, 0x00, 0x00, 0x00, 0x00, 0x00, 0x00, 0x00, 0x6f, 0xff, 0xa4,
  0x00, 0x00, 0x00, 0x00, 0x00, 0x00, 0x00, 0x00, 0x00, 0x00, 0x01, 0xaf, 0xa6, 0x00, 0x00, 0x00, 0x00, 0x00, 0x00, 0x00,
  0x00, 0x00, 0x00, 0x00, 0x00, 0x00, 0x00, 0x00, 0x00, 0x00, 0x00, 0x00, 0x00, 0x00, 0x00, 0x3e, 0xae, 0xe8, 0xf9, 0xe4,
  0xa9, 0x3a, 0x00, 0x00, 0x00, 0x00, 0x00, 0x7a, 0xff, 0xff, 0xff, 0xff, 0xff, 0xff, 0xfd, 0x70, 0x00, 0x00, 0x00, 0x41,
  0xff, 0xff, 0xde, 0x4b, 0x22, 0x53, 0xe3, 0xff, 0xfd, 0x3a, 0x00, 0x00, 0xb1, 0xff, 0xff, 0x33, 0x00, 0x00, 0x00, 0x3a,
  0xff, 0xff, 0xa9, 0x00, 0x00, 0xea, 0xff, 0xde, 0x00, 0x00, 0x00, 0x00, 0x00, 0xe4, 0xff, 0xe4, 0x00, 0x00, 0xfa, 0xff,
  0xca, 0x00, 0x00, 0x00, 0x00, 0x00, 0xcb, 0xff, 0xf9, 0x00, 0x00, 0xe5, 0xff, 0xe4, 0x00, 0x00, 0x00, 0x00, 0x00, 0xdf,
  0xff, 0xe8, 0x00, 0x00, 0xad, 0xff, 0xff, 0x3a, 0x00, 0x00, 0x00, 0x33, 0xff, 0xff, 0xad, 0x00, 0x00, 0x40, 0xfe, 0xff,
  0xe3, 0x54, 0x22, 0x4b, 0xdf, 0xff, 0xfe, 0x3d, 0x00, 0x00, 0x00, 0x79, 0xfe, 0xff, 0xff, 0xff, 0xff, 0xff, 0xfe, 0x76,
  0x00, 0x00, 0x00, 0x00, 0x00, 0x41, 0xae, 0xe5, 0xfa, 0xe9, 0xaf, 0x3f, 0x00, 0x00, 0x00, 0x00, 0x00, 0x00, 0x00, 0x00,
  0x00, 0x00, 0x00, 0x10, 0x00, 0x00, 0x00, 0x00, 0x00, 0x00, 0x00, 0x00, 0x00, 0x00, 0x00, 0x6b, 0xff, 0x76, 0x00, 0x00,
  0x00, 0x00, 0x00, 0x00, 0x00, 0x00, 0x00, 0x0b, 0xe9, 0xff, 0x7a, 0x00, 0x00, 0x00, 0x00, 0x00, 0x00, 0x00, 0x00, 0x00,
  0x77, 0xff, 0xcc, 0x05, 0x00, 0x00, 0x00, 0x00, 0x00, 0x00, 0x00, 0x00, 0x0b, 0xec, 0xf7, 0x29, 0x00, 0x00, 0x00, 0x00,
  0x00, 0x00, 0x00, 0x00, 0x00, 0x16, 0xdb, 0x68, 0x00, 0x00, 0x00, 0x00, 0x00, 0x00, 0x00, 0x00, 0x00, 0x00, 0x00, 0x00,
  0x00, 0x00, 0x00, 0x00, 0x00, 0x00, 0x00, 0x00, 0x00, 0x3e, 0xae, 0xe8, 0xf9, 0xe4, 0xa9, 0x3a, 0x00, 0x00, 0x00, 0x00,
  0x00, 0x7a, 0xff, 0xff, 0xff, 0xff, 0xff, 0xff, 0xfd, 0x70, 0x00, 0x00, 0x00, 0x41, 0xff, 0xff, 0xde, 0x4b, 0x22, 0x53,
  0xe3, 0xff, 0xfd, 0x3a, 0x00, 0x00, 0xb1, 0xff, 0xff, 0x33, 0x00, 0x00, 0x00, 0x3a, 0xff, 0xff, 0xa9, 0x00, 0x00, 0xea,
  0xff, 0xde, 0x00, 0x00, 0x00, 0x00, 0x00, 0xe4, 0xff, 0xe4, 0x00, 0x00, 0xfa, 0xff, 0xca, 0x00, 0x00, 0x00, 0x00, 0x00,
  0xcb, 0xff, 0xf9, 0x00, 0x00, 0xe5, 0xff, 0xe4, 0x00, 0x00, 0x00, 0x00, 0x00, 0xdf, 0xff, 0xe8, 0x00, 0x00, 0xad, 0xff,
  0xff, 0x3a, 0x00, 0x00, 0x00, 0x33, 0xff, 0xff, 0xad, 0x00, 0x00, 0x40, 0xfe, 0xff, 0xe3, 0x54, 0x22, 0x4b, 0xdf, 0xff,
  0xfe, 0x3d, 0x00, 0x00, 0x00, 0x79, 0xfe, 0xff, 0xff, 0xff, 0xff, 0xff, 0xfe, 0x76, 0x00, 0x00, 0x00, 0x00, 0x00, 0x41,
  0xae, 0xe5, 0xfa, 0xe9, 0xaf, 0x3f, 0x00, 0x00, 0x00, 0x00, 0x00, 0x00, 0x00, 0x00, 0x29, 0x77, 0x28, 0x00, 0x00, 0x00,
  0x00, 0x00, 0x00, 0x00, 0x00, 0x00, 0x12, 0xec, 0xff, 0xec, 0x12, 0x00, 0x00, 0x00, 0x00, 0x00, 0x00, 0x00, 0x00, 0x8c,
  0xff, 0xe2, 0xff, 0x89, 0x00, 0x00, 0x00, 0x00, 0x00, 0x00, 0x00, 0x1c, 0xf7, 0xdc, 0x14, 0xdd, 0xf6, 0x1a, 0x00, 0x00,
  0x00, 0x00, 0x00, 0x00, 0x96, 0xfe, 0x41, 0x00, 0x44, 0xff, 0x92, 0x00, 0x00, 0x00, 0x00, 0x00, 0x00, 0x5e, 0x76, 0x00,
  0x00, 0x00, 0x79, 0x5b, 0x00, 0x00, 0x00, 0x00, 0x00, 0x00, 0x00, 0x00, 0x00, 0x00, 0x00, 0x00, 0x00, 0x00, 0x00, 0x00,
  0x00, 0x00, 0x00, 0x3e, 0xae, 0xe8, 0xf9, 0xe4, 0xa9, 0x3a, 0x00, 0x00, 0x00, 0x00, 0x00, 0x7a, 0xff, 0xff, 0xff, 0xff,
  0xff, 0xff, 0xfd, 0x70, 0x00, 0x00, 0x00, 0x41, 0xff, 0xff, 0xde, 0x4b, 0x22, 0x53, 0xe3, 0xff, 0xfd, 0x3a, 0x00, 0x00,
  0xb1, 0xff, 0xff, 0x33, 0x00, 0x00, 0x00, 0x3a, 0xff, 0xff, 0xa9, 0x00, 0x00, 0xea, 0xff, 0xde, 0x00, 0x00, 0x00, 0x00,
  0x00, 0xe4, 0xff, 0xe4, 0x00, 0x00, 0xfa, 0xff, 0xca, 0x00, 0x00, 0x00, 0x00, 0x00, 0xcb, 0xff, 0xf9, 0x00, 0x00, 0xe5,
  0xff, 0xe4, 0x00, 0x00, 0x00, 0x00, 0x00, 0xdf, 0xff, 0xe8, 0x00, 0x00, 0xad, 0xff, 0xff, 0x3a, 0x00, 0x00, 0x00, 0x33,
  0xff, 0xff, 0xad, 0x00, 0x00, 0x40, 0xfe, 0xff, 0xe3, 0x54, 0x22, 0x4b, 0xdf, 0xff, 0xfe, 0x3d, 0x00, 0x00, 0x00, 0x79,
  0xfe, 0xff, 0xff, 0xff, 0xff, 0xff, 0xfe, 0x76, 0x00, 0x00, 0x00, 0x00, 0x00, 0x41, 0xae, 0xe5, 0xfa, 0xe9, 0xaf, 0x3f,
  0x00, 0x00, 0x00, 0x00, 0x00, 0x00, 0x1a, 0x5e, 0x3b, 0x00, 0x00, 0x00, 0x66, 0x38, 0x00, 0x00, 0x00, 0x00, 0x26, 0xed,
  0xff, 0xff, 0xa7, 0x1b, 0x3b, 0xfd, 0x6a, 0x00, 0x00, 0x00, 0x00, 0xa3, 0xf5, 0x75, 0xa5, 0xff, 0xff, 0xff, 0xea, 0x14,
  0x00, 0x00, 0x00, 0x00, 0xbf, 0x7b, 0x00, 0x00, 0x4b, 0xb9, 0xbc, 0x36, 0x00, 0x00, 0x00, 0x00, 0x00, 0x00, 0x00, 0x00,
  0x00, 0x00, 0x00, 0x00, 0x00, 0x00, 0x00, 0x00, 0x00, 0x00, 0x00, 0x00, 0x00, 0x00, 0x00, 0x00, 0x00, 0x00, 0x00, 0x00,
  0x00, 0x00, 0x00, 0x00, 0x3e, 0xae, 0xe8, 0xf9, 0xe4, 0xa9, 0x3a, 0x00, 0x00, 0x00, 0x00, 0x00, 0x7a, 0xff, 0xff, 0xff,
  0xff, 0xff, 0xff, 0xfd, 0x70, 0x00, 0x00, 0x00, 0x41, 0xff, 0xff, 0xde, 0x4b, 0x22, 0x53, 0xe3, 0xff, 0xfd, 0x3a, 0x00,
  0x00, 0xb1, 0xff, 0xff, 0x33, 0x00, 0x00, 0x00, 0x3a, 0xff, 0xff, 0xa9, 0x00, 0x00, 0xea, 0xff, 0xde, 0x00, 0x00, 0x00,
  0x00, 0x00, 0xe4, 0xff, 0xe4, 0x00, 0x00, 0xfa, 0xff, 0xca, 0x00, 0x00, 0x00, 0x00, 0x00, 0xcb, 0xff, 0xf9, 0x00, 0x00,
  0xe5, 0xff, 0xe4, 0x00, 0x00, 0x00, 0x00, 0x00, 0xdf, 0xff, 0xe8, 0x00, 0x00, 0xad, 0xff, 0xff, 0x3a, 0x00, 0x00, 0x00,
  0x33, 0xff, 0xff, 0xad, 0x00, 0x00, 0x40, 0xfe, 0xff, 0xe3, 0x54, 0x22, 0x4b, 0xdf, 0xff, 0xfe, 0x3d, 0x00, 0x00, 0x00,
  0x79, 0xfe, 0xff, 0xff, 0xff, 0xff, 0xff, 0xfe, 0x76, 0x00, 0x00, 0x00, 0x00, 0x00, 0x41, 0xae, 0xe5, 0xfa, 0xe9, 0xaf,
  0x3f, 0x00, 0x00, 0x00, 0x00, 0x00, 0x00, 0xa1, 0xf4, 0x6b, 0x00, 0x6a, 0xf5, 0xa2, 0x00, 0x00, 0x00, 0x00, 0x00, 0x00,
  0xf6, 0xff, 0xba, 0x00, 0xba, 0xff, 0xf6, 0x00, 0x00, 0x00, 0x00, 0x00, 0x00, 0x7e, 0xcd, 0x51, 0x00, 0x51, 0xcd, 0x81,
  0x00, 0x00, 0x00, 0x00, 0x00, 0x00, 0x00, 0x00, 0x00, 0x00, 0x00, 0x00, 0x00, 0x00, 0x00, 0x00, 0x00, 0x00, 0x00, 0x00,
  0x00, 0x00, 0x00, 0x00, 0x00, 0x00, 0x00, 0x00, 0x00, 0x00, 0x00, 0x00, 0x3e, 0xae, 0xe8, 0xf9, 0xe4, 0xa9, 0x3a, 0x00,
  0x00, 0x00, 0x00, 0x00, 0x7a, 0xff, 0xff, 0xff, 0xff, 0xff, 0xff, 0xfd, 0x70, 0x00, 0x00, 0x00, 0x41, 0xff, 0xff, 0xde,
  0x4b, 0x22, 0x53, 0xe3, 0xff, 0xfd, 0x3a, 0x00, 0x00, 0xb1, 0xff, 0xff, 0x33, 0x00, 0x00, 0x00, 0x3a, 0xff, 0xff, 0xa9,
  0x00, 0x00, 0xea, 0xff, 0xde, 0x00, 0x00, 0x00, 0x00, 0x00, 0xe4, 0xff, 0xe4, 0x00, 0x00, 0xfa, 0xff, 0xca, 0x00, 0x00,
  0x00, 0x00, 0x00, 0xcb, 0xff, 0xf9, 0x00, 0x00, 0xe5, 0xff, 0xe4, 0x00, 0x00, 0x00, 0x00, 0x00, 0xdf, 0xff, 0xe8, 0x00,
  0x00, 0xad, 0xff, 0xff, 0x3a, 0x00, 0x00, 0x00, 0x33, 0xff, 0xff, 0xad, 0x00, 0x00, 0x40, 0xfe, 0xff, 0xe3, 0x54, 0x22,
  0x4b, 0xdf, 0xff, 0xfe, 0x3d, 0x00, 0x00, 0x00, 0x79, 0xfe, 0xff, 0xff, 0xff, 0xff, 0xff, 0xfe, 0x76, 0x00, 0x00, 0x00,
  0x00, 0x00, 0x41, 0xae, 0xe5, 0xfa, 0xe9, 0xaf, 0x3f, 0x00, 0x00, 0x00, 0x00, 0x00, 0x00, 0x00, 0x00, 0xb7, 0xf8, 0x81,
  0x00, 0x00, 0x00, 0x00, 0x00, 0x00, 0x00, 0x00, 0x00, 0x00, 0xcf, 0xff, 0x93, 0x00, 0x00, 0x00, 0x00, 0x00, 0x00, 0x00,
  0x00, 0x00, 0x00, 0x02, 0x10, 0x00, 0x00, 0x00, 0x00, 0x00, 0x00, 0x00, 0x00, 0x00, 0x00, 0x00, 0x00, 0x00, 0x00, 0x00,
  0x00, 0x00, 0x00, 0x00, 0x00, 0xc3, 0xff, 0xff, 0xff, 0xff, 0xff, 0xff, 0xff, 0xff, 0xff, 0xc3, 0x00, 0x00, 0xd6, 0xff,
  0xff, 0xff, 0xff, 0xff, 0xff, 0xff, 0xff, 0xff, 0xd6, 0x00, 0x00, 0x07, 0x18, 0x18, 0x18, 0x18, 0x18, 0x18, 0x18, 0x18,
  0x18, 0x07, 0x00, 0x00, 0x00, 0x00, 0x00, 0x00, 0x00, 0x00, 0x00, 0x00, 0x00, 0x00, 0x00, 0x00, 0x00, 0x00, 0x00, 0x00,
  0x00, 0x01, 0x10, 0x00, 0x00, 0x00, 0x00, 0x00, 0x00, 0x00, 0x00, 0x00, 0x00, 0x00, 0xcd, 0xff, 0x93, 0x00, 0x00, 0x00,
  0x00, 0x00, 0x00, 0x00, 0x00, 0x00, 0x00, 0xb9, 0xf8, 0x81, 0x00, 0x00, 0x00, 0x00, 0x00, 0x00, 0x00, 0x00, 0x00, 0x00,
  0x00, 0x00, 0x00, 0x00, 0x00, 0x00, 0x00, 0x00, 0x00, 0x00, 0x00, 0x00, 0x00, 0x00, 0x00, 0x00, 0x1f, 0xde, 0x5a, 0x00,
  0x00, 0x00, 0x00, 0x00, 0x3e, 0xae, 0xe8, 0xf9, 0xe4, 0xff, 0xff, 0x59, 0x00, 0x00, 0x00, 0x00, 0x7a, 0xff, 0xff, 0xff,
  0xff, 0xff, 0xff, 0xff, 0x71, 0x00, 0x00, 0x00, 0x41, 0xff, 0xff, 0xde, 0x4b, 0x26, 0xff, 0xff, 0xff, 0xfd, 0x3a, 0x00,
  0x00, 0xb1, 0xff, 0xff, 0x33, 0x00, 0x6f, 0xff, 0xd5, 0xff, 0xff, 0xa9, 0x00, 0x00, 0xea, 0xff, 0xde, 0x00, 0x14, 0xef,
  0xef, 0x15, 0xe4, 0xff, 0xe4, 0x00, 0x00, 0xfa, 0xff, 0xca, 0x00, 0x9a, 0xff, 0x6e, 0x00, 0xcb, 0xff, 0xf9, 0x00, 0x00,
  0xe5, 0xff, 0xe4, 0x32, 0xfd, 0xd4, 0x04, 0x00, 0xdf, 0xff, 0xe8, 0x00, 0x00, 0xad, 0xff, 0xff, 0xfe, 0xff, 0x42, 0x00,
  0x33, 0xff, 0xff, 0xad, 0x00, 0x00, 0x40, 0xfe, 0xff, 0xff, 0xff, 0x22, 0x4b, 0xdf, 0xff, 0xfe, 0x3d, 0x00, 0x00, 0x00,
  0x85, 0xff, 0xff, 0xff, 0xff, 0xff, 0xff, 0xfe, 0x76, 0x00, 0x00, 0x00, 0x00, 0x86, 0xff, 0xff, 0xe5, 0xfa, 0xe9, 0xaf,
  0x3f, 0x00, 0x00, 0x00, 0x00, 0x00, 0xc3, 0xde, 0x09, 0x00, 0x00, 0x00, 0x00, 0x00, 0x00, 0x00, 0x00, 0x00, 0x00, 0x0c,
  0x12, 0x00, 0x00, 0x00, 0x00, 0x00, 0x00, 0x00, 0x00, 0x00, 0x00, 0x00, 0x00, 0x02, 0x09, 0x00, 0x00, 0x00, 0x00, 0x00,
  0x00, 0x00, 0x00, 0x00, 0x00, 0xc2, 0xf6, 0x27, 0x00, 0x00, 0x00, 0x00, 0x00, 0x00, 0x00, 0x00, 0x00, 0xc4, 0xff, 0xa6,
  0x00, 0x00, 0x00, 0x00, 0x00, 0x00, 0x00, 0x00, 0x00, 0x27, 0xf6, 0xfd, 0x2a, 0x00, 0x00, 0x00, 0x00, 0x00, 0x00, 0x00,
  0x00, 0x00, 0x6c, 0xff, 0xa8, 0x00, 0x00, 0x00, 0x00, 0x00, 0x00, 0x00, 0x00, 0x00, 0x01, 0xaf, 0xae, 0x00, 0x00, 0x00,
  0x00, 0x00, 0x00, 0x00, 0x00, 0x00, 0x00, 0x00, 0x00, 0x00, 0x00, 0x00, 0x00, 0x00, 0x00, 0xaa, 0xf6, 0x70, 0x00, 0x00,
  0x00, 0x00, 0x72, 0xf6, 0xa5, 0x00, 0x00, 0xfd, 0xff, 0xc1, 0x00, 0x00, 0x00, 0x00, 0xc1, 0xff, 0xfd, 0x00, 0x00, 0xff,
  0xff, 0xc4, 0x00, 0x00, 0x00, 0x00, 0xc4, 0xff, 0xff, 0x00, 0x00, 0xff, 0xff, 0xc4, 0x00, 0x00, 0x00, 0x00, 0xc4, 0xff,
  0xff, 0x00, 0x00, 0xff, 0xff, 0xc4, 0x00, 0x00, 0x00, 0x00, 0xc4, 0xff, 0xff, 0x00, 0x00, 0xff, 0xff, 0xc4, 0x00, 0x00,
  0x00, 0x00, 0xc4, 0xff, 0xff, 0x00, 0x00, 0xfe, 0xff, 0xc5, 0x00, 0x00, 0x00, 0x00, 0xd2, 0xff, 0xff, 0x00, 0x00, 0xee,
  0xff, 0xe0, 0x00, 0x00, 0x00, 0x1d, 0xf9, 0xff, 0xff, 0x00, 0x00, 0xbd, 0xff, 0xff, 0x7c, 0x23, 0x42, 0xcf, 0xff, 0xff,
  0xff, 0x00, 0x00, 0x4b, 0xff, 0xff, 0xff, 0xff, 0xff, 0xe7, 0xd7, 0xff, 0xfd, 0x00, 0x00, 0x00, 0x51, 0xc9, 0xf4, 0xee,
  0xab, 0x22, 0x6d, 0xf5, 0xa8, 0x00, 0x00, 0x00, 0x00, 0x00, 0x00, 0x00, 0x00, 0x00, 0x0c, 0x00, 0x00, 0x00, 0x00, 0x00,
  0x00, 0x00, 0x00, 0x00, 0x00, 0x63, 0xff, 0x7c, 0x00, 0x00, 0x00, 0x00, 0x00, 0x00, 0x00, 0x00, 0x07, 0xe4, 0xff, 0x82,
  0x00, 0x00, 0x00, 0x00, 0x00, 0x00, 0x00, 0x00, 0x6f, 0xff, 0xd3, 0x07, 0x00, 0x00, 0x00, 0x00, 0x00, 0x00, 0x00, 0x08,
  0xe7, 0xf9, 0x2f, 0x00, 0x00, 0x00, 0x00, 0x00, 0x00, 0x00, 0x00, 0x14, 0xdd, 0x6f, 0x00, 0x00, 0x00, 0x00, 0x00, 0x00,
  0x00, 0x00, 0x00, 0x00, 0x00, 0x00, 0x00, 0x00, 0x00, 0x00, 0x00, 0xaa, 0xf6, 0x70, 0x00, 0x00, 0x00, 0x00, 0x72, 0xf6,
  0xa5, 0x00, 0x00, 0xfd, 0xff, 0xc1, 0x00, 0x00, 0x00, 0x00, 0xc1, 0xff, 0xfd, 0x00, 0x00, 0xff, 0xff, 0xc4, 0x00, 0x00,
  0x00, 0x00, 0xc4, 0xff, 0xff, 0x00, 0x00, 0xff, 0xff, 0xc4, 0x00, 0x00, 0x00, 0x00, 0xc4, 0xff, 0xff, 0x00, 0x00, 0xff,
  0xff, 0xc4, 0x00, 0x00, 0x00, 0x00, 0xc4, 0xff, 0xff, 0x00, 0x00, 0xff, 0xff, 0xc4, 0x00, 0x00, 0x00, 0x00, 0xc4, 0xff,
  0xff, 0x00, 0x00, 0xfe, 0xff, 0xc5, 0x00, 0x00, 0x00, 0x00, 0xd2, 0xff, 0xff, 0x00, 0x00, 0xee, 0xff, 0xe0, 0x00, 0x00,
  0x00, 0x1d, 0xf9, 0xff, 0xff, 0x00, 0x00, 0xbd, 0xff, 0xff, 0x7c, 0x23, 0x42, 0xcf, 0xff, 0xff, 0xff, 0x00, 0x00, 0x4b,
  0xff, 0xff, 0xff, 0xff, 0xff, 0xe7, 0xd7, 0xff, 0xfd, 0x00, 0x00, 0x00, 0x51, 0xc9, 0xf4, 0xee, 0xab, 0x22, 0x6d, 0xf5,
  0xa8, 0x00, 0x00, 0x00, 0x00, 0x00, 0x02, 0x5f, 0x62, 0x03, 0x00, 0x00, 0x00, 0x00, 0x00, 0x00, 0x00, 0x00, 0x7b, 0xff,
  0xff, 0x86, 0x00, 0x00, 0x00, 0x00, 0x00, 0x00, 0x00, 0x15, 0xf2, 0xf2, 0xee, 0xf6, 0x1a, 0x00, 0x00, 0x00, 0x00, 0x00,
  0x00, 0x90, 0xff, 0x6a, 0x63, 0xff, 0x98, 0x00, 0x00, 0x00, 0x00, 0x00, 0x19, 0xf8, 0xc4, 0x01, 0x00, 0xbd, 0xfb, 0x1e,
  0x00, 0x00, 0x00, 0x00, 0x0f, 0x9f, 0x25, 0x00, 0x00, 0x21, 0x9f, 0x11, 0x00, 0x00, 0x00, 0x00, 0x00, 0x00, 0x00, 0x00,
  0x00, 0x00, 0x00, 0x00, 0x00, 0x00, 0x00, 0xaa, 0xf6, 0x70, 0x00, 0x00, 0x00, 0x00, 0x72, 0xf6, 0xa5, 0x00, 0x00, 0xfd,
  0xff, 0xc1, 0x00, 0x00, 0x00, 0x00, 0xc1, 0xff, 0xfd, 0x00, 0x00, 0xff, 0xff, 0xc4, 0x00, 0x00, 0x00, 0x00, 0xc4, 0xff,
  0xff, 0x00, 0x00, 0xff, 0xff, 0xc4, 0x00, 0x00, 0x00, 0x00, 0xc4, 0xff, 0xff, 0x00, 0x00, 0xff, 0xff, 0xc4, 0x00, 0x00,
  0x00, 0x00, 0xc4, 0xff, 0xff, 0x00, 0x00, 0xff, 0xff, 0xc4, 0x00, 0x00, 0x00, 0x00, 0xc4, 0xff, 0xff, 0x00, 0x00, 0xfe,
  0xff, 0xc5, 0x00, 0x00, 0x00, 0x00, 0xd4, 0xff, 0xff, 0x00, 0x00, 0xee, 0xff, 0xe3, 0x01, 0x00, 0x00, 0x22, 0xfb, 0xff,
  0xff, 0x00, 0x00, 0xbd, 0xff, 0xff, 0x8c, 0x33, 0x51, 0xd7, 0xff, 0xff, 0xff, 0x00, 0x00, 0x4b, 0xff, 0xff, 0xff, 0xff,
  0xff, 0xe4, 0xd4, 0xff, 0xfd, 0x00, 0x00, 0x00, 0x51, 0xc9, 0xf4, 0xed, 0xa9, 0x1f, 0x6d, 0xf5, 0xa8, 0x00, 0x00, 0x00,
  0x7d, 0xf7, 0xb7, 0x00, 0x00, 0xb7, 0xf7, 0x7f, 0x00, 0x00, 0x00, 0x00, 0x91, 0xff, 0xcf, 0x00, 0x00, 0xcf, 0xff, 0x93,
  0x00, 0x00, 0x00, 0x00, 0x00, 0x10, 0x02, 0x00, 0x00, 0x02, 0x10, 0x00, 0x00, 0x00, 0x00, 0x00, 0x00, 0x00, 0x00, 0x00,
  0x00, 0x00, 0x00, 0x00, 0x00, 0x00, 0x00, 0x00, 0x00, 0x00, 0x00, 0x00, 0x00, 0x00, 0x00, 0x00, 0x00, 0x00, 0x00, 0xaa,
  0xf6, 0x70, 0x00, 0x00, 0x00, 0x00, 0x72, 0xf6, 0xa5, 0x00, 0x00, 0xfd, 0xff, 0xc1, 0x00, 0x00, 0x00, 0x00, 0xc1, 0xff,
  0xfd, 0x00, 0x00, 0xff, 0xff, 0xc4, 0x00, 0x00, 0x00, 0x00, 0xc4, 0xff, 0xff, 0x00, 0x00, 0xff, 0xff, 0xc4, 0x00, 0x00,
  0x00, 0x00, 0xc4, 0xff, 0xff, 0x00, 0x00, 0xff, 0xff, 0xc4, 0x00, 0x00, 0x00, 0x00, 0xc4, 0xff, 0xff, 0x00, 0x00, 0xff,
  0xff, 0xc4, 0x00, 0x00, 0x00, 0x00, 0xc4, 0xff, 0xff, 0x00, 0x00, 0xfe, 0xff, 0xc5, 0x00, 0x00, 0x00, 0x00, 0xd2, 0xff,
  0xff, 0x00, 0x00, 0xee, 0xff, 0xe0, 0x00, 0x00, 0x00, 0x1d, 0xf9, 0xff, 0xff, 0x00, 0x00, 0xbd, 0xff, 0xff, 0x7c, 0x23,
  0x42, 0xcf, 0xff, 0xff, 0xff, 0x00, 0x00, 0x4b, 0xff, 0xff, 0xff, 0xff, 0xff, 0xe7, 0xd7, 0xff, 0xfd, 0x00, 0x00, 0x00,
  0x51, 0xc9, 0xf4, 0xee, 0xab, 0x22, 0x6d, 0xf5, 0xa8, 0x00, 0x00, 0x00, 0x00, 0x00, 0x00, 0x00, 0x00, 0x08, 0x07, 0x00,
  0x00, 0x00, 0x00, 0x00, 0x00, 0x00, 0x00, 0x00, 0x0b, 0xe4, 0xe3, 0x0c, 0x00, 0x00, 0x00, 0x00, 0x00, 0x00, 0x00, 0x00,
  0x79, 0xff, 0xe7, 0x0b, 0x00, 0x00, 0x00, 0x00, 0x00, 0x00, 0x00, 0x0e, 0xed, 0xff, 0x4a, 0x00, 0x00, 0x00, 0x00, 0x00,
  0x00, 0x00, 0x00, 0x7c, 0xff, 0x98, 0x00, 0x00, 0x00, 0x00, 0x00, 0x00, 0x00, 0x00, 0x00, 0x82, 0xcc, 0x0b, 0x00, 0x00,
  0x00, 0x00, 0x00, 0x00, 0x00, 0x00, 0x00, 0x00, 0x00, 0x00, 0x00, 0x00, 0x00, 0x00, 0x06, 0xc9, 0xe7, 0x3c, 0x00, 0x00,
  0x00, 0x00, 0x00, 0xa8, 0xf1, 0x3f, 0x14, 0xfe, 0xff, 0xbb, 0x00, 0x00, 0x00, 0x00, 0x40, 0xff, 0xff, 0x6a, 0x00, 0xb4,
  0xff, 0xfe, 0x24, 0x00, 0x00, 0x00, 0xaa, 0xff, 0xf5, 0x12, 0x00, 0x45, 0xff, 0xff, 0x89, 0x00, 0x00, 0x18, 0xfa, 0xff,
  0x97, 0x00, 0x00, 0x00, 0xd5, 0xff, 0xea, 0x06, 0x00, 0x7d, 0xff, 0xfe, 0x28, 0x00, 0x00, 0x00, 0x67, 0xff, 0xff, 0x57,
  0x03, 0xe2, 0xff, 0xb5, 0x00, 0x00, 0x00, 0x00, 0x0a, 0xee, 0xff, 0xbf, 0x4f, 0xff, 0xff, 0x44, 0x00, 0x00, 0x00, 0x00,
  0x00, 0x89, 0xff, 0xff, 0xdf, 0xff, 0xd2, 0x00, 0x00, 0x00, 0x00, 0x00, 0x00, 0x1e, 0xfc, 0xff, 0xff, 0xff, 0x61, 0x00,
  0x00, 0x00, 0x00, 0x00, 0x00, 0x00, 0xac, 0xff, 0xff, 0xe9, 0x07, 0x00, 0x00, 0x00, 0x00, 0x00, 0x00, 0x00, 0x83, 0xff,
  0xff, 0x7f, 0x00, 0x00, 0x00, 0x00, 0x00, 0x00, 0x00, 0x00, 0xba, 0xff, 0xf8, 0x16, 0x00, 0x00, 0x00, 0x00, 0x00, 0x00,
  0x00, 0x2e, 0xff, 0xff, 0x9d, 0x00, 0x00, 0x00, 0x00, 0x00, 0x00, 0x00, 0x00, 0x8a, 0xff, 0xff, 0x2d, 0x00, 0x00, 0x00,
  0x00, 0x00, 0x00, 0x00, 0x00, 0x5f, 0xed, 0x91, 0x00, 0x00, 0x00, 0x00, 0x00, 0x00, 0x00, 0xa5, 0xf4, 0x68, 0x00, 0x00,
  0x00, 0x00, 0x00, 0x00, 0x00, 0x00, 0x00, 0x00, 0xfd, 0xff, 0xc0, 0x00, 0x00, 0x00, 0x00, 0x00, 0x00, 0x00, 0x00, 0x00,
  0x00, 0xff, 0xff, 0xc4, 0x00, 0x00, 0x00, 0x00, 0x00, 0x00, 0x00, 0x00, 0x00, 0x00, 0xff, 0xff, 0xc4, 0x00, 0x00, 0x00,
  0x00, 0x00, 0x00, 0x00, 0x00, 0x00, 0x00, 0xff, 0xff, 0xc4, 0x00, 0x00, 0x00, 0x00, 0x00, 0x00, 0x00, 0x00, 0x00, 0x00,
  0xff, 0xff, 0xc4, 0x1b, 0x9d, 0xe6, 0xf5, 0xd0, 0x6a, 0x01, 0x00, 0x00, 0x00, 0xff, 0xff, 0xd7, 0xe2, 0xff, 0xff, 0xff,
  0xff, 0xff, 0xa4, 0x00, 0x00, 0x00, 0xff, 0xff, 0xff, 0xdc, 0x4a, 0x22, 0x54, 0xe4, 0xff, 0xff, 0x55, 0x00, 0x00, 0xff,
  0xff, 0xff, 0x2f, 0x00, 0x00, 0x00, 0x3a, 0xff, 0xff, 0xb7, 0x00, 0x00, 0xff, 0xff, 0xdd, 0x00, 0x00, 0x00, 0x00, 0x00,
  0xe4, 0xff, 0xe8, 0x00, 0x00, 0xff, 0xff, 0xca, 0x00, 0x00, 0x00, 0x00, 0x00, 0xcb, 0xff, 0xf9, 0x00, 0x00, 0xff, 0xff,
  0xe3, 0x00, 0x00, 0x00, 0x00, 0x00, 0xdf, 0xff, 0xe6, 0x00, 0x00, 0xff, 0xff, 0xff, 0x37, 0x00, 0x00, 0x00, 0x33, 0xff,
  0xff, 0xb4, 0x00, 0x00, 0xff, 0xff, 0xff, 0xe2, 0x51, 0x21, 0x4d, 0xe0, 0xff, 0xff, 0x51, 0x00, 0x00, 0xff, 0xff, 0xd8,
  0xe4, 0xff, 0xff, 0xff, 0xff, 0xff, 0xa4, 0x00, 0x00, 0x00, 0xff, 0xff, 0xc4, 0x1e, 0xa0, 0xe7, 0xf6, 0xd2, 0x6e, 0x01,
  0x00, 0x00, 0x00, 0xff, 0xff, 0xc4, 0x00, 0x00, 0x00, 0x00, 0x00, 0x00, 0x00, 0x00, 0x00, 0x00, 0xff, 0xff, 0xc4, 0x00,
  0x00, 0x00, 0x00, 0x00, 0x00, 0x00, 0x00, 0x00, 0x00, 0xfd, 0xff, 0xc0, 0x00, 0x00, 0x00, 0x00, 0x00, 0x00, 0x00, 0x00,
  0x00, 0x00, 0xa9, 0xf5, 0x6d, 0x00, 0x00, 0x00, 0x00, 0x00, 0x00, 0x00, 0x00, 0x00, 0x00, 0x00, 0x9f, 0xf4, 0x6a, 0x00,
  0x6a, 0xf5, 0xa2, 0x00, 0x00, 0x00, 0x00, 0xf6, 0xff, 0xba, 0x00, 0xba, 0xff, 0xf6, 0x00, 0x00, 0x00, 0x00, 0x7c, 0xcd,
  0x51, 0x00, 0x51, 0xcd, 0x81, 0x00, 0x00, 0x00, 0x00, 0x00, 0x00, 0x00, 0x00, 0x00, 0x00, 0x00, 0x00, 0x00, 0x00, 0x00,
  0x00, 0x00, 0x00, 0x00, 0x00, 0x00, 0x00, 0x00, 0x00, 0x87, 0xf2, 0x79, 0x00, 0x00, 0x00, 0x00, 0x00, 0x64, 0xed, 0x87,
  0xc6, 0xff, 0xf6, 0x11, 0x00, 0x00, 0x00, 0x06, 0xe9, 0xff, 0xba, 0x68, 0xff, 0xff, 0x70, 0x00, 0x00, 0x00, 0x5a, 0xff,
  0xff, 0x58, 0x0a, 0xee, 0xff, 0xd7, 0x00, 0x00, 0x00, 0xc3, 0xff, 0xe3, 0x04, 0x00, 0x8a, 0xff, 0xff, 0x41, 0x00, 0x2c,
  0xff, 0xff, 0x76, 0x00, 0x00, 0x1e, 0xfc, 0xff, 0xa9, 0x00, 0x96, 0xff, 0xf4, 0x11, 0x00, 0x00, 0x00, 0xac, 0xff, 0xfa,
  0x23, 0xf2, 0xff, 0x94, 0x00, 0x00, 0x00, 0x00, 0x3d, 0xff, 0xff, 0xe1, 0xff, 0xfd, 0x25, 0x00, 0x00, 0x00, 0x00, 0x00,
  0xce, 0xff, 0xff, 0xff, 0xb1, 0x00, 0x00, 0x00, 0x00, 0x00, 0x00, 0x60, 0xff, 0xff, 0xff, 0x40, 0x00, 0x00, 0x00, 0x00,
  0x00, 0x00, 0x12, 0xff, 0xff, 0xcf, 0x00, 0x00, 0x00, 0x00, 0x00, 0x00, 0x00, 0x6e, 0xff, 0xff, 0x5e, 0x00, 0x00, 0x00,
  0x00, 0x00, 0x00, 0x03, 0xde, 0xff, 0xe7, 0x06, 0x00, 0x00, 0x00, 0x00, 0x00, 0x00, 0x3e, 0xff, 0xff, 0x7c, 0x00, 0x00,
  0x00, 0x00, 0x00, 0x00, 0x00, 0x23, 0xe4, 0xc9, 0x0f, 0x00, 0x00, 0x00, 0x00, 0x00, 0x08, 0x18, 0x18, 0x18, 0x18, 0x18,
  0x18, 0x18, 0x18, 0x18, 0x08, 0xd7, 0xff, 0xff, 0xff, 0xff, 0xff, 0xff, 0xff, 0xff, 0xff, 0xd7, 0xc7, 0xff, 0xff, 0xff,
  0xff, 0xff, 0xff, 0xff, 0xff, 0xff, 0xc7, 0x00, 0x00, 0x00, 0x00, 0x00, 0x00, 0x00, 0x00, 0x00, 0x00, 0x00, 0x00, 0x00,
  0x00, 0x00, 0x00, 0x00, 0x00, 0x00, 0x00, 0x00, 0x00, 0x00, 0x00, 0x00, 0x00, 0x00, 0x00, 0x00, 0x00, 0x00, 0x00, 0x00,
  0x00, 0x00, 0x00, 0x00, 0x00, 0x00, 0x00, 0x00, 0x00, 0x00, 0x00, 0x00, 0x00, 0x00, 0x00, 0x00, 0x00, 0x00, 0x00, 0x00,
  0x00, 0x00, 0x08, 0x18, 0x18, 0x18, 0x18, 0x18, 0x18, 0x18, 0x18, 0x18, 0x18, 0x18, 0x18, 0x18, 0x18, 0x18, 0x18, 0x18,
  0x18, 0x18, 0x18, 0x08, 0xd4, 0xff, 0xff, 0xff, 0xff, 0xff, 0xff, 0xff, 0xff, 0xff, 0xff, 0xff, 0xff, 0xff, 0xff, 0xff,
  0xff, 0xff, 0xff, 0xff, 0xff, 0xd4, 0xc4, 0xff, 0xff, 0xff, 0xff, 0xff, 0xff, 0xff, 0xff, 0xff, 0xff, 0xff, 0xff, 0xff,
  0xff, 0xff, 0xff, 0xff, 0xff, 0xff, 0xff, 0xc4, 0x00, 0x00, 0x00, 0x00, 0x00, 0x00, 0x00, 0x00, 0x00, 0x00, 0x00, 0x00,
  0x00, 0x00, 0x00, 0x00, 0x00, 0x00, 0x00, 0x00, 0x00, 0x00, 0x00, 0x00, 0x00, 0x00, 0x00, 0x00, 0x00, 0x00, 0x00, 0x00,
  0x00, 0x00, 0x00, 0x00, 0x00, 0x00, 0x00, 0x00, 0x00, 0x00, 0x00, 0x00, 0x00, 0x00, 0x00, 0x00, 0x00, 0x00, 0x00, 0x00,
  0x00, 0x00, 0x00, 0x00, 0x00, 0x00, 0x00, 0x00, 0x00, 0x00, 0x00, 0x00, 0x00, 0x00, 0x00, 0x00, 0x00, 0x00, 0x00, 0x00,
  0x00, 0x00, 0x00, 0x00, 0x00, 0x00, 0x00, 0x00, 0x00, 0x00, 0x00, 0x00, 0x00, 0x00, 0x00, 0x00, 0x00, 0x00, 0x00, 0x00,
  0x00, 0x00, 0x00, 0x00, 0x00, 0x00, 0x00, 0x00, 0x00, 0x00, 0x00, 0x00, 0x00, 0x00, 0x00, 0x00, 0x00, 0x00, 0x00, 0x01,
  0x93, 0x32, 0x00, 0x00, 0x5b, 0xfc, 0x33, 0x00, 0x00, 0xc1, 0xa4, 0x00, 0x00, 0x00, 0xf3, 0xff, 0x5d, 0x00, 0x00, 0xf4,
  0xff, 0xb9, 0x00, 0x00, 0x89, 0xf3, 0x60, 0x00, 0x00, 0x00, 0x00, 0x00, 0x00, 0x00, 0x00, 0x00, 0x00, 0x00, 0x00, 0x00,
  0x00, 0x00, 0x00, 0x00, 0x00, 0x00, 0x00, 0x00, 0x00, 0x00, 0x00, 0x00, 0x00, 0x00, 0x00, 0x00, 0x00, 0x00, 0x00, 0x00,
  0x00, 0x00, 0x00, 0x00, 0x00, 0x00, 0x00, 0x00, 0x00, 0x00, 0x00, 0x00, 0x00, 0x00, 0x00, 0x00, 0x00, 0x00, 0x00, 0x97,
  0xf1, 0x54, 0x00, 0x00, 0xf6, 0xff, 0xb8, 0x00, 0x00, 0x92, 0xff, 0xb7, 0x00, 0x00, 0x03, 0xe1, 0x86, 0x00, 0x00, 0x6e,
  0xfb, 0x27, 0x00, 0x00, 0x59, 0x6d, 0x00, 0x00, 0x00, 0x00, 0x00, 0x00, 0x00, 0x00, 0x00, 0x00, 0x00, 0x00, 0x00, 0x00,
  0x00, 0x00, 0x00, 0x00, 0x00, 0x00, 0x00, 0x00, 0x00, 0x00, 0x00, 0x00, 0x00, 0x00, 0x00, 0x00, 0x00, 0x00, 0x00, 0x00,
  0x00, 0x00, 0x00, 0x00, 0x00, 0x00, 0x00, 0x00, 0x00, 0x00, 0x00, 0x00, 0x00, 0x00, 0x00, 0x00, 0x00, 0x00, 0x00, 0x01,
  0x93, 0x32, 0x00, 0x01, 0x93, 0x30, 0x00, 0x00, 0x5b, 0xfc, 0x33, 0x00, 0x5b, 0xfc, 0x33, 0x00, 0x00, 0xc1, 0xa4, 0x00,
  0x00, 0xc1, 0xa4, 0x00, 0x00, 0x00, 0xf3, 0xff, 0x5d, 0x00, 0xf3, 0xff, 0x5d, 0x00, 0x00, 0xf4, 0xff, 0xb9, 0x00, 0xf4,
  0xff, 0xb9, 0x00, 0x00, 0x89, 0xf3, 0x60, 0x00, 0x8c, 0xf3, 0x60, 0x00, 0x00, 0x00, 0x00, 0x00, 0x00, 0x00, 0x00, 0x00,
  0x00, 0x00, 0x00, 0x00, 0x00, 0x00, 0x00, 0x00, 0x00, 0x00, 0x00, 0x00, 0x00, 0x00, 0x00, 0x00, 0x00, 0x00, 0x00, 0x00,
  0x00, 0x00, 0x00, 0x00, 0x00, 0x00, 0x00, 0x00, 0x00, 0x00, 0x00, 0x00, 0x00, 0x00, 0x00, 0x00, 0x00, 0x00, 0x00, 0x00,
  0x00, 0x00, 0x00, 0x00, 0x00, 0x00, 0x00, 0x00, 0x00, 0x00, 0x00, 0x00, 0x00, 0x00, 0x00, 0x00, 0x00, 0x00, 0x00, 0x00,
  0x00, 0x00, 0x00, 0x00, 0x00, 0x00, 0x00, 0x00, 0x00, 0x00, 0x00, 0x00, 0x00, 0x00, 0x00, 0x00, 0x00, 0x00, 0x00, 0x00,
  0x00, 0x00, 0x00, 0x97, 0xf1, 0x54, 0x00, 0x99, 0xf1, 0x54, 0x00, 0x00, 0xf6, 0xff, 0xb8, 0x00, 0xf6, 0xff, 0xb8, 0x00,
  0x00, 0x92, 0xff, 0xb7, 0x00, 0x92, 0xff, 0xb4, 0x00, 0x00, 0x03, 0xe1, 0x86, 0x00, 0x03, 0xe1, 0x82, 0x00, 0x00, 0x6e,
  0xfb, 0x27, 0x00, 0x70, 0xfa, 0x24, 0x00, 0x00, 0x59, 0x6d, 0x00, 0x00, 0x5a, 0x6b, 0x00, 0x00, 0x00, 0x00, 0x00, 0x00,
  0x00, 0x00, 0x00, 0x00, 0x00, 0x00, 0x00, 0x00, 0x00, 0x00, 0x00, 0x00, 0x00, 0x00, 0x00, 0x00, 0x00, 0x00, 0x00, 0x00,
  0x00, 0x00, 0x00, 0x00, 0x00, 0x00, 0x00, 0x00, 0x00, 0x00, 0x00, 0x00, 0x00, 0x00, 0x00, 0x00, 0x00, 0x00, 0x00, 0x00,
  0x00, 0x00, 0x00, 0x00, 0x00, 0x00, 0x00, 0x00, 0x00, 0x00, 0x00, 0x00, 0x00, 0x00, 0x00, 0x00, 0x00, 0x00, 0x00, 0x00,
  0x00, 0x00, 0x00, 0x00, 0x00, 0x00, 0x00, 0x00, 0x00, 0x00, 0x00, 0x00, 0x00, 0x00, 0x00, 0x00, 0x00, 0x00, 0x00, 0x00,
  0x00, 0x00, 0x00, 0x00, 0x00, 0x00, 0x00, 0x00, 0x00, 0x23, 0xab, 0xee, 0xef, 0xac, 0x24, 0x00, 0x00, 0x00, 0x00, 0x00,
  0x21, 0xec, 0xff, 0xff, 0xff, 0xff, 0xef, 0x24, 0x00, 0x00, 0x00, 0x00, 0xaa, 0xff, 0xff, 0xff, 0xff, 0xff, 0xff, 0xac,
  0x00, 0x00, 0x00, 0x00, 0xef, 0xff, 0xff, 0xff, 0xff, 0xff, 0xff, 0xee, 0x00, 0x00, 0x00, 0x00, 0xf0, 0xff, 0xff, 0xff,
  0xff, 0xff, 0xff, 0xef, 0x00, 0x00, 0x00, 0x00, 0xaf, 0xff, 0xff, 0xff, 0xff, 0xff, 0xff, 0xac, 0x00, 0x00, 0x00, 0x00,
  0x27, 0xf0, 0xff, 0xff, 0xff, 0xff, 0xee, 0x24, 0x00, 0x00, 0x00, 0x00, 0x00, 0x27, 0xaf, 0xf0, 0xf0, 0xad, 0x24, 0x00,
  0x00, 0x00, 0x00, 0x00, 0x00, 0x00, 0x00, 0x00, 0x00, 0x00, 0x00, 0x00, 0x00, 0x00, 0x00, 0x00, 0x00, 0x00, 0x00, 0x00,
  0x00, 0x00, 0x00, 0x00, 0x00, 0x00, 0x00, 0x96, 0xf3, 0x63, 0x00, 0x00, 0x00, 0x60, 0xf3, 0x9a, 0x00, 0x00, 0x00, 0x32,
  0xe8, 0xca, 0x08, 0x00, 0xf6, 0xff, 0xba, 0x00, 0x00, 0x00, 0xba, 0xff, 0xf6, 0x00, 0x00, 0x00, 0x7e, 0xff, 0xff, 0x32,
  0x00, 0x96, 0xf3, 0x62, 0x00, 0x00, 0x00, 0x60, 0xf3, 0x99, 0x00, 0x00, 0x00, 0x31, 0xe8, 0xca, 0x08
};

// 16 px, 26 KB
const uint8_t BUBBLE_FONT_SMALL[27054] = {
  0x00, 0x00, 0x00, 0xc7, 0x00, 0x00, 0x00, 0x0b, 0x00, 0x00, 0x00, 0x10, 0x00, 0x00, 0x00, 0x00, 0x00, 0x00, 0x00, 0x11,
  0x00, 0x00, 0x00, 0x06, 0x00, 0x00, 0x00, 0x20, 0x00, 0x00, 0x00, 0x00, 0x00, 0x00, 0x00, 0x00, 0x00, 0x00, 0x00, 0x04,
  0x00, 0x00, 0x00, 0x00, 0x00, 0x00, 0x00, 0x00, 0x00, 0x00, 0x00, 0x00, 0x00, 0x00, 0x00, 0x21, 0x00, 0x00, 0x00, 0x0b,
  0x00, 0x00, 0x00, 0x04, 0x00, 0x00, 0x00, 0x04, 0x00, 0x00, 0x00, 0x0b, 0x00, 0x00, 0x00, 0x00, 0x00, 0x00, 0x00, 0x00,
  0x00, 0x00, 0x00, 0x22, 0x00, 0x00, 0x00, 0x0b, 0x00, 0x00, 0x00, 0x07, 0x00, 0x00, 0x00, 0x07, 0x00, 0x00, 0x00, 0x0b,
  0x00, 0x00, 0x00, 0x00, 0x00, 0x00, 0x00, 0x00, 0x00, 0x00, 0x00, 0x23, 0x00, 0x00, 0x00, 0x0b, 0x00, 0x00, 0x00, 0x0a,
  0x00, 0x00, 0x00, 0x0a, 0x00, 0x00, 0x00, 0x0b, 0x00, 0x00, 0x00, 0x00, 0x00, 0x00, 0x00, 0x00, 0x00, 0x00, 0x00, 0x24,
  0x00, 0x00, 0x00, 0x10, 0x00, 0x00, 0x00, 0x0a, 0x00, 0x00, 0x00, 0x0a, 0x00, 0x00, 0x00, 0x0e, 0x00, 0x00, 0x00, 0x00,
  0x00, 0x00, 0x00, 0x00, 0x00, 0x00, 0x00, 0x25, 0x00, 0x00, 0x00, 0x0d, 0x00, 0x00, 0x00, 0x10, 0x00, 0x00, 0x00, 0x10,
  0x00, 0x00, 0x00, 0x0c, 0x00, 0x00, 0x00, 0x00, 0x00, 0x00, 0x00, 0x00, 0x00, 0x00, 0x00, 0x26, 0x00, 0x00, 0x00, 0x0b,
  0x00, 0x00, 0x00, 0x0c, 0x00, 0x00, 0x00, 0x0c, 0x00, 0x00, 0x00, 0x0b, 0x00, 0x00, 0x00, 0x00, 0x00, 0x00, 0x00, 0x00,
  0x00, 0x00, 0x00, 0x27, 0x00, 0x00, 0x00, 0x0b, 0x00, 0x00, 0x00, 0x04, 0x00, 0x00, 0x00, 0x04, 0x00, 0x00, 0x00, 0x0b,
  0x00, 0x00, 0x00, 0x00, 0x00, 0x00, 0x00, 0x00, 0x00, 0x00, 0x00, 0x28, 0x00, 0x00, 0x00, 0x10, 0x00, 0x00, 0x00, 0x06,
  0x00, 0x00, 0x00, 0x06, 0x00, 0x00, 0x00, 0x0c, 0x00, 0x00, 0x00, 0x00, 0x00, 0x00, 0x00, 0x00, 0x00, 0x00, 0x00, 0x29,
  0x00, 0x00, 0x00, 0x10, 0x00, 0x00, 0x00, 0x06, 0x00, 0x00, 0x00, 0x06, 0x00, 0x00, 0x00, 0x0c, 0x00, 0x00, 0x00, 0x00,
  0x00, 0x00, 0x00, 0x00, 0x00, 0x00, 0x00, 0x2a, 0x00, 0x00, 0x00, 0x0c, 0x00, 0x00, 0x00, 0x08, 0x00, 0x00, 0x00, 0x08,
  0x00, 0x00, 0x00, 0x0c, 0x00, 0x00, 0x00, 0x00, 0x00, 0x00, 0x00, 0x00, 0x00, 0x00, 0x00, 0x2b, 0x00, 0x00, 0x00, 0x09,
  0x00, 0x00, 0x00, 0x0a, 0x00, 0x00, 0x00, 0x0a, 0x00, 0x00, 0x00, 0x09, 0x00, 0x00, 0x00, 0x00, 0x00, 0x00, 0x00, 0x00,
  0x00, 0x00, 0x00, 0x2c, 0x00, 0x00, 0x00, 0x06, 0x00, 0x00, 0x00, 0x04, 0x00, 0x00, 0x00, 0x04, 0x00, 0x00, 0x00, 0x03,
  0x00, 0x00, 0x00, 0x00, 0x00, 0x00, 0x00, 0x00, 0x00, 0x00, 0x00, 0x2d, 0x00, 0x00, 0x00, 0x06, 0x00, 0x00, 0x00, 0x07,
  0x00, 0x00, 0x00, 0x07, 0x00, 0x00, 0x00, 0x06, 0x00, 0x00, 0x00, 0x00, 0x00, 0x00, 0x00, 0x00, 0x00, 0x00, 0x00, 0x2e,
  0x00, 0x00, 0x00, 0x03, 0x00, 0x00, 0x00, 0x04, 0x00, 0x00, 0x00, 0x04, 0x00, 0x00, 0x00, 0x03, 0x00, 0x00, 0x00, 0x00,
  0x00, 0x00, 0x00, 0x00, 0x00, 0x00, 0x00, 0x2f, 0x00, 0x00, 0x00, 0x0d, 0x00, 0x00, 0x00, 0x07, 0x00, 0x00, 0x00, 0x05,
  0x00, 0x00, 0x00, 0x0c, 0xff, 0xff, 0xff, 0xff, 0x00, 0x00, 0x00, 0x00, 0x00, 0x00, 0x00, 0x30, 0x00, 0x00, 0x00, 0x0b,
  0x00, 0x00, 0x00, 0x0a, 0x00, 0x00, 0x00, 0x0a, 0x00, 0x00, 0x00, 0x0b, 0x00, 0x00, 0x00, 0x00, 0x00, 0x00, 0x00, 0x00,
  0x00, 0x00, 0x00, 0x31, 0x00, 0x00, 0x00, 0x0b, 0x00, 0x00, 0x00, 0x0a, 0x00, 0x00, 0x00, 0x0a, 0x00, 0x00, 0x00, 0x0b,
  0x00, 0x00, 0x00, 0x00, 0x00, 0x00, 0x00, 0x00, 0x00, 0x00, 0x00, 0x32, 0x00, 0x00, 0x00, 0x0b, 0x00, 0x00, 0x00, 0x0a,
  0x00, 0x00, 0x00, 0x0a, 0x00, 0x00, 0x00, 0x0b, 0x00, 0x00, 0x00, 0x00, 0x00, 0x00, 0x00, 0x00, 0x00, 0x00, 0x00, 0x33,
  0x00, 0x00, 0x00, 0x0b, 0x00, 0x00, 0x00, 0x0b, 0x00, 0x00, 0x00, 0x0a, 0x00, 0x00, 0x00, 0x0b, 0xff, 0xff, 0xff, 0xff,
  0x00, 0x00, 0x00, 0x00, 0x00, 0x00, 0x00, 0x34, 0x00, 0x00, 0x00, 0x0b, 0x00, 0x00, 0x00, 0x0a, 0x00, 0x00, 0x00, 0x0a,
  0x00, 0x00, 0x00, 0x0b, 0x00, 0x00, 0x00, 0x00, 0x00, 0x00, 0x00, 0x00, 0x00, 0x00, 0x00, 0x35, 0x00, 0x00, 0x00, 0x0b,
  0x00, 0x00, 0x00, 0x0a, 0x00, 0x00, 0x00, 0x0a, 0x00, 0x00, 0x00, 0x0b, 0x00, 0x00, 0x00, 0x00, 0x00, 0x00, 0x00, 0x00,
  0x00, 0x00, 0x00, 0x36, 0x00, 0x00, 0x00, 0x0b, 0x00, 0x00, 0x00, 0x0a, 0x00, 0x00, 0x00, 0x0a, 0x00, 0x00, 0x00, 0x0b,
  0x00, 0x00, 0x00, 0x00, 0x00, 0x00, 0x00, 0x00, 0x00, 0x00, 0x00, 0x37, 0x00, 0x00, 0x00, 0x0b, 0x00, 0x00, 0x00, 0x0a,
  0x00, 0x00, 0x00, 0x0a, 0x00, 0x00, 0x00, 0x0b, 0x00, 0x00, 0x00, 0x00, 0x00, 0x00, 0x00, 0x00, 0x00, 0x00, 0x00, 0x38,
  0x00, 0x00, 0x00, 0x0b, 0x00, 0x00, 0x00, 0x0a, 0x00, 0x00, 0x00, 0x0a, 0x00, 0x00, 0x00, 0x0b, 0x00, 0x00, 0x00, 0x00,
  0x00, 0x00, 0x00, 0x00, 0x00, 0x00, 0x00, 0x39, 0x00, 0x00, 0x00, 0x0b, 0x00, 0x00, 0x00, 0x0a, 0x00, 0x00, 0x00, 0x0a,
  0x00, 0x00, 0x00, 0x0b, 0x00, 0x00, 0x00, 0x00, 0x00, 0x00, 0x00, 0x00, 0x00, 0x00, 0x00, 0x3a, 0x00, 0x00, 0x00, 0x08,
  0x00, 0x00, 0x00, 0x04, 0x00, 0x00, 0x00, 0x04, 0x00, 0x00, 0x00, 0x08, 0x00, 0x00, 0x00, 0x00, 0x00, 0x00, 0x00, 0x00,
  0x00, 0x00, 0x00, 0x3b, 0x00, 0x00, 0x00, 0x0b, 0x00, 0x00, 0x00, 0x04, 0x00, 0x00, 0x00, 0x04, 0x00, 0x00, 0x00, 0x08,
  0x00, 0x00, 0x00, 0x00, 0x00, 0x00, 0x00, 0x00, 0x00, 0x00, 0x00, 0x3c, 0x00, 0x00, 0x00, 0x09, 0x00, 0x00, 0x00, 0x0a,
  0x00, 0x00, 0x00, 0x0a, 0x00, 0x00, 0x00, 0x09, 0x00, 0x00, 0x00, 0x00, 0x00, 0x00, 0x00, 0x00, 0x00, 0x00, 0x00, 0x3d,
  0x00, 0x00, 0x00, 0x07, 0x00, 0x00, 0x00, 0x0a, 0x00, 0x00, 0x00, 0x0a, 0x00, 0x00, 0x00, 0x07, 0x00, 0x00, 0x00, 0x00,
  0x00, 0x00, 0x00, 0x00, 0x00, 0x00, 0x00, 0x3e, 0x00, 0x00, 0x00, 0x09, 0x00, 0x00, 0x00, 0x09, 0x00, 0x00, 0x00, 0x09,
  0x00, 0x00, 0x00, 0x09, 0x00, 0x00, 0x00, 0x00, 0x00, 0x00, 0x00, 0x00, 0x00, 0x00, 0x00, 0x3f, 0x00, 0x00, 0x00, 0x0b,
  0x00, 0x00, 0x00, 0x09, 0x00, 0x00, 0x00, 0x08, 0x00, 0x00, 0x00, 0x0b, 0xff, 0xff, 0xff, 0xff, 0x00, 0x00, 0x00, 0x00,
  0x00, 0x00, 0x00, 0x40, 0x00, 0x00, 0x00, 0x0e, 0x00, 0x00, 0x00, 0x0f, 0x00, 0x00, 0x00, 0x0f, 0x00, 0x00, 0x00, 0x0b,
  0x00, 0x00, 0x00, 0x00, 0x00, 0x00, 0x00, 0x00, 0x00, 0x00, 0x00, 0x41, 0x00, 0x00, 0x00, 0x0b, 0x00, 0x00, 0x00, 0x0c,
  0x00, 0x00, 0x00, 0x0c, 0x00, 0x00, 0x00, 0x0b, 0x00, 0x00, 0x00, 0x00, 0x00, 0x00, 0x00, 0x00, 0x00, 0x00, 0x00, 0x42,
  0x00, 0x00, 0x00, 0x0b, 0x00, 0x00, 0x00, 0x0b, 0x00, 0x00, 0x00, 0x0b, 0x00, 0x00, 0x00, 0x0b, 0x00, 0x00, 0x00, 0x00,
  0x00, 0x00, 0x00, 0x00, 0x00, 0x00, 0x00, 0x43, 0x00, 0x00, 0x00, 0x0b, 0x00, 0x00, 0x00, 0x0b, 0x00, 0x00, 0x00, 0x0b,
  0x00, 0x00, 0x00, 0x0b, 0x00, 0x00, 0x00, 0x00, 0x00, 0x00, 0x00, 0x00, 0x00, 0x00, 0x00, 0x44, 0x00, 0x00, 0x00, 0x0b,
  0x00, 0x00, 0x00, 0x0c, 0x00, 0x00, 0x00, 0x0c, 0x00, 0x00, 0x00, 0x0b, 0x00, 0x00, 0x00, 0x00, 0x00, 0x00, 0x00, 0x00,
  0x00, 0x00, 0x00, 0x45, 0x00, 0x00, 0x00, 0x0b, 0x00, 0x00, 0x00, 0x09, 0x00, 0x00, 0x00, 0x09, 0x00, 0x00, 0x00, 0x0b,
  0x00, 0x00, 0x00, 0x00, 0x00, 0x00, 0x00, 0x00, 0x00, 0x00, 0x00, 0x46, 0x00, 0x00, 0x00, 0x0b, 0x00, 0x00, 0x00, 0x09,
  0x00, 0x00, 0x00, 0x09, 0x00, 0x00, 0x00, 0x0b, 0x00, 0x00, 0x00, 0x00, 0x00, 0x00, 0x00, 0x00, 0x00, 0x00, 0x00, 0x47,
  0x00, 0x00, 0x00, 0x0b, 0x00, 0x00, 0x00, 0x0c, 0x00, 0x00, 0x00, 0x0c, 0x00, 0x00, 0x00, 0x0b, 0x00, 0x00, 0x00, 0x00,
  0x00, 0x00, 0x00, 0x00, 0x00, 0x00, 0x00, 0x48, 0x00, 0x00, 0x00, 0x0b, 0x00, 0x00, 0x00, 0x0c, 0x00, 0x00, 0x00, 0x0c,
  0x00, 0x00, 0x00, 0x0b, 0x00, 0x00, 0x00, 0x00, 0x00, 0x00, 0x00, 0x00, 0x00, 0x00, 0x00, 0x49, 0x00, 0x00, 0x00, 0x0b,
  0x00, 0x00, 0x00, 0x04, 0x00, 0x00, 0x00, 0x04, 0x00, 0x00, 0x00, 0x0b, 0x00, 0x00, 0x00, 0x00, 0x00, 0x00, 0x00, 0x00,
  0x00, 0x00, 0x00, 0x4a, 0x00, 0x00, 0x00, 0x0b, 0x00, 0x00, 0x00, 0x06, 0x00, 0x00, 0x00, 0x05, 0x00, 0x00, 0x00, 0x0b,
  0xff, 0xff, 0xff, 0xff, 0x00, 0x00, 0x00, 0x00, 0x00, 0x00, 0x00, 0x4b, 0x00, 0x00, 0x00, 0x0b, 0x00, 0x00, 0x00, 0x0a,
  0x00, 0x00, 0x00, 0x0a, 0x00, 0x00, 0x00, 0x0b, 0x00, 0x00, 0x00, 0x00, 0x00, 0x00, 0x00, 0x00, 0x00, 0x00, 0x00, 0x4c,
  0x00, 0x00, 0x00, 0x0b, 0x00, 0x00, 0x00, 0x09, 0x00, 0x00, 0x00, 0x09, 0x00, 0x00, 0x00, 0x0b, 0x00, 0x00, 0x00, 0x00,
  0x00, 0x00, 0x00, 0x00, 0x00, 0x00, 0x00, 0x4d, 0x00, 0x00, 0x00, 0x0b, 0x00, 0x00, 0x00, 0x0d, 0x00, 0x00, 0x00, 0x0d,
  0x00, 0x00, 0x00, 0x0b, 0x00, 0x00, 0x00, 0x00, 0x00, 0x00, 0x00, 0x00, 0x00, 0x00, 0x00, 0x4e, 0x00, 0x00, 0x00, 0x0b,
  0x00, 0x00, 0x00, 0x0c, 0x00, 0x00, 0x00, 0x0c, 0x00, 0x00, 0x00, 0x0b, 0x00, 0x00, 0x00, 0x00, 0x00, 0x00, 0x00, 0x00,
  0x00, 0x00, 0x00, 0x4f, 0x00, 0x00, 0x00, 0x0b, 0x00, 0x00, 0x00, 0x0d, 0x00, 0x00, 0x00, 0x0d, 0x00, 0x00, 0x00, 0x0b,
  0x00, 0x00, 0x00, 0x00, 0x00, 0x00, 0x00, 0x00, 0x00, 0x00, 0x00, 0x50, 0x00, 0x00, 0x00, 0x0b, 0x00, 0x00, 0x00, 0x0b,
  0x00, 0x00, 0x00, 0x0b, 0x00, 0x00, 0x00, 0x0b, 0x00, 0x00, 0x00, 0x00, 0x00, 0x00, 0x00, 0x00, 0x00, 0x00, 0x00, 0x51,
  0x00, 0x00, 0x00, 0x0f, 0x00, 0x00, 0x00, 0x0d, 0x00, 0x00, 0x00, 0x0d, 0x00, 0x00, 0x00, 0x0b, 0x00, 0x00, 0x00, 0x00,
  0x00, 0x00, 0x00, 0x00, 0x00, 0x00, 0x00, 0x52, 0x00, 0x00, 0x00, 0x0b, 0x00, 0x00, 0x00, 0x0b, 0x00, 0x00, 0x00, 0x0b,
  0x00, 0x00, 0x00, 0x0b, 0x00, 0x00, 0x00, 0x00, 0x00, 0x00, 0x00, 0x00, 0x00, 0x00, 0x00, 0x53, 0x00, 0x00, 0x00, 0x0b,
  0x00, 0x00, 0x00, 0x0b, 0x00, 0x00, 0x00, 0x0b, 0x00, 0x00, 0x00, 0x0b, 0x00, 0x00, 0x00, 0x00, 0x00, 0x00, 0x00, 0x00,
  0x00, 0x00, 0x00, 0x54, 0x00, 0x00, 0x00, 0x0b, 0x00, 0x00, 0x00, 0x0a, 0x00, 0x00, 0x00, 0x0a, 0x00, 0x00, 0x00, 0x0b,
  0x00, 0x00, 0x00, 0x00, 0x00, 0x00, 0x00, 0x00, 0x00, 0x00, 0x00, 0x55, 0x00, 0x00, 0x00, 0x0b, 0x00, 0x00, 0x00, 0x0b,
  0x00, 0x00, 0x00, 0x0b, 0x00, 0x00, 0x00, 0x0b, 0x00, 0x00, 0x00, 0x00, 0x00, 0x00, 0x00, 0x00, 0x00, 0x00, 0x00, 0x56,
  0x00, 0x00, 0x00, 0x0b, 0x00, 0x00, 0x00, 0x0c, 0x00, 0x00, 0x00, 0x0b, 0x00, 0x00, 0x00, 0x0b, 0x00, 0x00, 0x00, 0x00,
  0x00, 0x00, 0x00, 0x00, 0x00, 0x00, 0x00, 0x57, 0x00, 0x00, 0x00, 0x0b, 0x00, 0x00, 0x00, 0x12, 0x00, 0x00, 0x00, 0x12,
  0x00, 0x00, 0x00, 0x0b, 0x00, 0x00, 0x00, 0x00, 0x00, 0x00, 0x00, 0x00, 0x00, 0x00, 0x00, 0x58, 0x00, 0x00, 0x00, 0x0b,
  0x00, 0x00, 0x00, 0x0b, 0x00, 0x00, 0x00, 0x0b, 0x00, 0x00, 0x00, 0x0b, 0x00, 0x00, 0x00, 0x00, 0x00, 0x00, 0x00, 0x00,
  0x00, 0x00, 0x00, 0x59, 0x00, 0x00, 0x00, 0x0b, 0x00, 0x00, 0x00, 0x0a, 0x00, 0x00, 0x00, 0x0a, 0x00, 0x00, 0x00, 0x0b,
  0x00, 0x00, 0x00, 0x00, 0x00, 0x00, 0x00, 0x00, 0x00, 0x00, 0x00, 0x5a, 0x00, 0x00, 0x00, 0x0b, 0x00, 0x00, 0x00, 0x0b,
  0x00, 0x00, 0x00, 0x0b, 0x00, 0x00, 0x00, 0x0b, 0x00, 0x00, 0x00, 0x00, 0x00, 0x00, 0x00, 0x00, 0x00, 0x00, 0x00, 0x5b,
  0x00, 0x00, 0x00, 0x0e, 0x00, 0x00, 0x00, 0x06, 0x00, 0x00, 0x00, 0x06, 0x00, 0x00, 0x00, 0x0b, 0x00, 0x00, 0x00, 0x00,
  0x00, 0x00, 0x00, 0x00, 0x00, 0x00, 0x00, 0x5c, 0x00, 0x00, 0x00, 0x0d, 0x00, 0x00, 0x00, 0x07, 0x00, 0x00, 0x00, 0x05,
  0x00, 0x00, 0x00, 0x0c, 0xff, 0xff, 0xff, 0xff, 0x00, 0x00, 0x00, 0x00, 0x00, 0x00, 0x00, 0x5d, 0x00, 0x00, 0x00, 0x0e,
  0x00, 0x00, 0x00, 0x06, 0x00, 0x00, 0x00, 0x06, 0x00, 0x00, 0x00, 0x0b, 0x00, 0x00, 0x00, 0x00, 0x00, 0x00, 0x00, 0x00,
  0x00, 0x00, 0x00, 0x5e, 0x00, 0x00, 0x00, 0x0a, 0x00, 0x00, 0x00, 0x0a, 0x00, 0x00, 0x00, 0x0a, 0x00, 0x00, 0x00, 0x0a,
  0x00, 0x00, 0x00, 0x00, 0x00, 0x00, 0x00, 0x00, 0x00, 0x00, 0x00, 0x5f, 0x00, 0x00, 0x00, 0x02, 0x00, 0x00, 0x00, 0x08,
  0x00, 0x00, 0x00, 0x08, 0x00, 0x00, 0x00, 0x01, 0x00, 0x00, 0x00, 0x00, 0x00, 0x00, 0x00, 0x00, 0x00, 0x00, 0x00, 0x60,
  0x00, 0x00, 0x00, 0x0d, 0x00, 0x00, 0x00, 0x06, 0x00, 0x00, 0x00, 0x06, 0x00, 0x00, 0x00, 0x0d, 0x00, 0x00, 0x00, 0x00,
  0x00, 0x00, 0x00, 0x00, 0x00, 0x00, 0x00, 0x61, 0x00, 0x00, 0x00, 0x08, 0x00, 0x00, 0x00, 0x09, 0x00, 0x00, 0x00, 0x09,
  0x00, 0x00, 0x00, 0x08, 0x00, 0x00, 0x00, 0x00, 0x00, 0x00, 0x00, 0x00, 0x00, 0x00, 0x00, 0x62, 0x00, 0x00, 0x00, 0x0b,
  0x00, 0x00, 0x00, 0x0a, 0x00, 0x00, 0x00, 0x0a, 0x00, 0x00, 0x00, 0x0b, 0x00, 0x00, 0x00, 0x00, 0x00, 0x00, 0x00, 0x00,
  0x00, 0x00, 0x00, 0x63, 0x00, 0x00, 0x00, 0x08, 0x00, 0x00, 0x00, 0x08, 0x00, 0x00, 0x00, 0x08, 0x00, 0x00, 0x00, 0x08,
  0x00, 0x00, 0x00, 0x00, 0x00, 0x00, 0x00, 0x00, 0x00, 0x00, 0x00, 0x64, 0x00, 0x00, 0x00, 0x0b, 0x00, 0x00, 0x00, 0x0a,
  0x00, 0x00, 0x00, 0x0a, 0x00, 0x00, 0x00, 0x0b, 0x00, 0x00, 0x00, 0x00, 0x00, 0x00, 0x00, 0x00, 0x00, 0x00, 0x00, 0x65,
  0x00, 0x00, 0x00, 0x08, 0x00, 0x00, 0x00, 0x0a, 0x00, 0x00, 0x00, 0x0a, 0x00, 0x00, 0x00, 0x08, 0x00, 0x00, 0x00, 0x00,
  0x00, 0x00, 0x00, 0x00, 0x00, 0x00, 0x00, 0x66, 0x00, 0x00, 0x00, 0x0c, 0x00, 0x00, 0x00, 0x07, 0x00, 0x00, 0x00, 0x06,
  0x00, 0x00, 0x00, 0x0c, 0x00, 0x00, 0x00, 0x00, 0x00, 0x00, 0x00, 0x00, 0x00, 0x00, 0x00, 0x67, 0x00, 0x00, 0x00, 0x0b,
  0x00, 0x00, 0x00, 0x0a, 0x00, 0x00, 0x00, 0x0a, 0x00, 0x00, 0x00, 0x08, 0x00, 0x00, 0x00, 0x00, 0x00, 0x00, 0x00, 0x00,
  0x00, 0x00, 0x00, 0x68, 0x00, 0x00, 0x00, 0x0b, 0x00, 0x00, 0x00, 0x09, 0x00, 0x00, 0x00, 0x09, 0x00, 0x00, 0x00, 0x0b,
  0x00, 0x00, 0x00, 0x00, 0x00, 0x00, 0x00, 0x00, 0x00, 0x00, 0x00, 0x69, 0x00, 0x00, 0x00, 0x0b, 0x00, 0x00, 0x00, 0x04,
  0x00, 0x00, 0x00, 0x04, 0x00, 0x00, 0x00, 0x0b, 0x00, 0x00, 0x00, 0x00, 0x00, 0x00, 0x00, 0x00, 0x00, 0x00, 0x00, 0x6a,
  0x00, 0x00, 0x00, 0x0e, 0x00, 0x00, 0x00, 0x05, 0x00, 0x00, 0x00, 0x04, 0x00, 0x00, 0x00, 0x0b, 0xff, 0xff, 0xff, 0xff,
  0x00, 0x00, 0x00, 0x00, 0x00, 0x00, 0x00, 0x6b, 0x00, 0x00, 0x00, 0x0b, 0x00, 0x00, 0x00, 0x09, 0x00, 0x00, 0x00, 0x09,
  0x00, 0x00, 0x00, 0x0b, 0x00, 0x00, 0x00, 0x00, 0x00, 0x00, 0x00, 0x00, 0x00, 0x00, 0x00, 0x6c, 0x00, 0x00, 0x00, 0x0b,
  0x00, 0x00, 0x00, 0x06, 0x00, 0x00, 0x00, 0x06, 0x00, 0x00, 0x00, 0x0b, 0x00, 0x00, 0x00, 0x00, 0x00, 0x00, 0x00, 0x00,
  0x00, 0x00, 0x00, 0x6d, 0x00, 0x00, 0x00, 0x08, 0x00, 0x00, 0x00, 0x0e, 0x00, 0x00, 0x00, 0x0e, 0x00, 0x00, 0x00, 0x08,
  0x00, 0x00, 0x00, 0x00, 0x00, 0x00, 0x00, 0x00, 0x00, 0x00, 0x00, 0x6e, 0x00, 0x00, 0x00, 0x08, 0x00, 0x00, 0x00, 0x09,
  0x00, 0x00, 0x00, 0x09, 0x00, 0x00, 0x00, 0x08, 0x00, 0x00, 0x00, 0x00, 0x00, 0x00, 0x00, 0x00, 0x00, 0x00, 0x00, 0x6f,
  0x00, 0x00, 0x00, 0x08, 0x00, 0x00, 0x00, 0x0a, 0x00, 0x00, 0x00, 0x0a, 0x00, 0x00, 0x00, 0x08, 0x00, 0x00, 0x00, 0x00,
  0x00, 0x00, 0x00, 0x00, 0x00, 0x00, 0x00, 0x70, 0x00, 0x00, 0x00, 0x0b, 0x00, 0x00, 0x00, 0x0a, 0x00, 0x00, 0x00, 0x0a,
  0x00, 0x00, 0x00, 0x08, 0x00, 0x00, 0x00, 0x00, 0x00, 0x00, 0x00, 0x00, 0x00, 0x00, 0x00, 0x71, 0x00, 0x00, 0x00, 0x0b,
  0x00, 0x00, 0x00, 0x0a, 0x00, 0x00, 0x00, 0x0a, 0x00, 0x00, 0x00, 0x08, 0x00, 0x00, 0x00, 0x00, 0x00, 0x00, 0x00, 0x00,
  0x00, 0x00, 0x00, 0x72, 0x00, 0x00, 0x00, 0x09, 0x00, 0x00, 0x00, 0x07, 0x00, 0x00, 0x00, 0x06, 0x00, 0x00, 0x00, 0x09,
  0x00, 0x00, 0x00, 0x00, 0x00, 0x00, 0x00, 0x00, 0x00, 0x00, 0x00, 0x73, 0x00, 0x00, 0x00, 0x08, 0x00, 0x00, 0x00, 0x09,
  0x00, 0x00, 0x00, 0x09, 0x00, 0x00, 0x00, 0x08, 0x00, 0x00, 0x00, 0x00, 0x00, 0x00, 0x00, 0x00, 0x00, 0x00, 0x00, 0x74,
  0x00, 0x00, 0x00, 0x0b, 0x00, 0x00, 0x00, 0x07, 0x00, 0x00, 0x00, 0x07, 0x00, 0x00, 0x00, 0x0b, 0x00, 0x00, 0x00, 0x00,
  0x00, 0x00, 0x00, 0x00, 0x00, 0x00, 0x00, 0x75, 0x00, 0x00, 0x00, 0x08, 0x00, 0x00, 0x00, 0x09, 0x00, 0x00, 0x00, 0x09,
  0x00, 0x00, 0x00, 0x08, 0x00, 0x00, 0x00, 0x00, 0x00, 0x00, 0x00, 0x00, 0x00, 0x00, 0x00, 0x76, 0x00, 0x00, 0x00, 0x08,
  0x00, 0x00, 0x00, 0x09, 0x00, 0x00, 0x00, 0x08, 0x00, 0x00, 0x00, 0x08, 0x00, 0x00, 0x00, 0x00, 0x00, 0x00, 0x00, 0x00,
  0x00, 0x00, 0x00, 0x77, 0x00, 0x00, 0x00, 0x08, 0x00, 0x00, 0x00, 0x0e, 0x00, 0x00, 0x00, 0x0e, 0x00, 0x00, 0x00, 0x08,
  0x00, 0x00, 0x00, 0x00, 0x00, 0x00, 0x00, 0x00, 0x00, 0x00, 0x00, 0x78, 0x00, 0x00, 0x00, 0x08, 0x00, 0x00, 0x00, 0x09,
  0x00, 0x00, 0x00, 0x09, 0x00, 0x00, 0x00, 0x08, 0x00, 0x00, 0x00, 0x00, 0x00, 0x00, 0x00, 0x00, 0x00, 0x00, 0x00, 0x79,
  0x00, 0x00, 0x00, 0x0b, 0x00, 0x00, 0x00, 0x09, 0x00, 0x00, 0x00, 0x08, 0x00, 0x00, 0x00, 0x08, 0x00, 0x00, 0x00, 0x00,
  0x00, 0x00, 0x00, 0x00, 0x00, 0x00, 0x00, 0x7a, 0x00, 0x00, 0x00, 0x08, 0x00, 0x00, 0x00, 0x08, 0x00, 0x00, 0x00, 0x08,
  0x00, 0x00, 0x00, 0x08, 0x00, 0x00, 0x00, 0x00, 0x00, 0x00, 0x00, 0x00, 0x00, 0x00, 0x00, 0x7b, 0x00, 0x00, 0x00, 0x0e,
  0x00, 0x00, 0x00, 0x07, 0x00, 0x00, 0x00, 0x07, 0x00, 0x00, 0x00, 0x0b, 0x00, 0x00, 0x00, 0x00, 0x00, 0x00, 0x00, 0x00,
  0x00, 0x00, 0x00, 0x7c, 0x00, 0x00, 0x00, 0x0e, 0x00, 0x00, 0x00, 0x04, 0x00, 0x00, 0x00, 0x04, 0x00, 0x00, 0x00, 0x0b,
  0x00, 0x00, 0x00, 0x00, 0x00, 0x00, 0x00, 0x00, 0x00, 0x00, 0x00, 0x7d, 0x00, 0x00, 0x00, 0x0e, 0x00, 0x00, 0x00, 0x07,
  0x00, 0x00, 0x00, 0x07, 0x00, 0x00, 0x00, 0x0b, 0x00, 0x00, 0x00, 0x00, 0x00, 0x00, 0x00, 0x00, 0x00, 0x00, 0x00, 0x7e,
  0x00, 0x00, 0x00, 0x06, 0x00, 0x00, 0x00, 0x0a, 0x00, 0x00, 0x00, 0x0a, 0x00, 0x00, 0x00, 0x06, 0x00, 0x00, 0x00, 0x00,
  0x00, 0x00, 0x00, 0x00, 0x00, 0x00, 0x00, 0xa0, 0x00, 0x00, 0x00, 0x00, 0x00, 0x00, 0x00, 0x00, 0x00, 0x00, 0x00, 0x04,
  0x00, 0x00, 0x00, 0x00, 0x00, 0x00, 0x00, 0x00, 0x00, 0x00, 0x00, 0x00, 0x00, 0x00, 0x00, 0xa1, 0x00, 0x00, 0x00, 0x0c,
  0x00, 0x00, 0x00, 0x04, 0x00, 0x00, 0x00, 0x04, 0x00, 0x00, 0x00, 0x09, 0x00, 0x00, 0x00, 0x00, 0x00, 0x00, 0x00, 0x00,
  0x00, 0x00, 0x00, 0xa2, 0x00, 0x00, 0x00, 0x0c, 0x00, 0x00, 0x00, 0x0a, 0x00, 0x00, 0x00, 0x0a, 0x00, 0x00, 0x00, 0x0a,
  0x00, 0x00, 0x00, 0x00, 0x00, 0x00, 0x00, 0x00, 0x00, 0x00, 0x00, 0xa3, 0x00, 0x00, 0x00, 0x0b, 0x00, 0x00, 0x00, 0x0b,
  0x00, 0x00, 0x00, 0x0b, 0x00, 0x00, 0x00, 0x0b, 0x00, 0x00, 0x00, 0x00, 0x00, 0x00, 0x00, 0x00, 0x00, 0x00, 0x00, 0xa4,
  0x00, 0x00, 0x00, 0x08, 0x00, 0x00, 0x00, 0x0a, 0x00, 0x00, 0x00, 0x0a, 0x00, 0x00, 0x00, 0x08, 0x00, 0x00, 0x00, 0x00,
  0x00, 0x00, 0x00, 0x00, 0x00, 0x00, 0x00, 0xa5, 0x00, 0x00, 0x00, 0x0b, 0x00, 0x00, 0x00, 0x0a, 0x00, 0x00, 0x00, 0x0a,
  0x00, 0x00, 0x00, 0x0b, 0x00, 0x00, 0x00, 0x00, 0x00, 0x00, 0x00, 0x00, 0x00, 0x00, 0x00, 0xa6, 0x00, 0x00, 0x00, 0x0e,
  0x00, 0x00, 0x00, 0x04, 0x00, 0x00, 0x00, 0x04, 0x00, 0x00, 0x00, 0x0b, 0x00, 0x00, 0x00, 0x00, 0x00, 0x00, 0x00, 0x00,
  0x00, 0x00, 0x00, 0xa7, 0x00, 0x00, 0x00, 0x0e, 0x00, 0x00, 0x00, 0x0a, 0x00, 0x00, 0x00, 0x0a, 0x00, 0x00, 0x00, 0x0b,
  0x00, 0x00, 0x00, 0x00, 0x00, 0x00, 0x00, 0x00, 0x00, 0x00, 0x00, 0xa8, 0x00, 0x00, 0x00, 0x0c, 0x00, 0x00, 0x00, 0x09,
  0x00, 0x00, 0x00, 0x09, 0x00, 0x00, 0x00, 0x0c, 0x00, 0x00, 0x00, 0x00, 0x00, 0x00, 0x00, 0x00, 0x00, 0x00, 0x00, 0xa9,
  0x00, 0x00, 0x00, 0x0c, 0x00, 0x00, 0x00, 0x0e, 0x00, 0x00, 0x00, 0x0e, 0x00, 0x00, 0x00, 0x0c, 0x00, 0x00, 0x00, 0x00,
  0x00, 0x00, 0x00, 0x00, 0x00, 0x00, 0x00, 0xaa, 0x00, 0x00, 0x00, 0x0b, 0x00, 0x00, 0x00, 0x06, 0x00, 0x00, 0x00, 0x06,
  0x00, 0x00, 0x00, 0x0b, 0x00, 0x00, 0x00, 0x00, 0x00, 0x00, 0x00, 0x00, 0x00, 0x00, 0x00, 0xab, 0x00, 0x00, 0x00, 0x08,
  0x00, 0x00, 0x00, 0x08, 0x00, 0x00, 0x00, 0x08, 0x00, 0x00, 0x00, 0x08, 0x00, 0x00, 0x00, 0x00, 0x00, 0x00, 0x00, 0x00,
  0x00, 0x00, 0x00, 0xac, 0x00, 0x00, 0x00, 0x08, 0x00, 0x00, 0x00, 0x0a, 0x00, 0x00, 0x00, 0x0a, 0x00, 0x00, 0x00, 0x08,
  0x00, 0x00, 0x00, 0x00, 0x00, 0x00, 0x00, 0x00, 0x00, 0x00, 0x00, 0xad, 0x00, 0x00, 0x00, 0x06, 0x00, 0x00, 0x00, 0x07,
  0x00, 0x00, 0x00, 0x07, 0x00, 0x00, 0x00, 0x06, 0x00, 0x00, 0x00, 0x00, 0x00, 0x00, 0x00, 0x00, 0x00, 0x00, 0x00, 0xae,
  0x00, 0x00, 0x00, 0x0c, 0x00, 0x00, 0x00, 0x0e, 0x00, 0x00, 0x00, 0x0e, 0x00, 0x00, 0x00, 0x0c, 0x00, 0x00, 0x00, 0x00,
  0x00, 0x00, 0x00, 0x00, 0x00, 0x00, 0x00, 0xaf, 0x00, 0x00, 0x00, 0x0c, 0x00, 0x00, 0x00, 0x09, 0x00, 0x00, 0x00, 0x09,
  0x00, 0x00, 0x00, 0x0c, 0x00, 0x00, 0x00, 0x00, 0x00, 0x00, 0x00, 0x00, 0x00, 0x00, 0x00, 0xb0, 0x00, 0x00, 0x00, 0x0c,
  0x00, 0x00, 0x00, 0x07, 0x00, 0x00, 0x00, 0x07, 0x00, 0x00, 0x00, 0x0c, 0x00, 0x00, 0x00, 0x00, 0x00, 0x00, 0x00, 0x00,
  0x00, 0x00, 0x00, 0xb1, 0x00, 0x00, 0x00, 0x09, 0x00, 0x00, 0x00, 0x0a, 0x00, 0x00, 0x00, 0x0a, 0x00, 0x00, 0x00, 0x09,
  0x00, 0x00, 0x00, 0x00, 0x00, 0x00, 0x00, 0x00, 0x00, 0x00, 0x00, 0xb2, 0x00, 0x00, 0x00, 0x0b, 0x00, 0x00, 0x00, 0x06,
  0x00, 0x00, 0x00, 0x06, 0x00, 0x00, 0x00, 0x0b, 0x00, 0x00, 0x00, 0x00, 0x00, 0x00, 0x00, 0x00, 0x00, 0x00, 0x00, 0xb3,
  0x00, 0x00, 0x00, 0x0b, 0x00, 0x00, 0x00, 0x06, 0x00, 0x00, 0x00, 0x06, 0x00, 0x00, 0x00, 0x0b, 0x00, 0x00, 0x00, 0x00,
  0x00, 0x00, 0x00, 0x00, 0x00, 0x00, 0x00, 0xb4, 0x00, 0x00, 0x00, 0x0d, 0x00, 0x00, 0x00, 0x06, 0x00, 0x00, 0x00, 0x06,
  0x00, 0x00, 0x00, 0x0d, 0x00, 0x00, 0x00, 0x00, 0x00, 0x00, 0x00, 0x00, 0x00, 0x00, 0x00, 0xb5, 0x00, 0x00, 0x00, 0x0b,
  0x00, 0x00, 0x00, 0x09, 0x00, 0x00, 0x00, 0x09, 0x00, 0x00, 0x00, 0x08, 0x00, 0x00, 0x00, 0x00, 0x00, 0x00, 0x00, 0x00,
  0x00, 0x00, 0x00, 0xb6, 0x00, 0x00, 0x00, 0x0e, 0x00, 0x00, 0x00, 0x0a, 0x00, 0x00, 0x00, 0x0a, 0x00, 0x00, 0x00, 0x0b,
  0x00, 0x00, 0x00, 0x00, 0x00, 0x00, 0x00, 0x00, 0x00, 0x00, 0x00, 0xb7, 0x00, 0x00, 0x00, 0x06, 0x00, 0x00, 0x00, 0x04,
  0x00, 0x00, 0x00, 0x04, 0x00, 0x00, 0x00, 0x06, 0x00, 0x00, 0x00, 0x00, 0x00, 0x00, 0x00, 0x00, 0x00, 0x00, 0x00, 0xb8,
  0x00, 0x00, 0x00, 0x04, 0x00, 0x00, 0x00, 0x07, 0x00, 0x00, 0x00, 0x07, 0x00, 0x00, 0x00, 0x01, 0x00, 0x00, 0x00, 0x00,
  0x00, 0x00, 0x00, 0x00, 0x00, 0x00, 0x00, 0xb9, 0x00, 0x00, 0x00, 0x0b, 0x00, 0x00, 0x00, 0x07, 0x00, 0x00, 0x00, 0x07,
  0x00, 0x00, 0x00, 0x0b, 0x00, 0x00, 0x00, 0x00, 0x00, 0x00, 0x00, 0x00, 0x00, 0x00, 0x00, 0xba, 0x00, 0x00, 0x00, 0x0b,
  0x00, 0x00, 0x00, 0x07, 0x00, 0x00, 0x00, 0x07, 0x00, 0x00, 0x00, 0x0b, 0x00, 0x00, 0x00, 0x00, 0x00, 0x00, 0x00, 0x00,
  0x00, 0x00, 0x00, 0xbb, 0x00, 0x00, 0x00, 0x08, 0x00, 0x00, 0x00, 0x08, 0x00, 0x00, 0x00, 0x08, 0x00, 0x00, 0x00, 0x08,
  0x00, 0x00, 0x00, 0x00, 0x00, 0x00, 0x00, 0x00, 0x00, 0x00, 0x00, 0xbc, 0x00, 0x00, 0x00, 0x0d, 0x00, 0x00, 0x00, 0x0f,
  0x00, 0x00, 0x00, 0x0f, 0x00, 0x00, 0x00, 0x0c, 0x00, 0x00, 0x00, 0x00, 0x00, 0x00, 0x00, 0x00, 0x00, 0x00, 0x00, 0xbd,
  0x00, 0x00, 0x00, 0x0d, 0x00, 0x00, 0x00, 0x10, 0x00, 0x00, 0x00, 0x10, 0x00, 0x00, 0x00, 0x0c, 0x00, 0x00, 0x00, 0x00,
  0x00, 0x00, 0x00, 0x00, 0x00, 0x00, 0x00, 0xbe, 0x00, 0x00, 0x00, 0x0d, 0x00, 0x00, 0x00, 0x0f, 0x00, 0x00, 0x00, 0x0f,
  0x00, 0x00, 0x00, 0x0c, 0x00, 0x00, 0x00, 0x00, 0x00, 0x00, 0x00, 0x00, 0x00, 0x00, 0x00, 0xbf, 0x00, 0x00, 0x00, 0x0b,
  0x00, 0x00, 0x00, 0x09, 0x00, 0x00, 0x00, 0x08, 0x00, 0x00, 0x00, 0x08, 0x00, 0x00, 0x00, 0x00, 0x00, 0x00, 0x00, 0x00,
  0x00, 0x00, 0x00, 0xc0, 0x00, 0x00, 0x00, 0x10, 0x00, 0x00, 0x00, 0x0c, 0x00, 0x00, 0x00, 0x0c, 0x00, 0x00, 0x00, 0x10,
  0x00, 0x00, 0x00, 0x00, 0x00, 0x00, 0x00, 0x00, 0x00, 0x00, 0x00, 0xc1, 0x00, 0x00, 0x00, 0x10, 0x00, 0x00, 0x00, 0x0c,
  0x00, 0x00, 0x00, 0x0c, 0x00, 0x00, 0x00, 0x10, 0x00, 0x00, 0x00, 0x00, 0x00, 0x00, 0x00, 0x00, 0x00, 0x00, 0x00, 0xc2,
  0x00, 0x00, 0x00, 0x10, 0x00, 0x00, 0x00, 0x0c, 0x00, 0x00, 0x00, 0x0c, 0x00, 0x00, 0x00, 0x10, 0x00, 0x00, 0x00, 0x00,
  0x00, 0x00, 0x00, 0x00, 0x00, 0x00, 0x00, 0xc3, 0x00, 0x00, 0x00, 0x0f, 0x00, 0x00, 0x00, 0x0c, 0x00, 0x00, 0x00, 0x0c,
  0x00, 0x00, 0x00, 0x0f, 0x00, 0x00, 0x00, 0x00, 0x00, 0x00, 0x00, 0x00, 0x00, 0x00, 0x00, 0xc4, 0x00, 0x00, 0x00, 0x0f,
  0x00, 0x00, 0x00, 0x0d, 0x00, 0x00, 0x00, 0x0b, 0x00, 0x00, 0x00, 0x0f, 0xff, 0xff, 0xff, 0xff, 0x00, 0x00, 0x00, 0x00,
  0x00, 0x00, 0x00, 0xc5, 0x00, 0x00, 0x00, 0x11, 0x00, 0x00, 0x00, 0x0c, 0x00, 0x00, 0x00, 0x0c, 0x00, 0x00, 0x00, 0x11,
  0x00, 0x00, 0x00, 0x00, 0x00, 0x00, 0x00, 0x00, 0x00, 0x00, 0x00, 0xc6, 0x00, 0x00, 0x00, 0x0b, 0x00, 0x00, 0x00, 0x10,
  0x00, 0x00, 0x00, 0x10, 0x00, 0x00, 0x00, 0x0b, 0x00, 0x00, 0x00, 0x00, 0x00, 0x00, 0x00, 0x00, 0x00, 0x00, 0x00, 0xc7,
  0x00, 0x00, 0x00, 0x0e, 0x00, 0x00, 0x00, 0x0b, 0x00, 0x00, 0x00, 0x0b, 0x00, 0x00, 0x00, 0x0b, 0x00, 0x00, 0x00, 0x00,
  0x00, 0x00, 0x00, 0x00, 0x00, 0x00, 0x00, 0xc8, 0x00, 0x00, 0x00, 0x10, 0x00, 0x00, 0x00, 0x09, 0x00, 0x00, 0x00, 0x09,
  0x00, 0x00, 0x00, 0x10, 0x00, 0x00, 0x00, 0x00, 0x00, 0x00, 0x00, 0x00, 0x00, 0x00, 0x00, 0xc9, 0x00, 0x00, 0x00, 0x10,
  0x00, 0x00, 0x00, 0x09, 0x00, 0x00, 0x00, 0x09, 0x00, 0x00, 0x00, 0x10, 0x00, 0x00, 0x00, 0x00, 0x00, 0x00, 0x00, 0x00,
  0x00, 0x00, 0x00, 0xca, 0x00, 0x00, 0x00, 0x10, 0x00, 0x00, 0x00, 0x09, 0x00, 0x00, 0x00, 0x09, 0x00, 0x00, 0x00, 0x10,
  0x00, 0x00, 0x00, 0x00, 0x00, 0x00, 0x00, 0x00, 0x00, 0x00, 0x00, 0xcb, 0x00, 0x00, 0x00, 0x0f, 0x00, 0x00, 0x00, 0x0a,
  0x00, 0x00, 0x00, 0x0a, 0x00, 0x00, 0x00, 0x0f, 0x00, 0x00, 0x00, 0x00, 0x00, 0x00, 0x00, 0x00, 0x00, 0x00, 0x00, 0xcc,
  0x00, 0x00, 0x00, 0x10, 0x00, 0x00, 0x00, 0x05, 0x00, 0x00, 0x00, 0x04, 0x00, 0x00, 0x00, 0x10, 0xff, 0xff, 0xff, 0xff,
  0x00, 0x00, 0x00, 0x00, 0x00, 0x00, 0x00, 0xcd, 0x00, 0x00, 0x00, 0x10, 0x00, 0x00, 0x00, 0x05, 0x00, 0x00, 0x00, 0x04,
  0x00, 0x00, 0x00, 0x10, 0x00, 0x00, 0x00, 0x00, 0x00, 0x00, 0x00, 0x00, 0x00, 0x00, 0x00, 0xce, 0x00, 0x00, 0x00, 0x10,
  0x00, 0x00, 0x00, 0x06, 0x00, 0x00, 0x00, 0x04, 0x00, 0x00, 0x00, 0x10, 0xff, 0xff, 0xff, 0xff, 0x00, 0x00, 0x00, 0x00,
  0x00, 0x00, 0x00, 0xcf, 0x00, 0x00, 0x00, 0x0f, 0x00, 0x00, 0x00, 0x06, 0x00, 0x00, 0x00, 0x05, 0x00, 0x00, 0x00, 0x0f,
  0x00, 0x00, 0x00, 0x00, 0x00, 0x00, 0x00, 0x00, 0x00, 0x00, 0x00, 0xd0, 0x00, 0x00, 0x00, 0x0b, 0x00, 0x00, 0x00, 0x0d,
  0x00, 0x00, 0x00, 0x0c, 0x00, 0x00, 0x00, 0x0b, 0xff, 0xff, 0xff, 0xff, 0x00, 0x00, 0x00, 0x00, 0x00, 0x00, 0x00, 0xd1,
  0x00, 0x00, 0x00, 0x0f, 0x00, 0x00, 0x00, 0x0c, 0x00, 0x00, 0x00, 0x0c, 0x00, 0x00, 0x00, 0x0f, 0x00, 0x00, 0x00, 0x00,
  0x00, 0x00, 0x00, 0x00, 0x00, 0x00, 0x00, 0xd2, 0x00, 0x00, 0x00, 0x10, 0x00, 0x00, 0x00, 0x0d, 0x00, 0x00, 0x00, 0x0d,
  0x00, 0x00, 0x00, 0x10, 0x00, 0x00, 0x00, 0x00, 0x00, 0x00, 0x00, 0x00, 0x00, 0x00, 0x00, 0xd3, 0x00, 0x00, 0x00, 0x10,
  0x00, 0x00, 0x00, 0x0d, 0x00, 0x00, 0x00, 0x0d, 0x00, 0x00, 0x00, 0x10, 0x00, 0x00, 0x00, 0x00, 0x00, 0x00, 0x00, 0x00,
  0x00, 0x00, 0x00, 0xd4, 0x00, 0x00, 0x00, 0x10, 0x00, 0x00, 0x00, 0x0d, 0x00, 0x00, 0x00, 0x0d, 0x00, 0x00, 0x00, 0x10,
  0x00, 0x00, 0x00, 0x00, 0x00, 0x00, 0x00, 0x00, 0x00, 0x00, 0x00, 0xd5, 0x00, 0x00, 0x00, 0x0f, 0x00, 0x00, 0x00, 0x0d,
  0x00, 0x00, 0x00, 0x0d, 0x00, 0x00, 0x00, 0x0f, 0x00, 0x00, 0x00, 0x00, 0x00, 0x00, 0x00, 0x00, 0x00, 0x00, 0x00, 0xd6,
  0x00, 0x00, 0x00, 0x0f, 0x00, 0x00, 0x00, 0x0d, 0x00, 0x00, 0x00, 0x0d, 0x00, 0x00, 0x00, 0x0f, 0x00, 0x00, 0x00, 0x00,
  0x00, 0x00, 0x00, 0x00, 0x00, 0x00, 0x00, 0xd7, 0x00, 0x00, 0x00, 0x09, 0x00, 0x00, 0x00, 0x0a, 0x00, 0x00, 0x00, 0x0a,
  0x00, 0x00, 0x00, 0x09, 0x00, 0x00, 0x00, 0x00, 0x00, 0x00, 0x00, 0x00, 0x00, 0x00, 0x00, 0xd8, 0x00, 0x00, 0x00, 0x0e,
  0x00, 0x00, 0x00, 0x0d, 0x00, 0x00, 0x00, 0x0d, 0x00, 0x00, 0x00, 0x0d, 0x00, 0x00, 0x00, 0x00, 0x00, 0x00, 0x00, 0x00,
  0x00, 0x00, 0x00, 0xd9, 0x00, 0x00, 0x00, 0x10, 0x00, 0x00, 0x00, 0x0b, 0x00, 0x00, 0x00, 0x0b, 0x00, 0x00, 0x00, 0x10,
  0x00, 0x00, 0x00, 0x00, 0x00, 0x00, 0x00, 0x00, 0x00, 0x00, 0x00, 0xda, 0x00, 0x00, 0x00, 0x10, 0x00, 0x00, 0x00, 0x0b,
  0x00, 0x00, 0x00, 0x0b, 0x00, 0x00, 0x00, 0x10, 0x00, 0x00, 0x00, 0x00, 0x00, 0x00, 0x00, 0x00, 0x00, 0x00, 0x00, 0xdb,
  0x00, 0x00, 0x00, 0x10, 0x00, 0x00, 0x00, 0x0b, 0x00, 0x00, 0x00, 0x0b, 0x00, 0x00, 0x00, 0x10, 0x00, 0x00, 0x00, 0x00,
  0x00, 0x00, 0x00, 0x00, 0x00, 0x00, 0x00, 0xdc, 0x00, 0x00, 0x00, 0x0f, 0x00, 0x00, 0x00, 0x0b, 0x00, 0x00, 0x00, 0x0b,
  0x00, 0x00, 0x00, 0x0f, 0x00, 0x00, 0x00, 0x00, 0x00, 0x00, 0x00, 0x00, 0x00, 0x00, 0x00, 0xdd, 0x00, 0x00, 0x00, 0x10,
  0x00, 0x00, 0x00, 0x0a, 0x00, 0x00, 0x00, 0x0a, 0x00, 0x00, 0x00, 0x10, 0x00, 0x00, 0x00, 0x00, 0x00, 0x00, 0x00, 0x00,
  0x00, 0x00, 0x00, 0xde, 0x00, 0x00, 0x00, 0x0b, 0x00, 0x00, 0x00, 0x0b, 0x00, 0x00, 0x00, 0x0b, 0x00, 0x00, 0x00, 0x0b,
  0x00, 0x00, 0x00, 0x00, 0x00, 0x00, 0x00, 0x00, 0x00, 0x00, 0x00, 0xdf, 0x00, 0x00, 0x00, 0x0b, 0x00, 0x00, 0x00, 0x0b,
  0x00, 0x00, 0x00, 0x0b, 0x00, 0x00, 0x00, 0x0b, 0x00, 0x00, 0x00, 0x00, 0x00, 0x00, 0x00, 0x00, 0x00, 0x00, 0x00, 0xe0,
  0x00, 0x00, 0x00, 0x0d, 0x00, 0x00, 0x00, 0x09, 0x00, 0x00, 0x00, 0x09, 0x00, 0x00, 0x00, 0x0d, 0x00, 0x00, 0x00, 0x00,
  0x00, 0x00, 0x00, 0x00, 0x00, 0x00, 0x00, 0xe1, 0x00, 0x00, 0x00, 0x0d, 0x00, 0x00, 0x00, 0x09, 0x00, 0x00, 0x00, 0x09,
  0x00, 0x00, 0x00, 0x0d, 0x00, 0x00, 0x00, 0x00, 0x00, 0x00, 0x00, 0x00, 0x00, 0x00, 0x00, 0xe2, 0x00, 0x00, 0x00, 0x0d,
  0x00, 0x00, 0x00, 0x09, 0x00, 0x00, 0x00, 0x09, 0x00, 0x00, 0x00, 0x0d, 0x00, 0x00, 0x00, 0x00, 0x00, 0x00, 0x00, 0x00,
  0x00, 0x00, 0x00, 0xe3, 0x00, 0x00, 0x00, 0x0c, 0x00, 0x00, 0x00, 0x09, 0x00, 0x00, 0x00, 0x09, 0x00, 0x00, 0x00, 0x0c,
  0x00, 0x00, 0x00, 0x00, 0x00, 0x00, 0x00, 0x00, 0x00, 0x00, 0x00, 0xe4, 0x00, 0x00, 0x00, 0x0b, 0x00, 0x00, 0x00, 0x09,
  0x00, 0x00, 0x00, 0x09, 0x00, 0x00, 0x00, 0x0b, 0x00, 0x00, 0x00, 0x00, 0x00, 0x00, 0x00, 0x00, 0x00, 0x00, 0x00, 0xe5,
  0x00, 0x00, 0x00, 0x0e, 0x00, 0x00, 0x00, 0x09, 0x00, 0x00, 0x00, 0x09, 0x00, 0x00, 0x00, 0x0e, 0x00, 0x00, 0x00, 0x00,
  0x00, 0x00, 0x00, 0x00, 0x00, 0x00, 0x00, 0xe6, 0x00, 0x00, 0x00, 0x08, 0x00, 0x00, 0x00, 0x0f, 0x00, 0x00, 0x00, 0x0f,
  0x00, 0x00, 0x00, 0x08, 0x00, 0x00, 0x00, 0x00, 0x00, 0x00, 0x00, 0x00, 0x00, 0x00, 0x00, 0xe7, 0x00, 0x00, 0x00, 0x0b,
  0x00, 0x00, 0x00, 0x08, 0x00, 0x00, 0x00, 0x08, 0x00, 0x00, 0x00, 0x08, 0x00, 0x00, 0x00, 0x00, 0x00, 0x00, 0x00, 0x00,
  0x00, 0x00, 0x00, 0xe8, 0x00, 0x00, 0x00, 0x0d, 0x00, 0x00, 0x00, 0x0a, 0x00, 0x00, 0x00, 0x0a, 0x00, 0x00, 0x00, 0x0d,
  0x00, 0x00, 0x00, 0x00, 0x00, 0x00, 0x00, 0x00, 0x00, 0x00, 0x00, 0xe9, 0x00, 0x00, 0x00, 0x0d, 0x00, 0x00, 0x00, 0x0a,
  0x00, 0x00, 0x00, 0x0a, 0x00, 0x00, 0x00, 0x0d, 0x00, 0x00, 0x00, 0x00, 0x00, 0x00, 0x00, 0x00, 0x00, 0x00, 0x00, 0xea,
  0x00, 0x00, 0x00, 0x0d, 0x00, 0x00, 0x00, 0x0a, 0x00, 0x00, 0x00, 0x0a, 0x00, 0x00, 0x00, 0x0d, 0x00, 0x00, 0x00, 0x00,
  0x00, 0x00, 0x00, 0x00, 0x00, 0x00, 0x00, 0xeb, 0x00, 0x00, 0x00, 0x0b, 0x00, 0x00, 0x00, 0x0a, 0x00, 0x00, 0x00, 0x0a,
  0x00, 0x00, 0x00, 0x0b, 0x00, 0x00, 0x00, 0x00, 0x00, 0x00, 0x00, 0x00, 0x00, 0x00, 0x00, 0xec, 0x00, 0x00, 0x00, 0x0d,
  0x00, 0x00, 0x00, 0x05, 0x00, 0x00, 0x00, 0x04, 0x00, 0x00, 0x00, 0x0d, 0xff, 0xff, 0xff, 0xff, 0x00, 0x00, 0x00, 0x00,
  0x00, 0x00, 0x00, 0xed, 0x00, 0x00, 0x00, 0x0d, 0x00, 0x00, 0x00, 0x05, 0x00, 0x00, 0x00, 0x04, 0x00, 0x00, 0x00, 0x0d,
  0x00, 0x00, 0x00, 0x00, 0x00, 0x00, 0x00, 0x00, 0x00, 0x00, 0x00, 0xee, 0x00, 0x00, 0x00, 0x0d, 0x00, 0x00, 0x00, 0x06,
  0x00, 0x00, 0x00, 0x04, 0x00, 0x00, 0x00, 0x0d, 0xff, 0xff, 0xff, 0xff, 0x00, 0x00, 0x00, 0x00, 0x00, 0x00, 0x00, 0xef,
  0x00, 0x00, 0x00, 0x0b, 0x00, 0x00, 0x00, 0x06, 0x00, 0x00, 0x00, 0x05, 0x00, 0x00, 0x00, 0x0b, 0x00, 0x00, 0x00, 0x00,
  0x00, 0x00, 0x00, 0x00, 0x00, 0x00, 0x00, 0xf0, 0x00, 0x00, 0x00, 0x0c, 0x00, 0x00, 0x00, 0x0a, 0x00, 0x00, 0x00, 0x0a,
  0x00, 0x00, 0x00, 0x0c, 0x00, 0x00, 0x00, 0x00, 0x00, 0x00, 0x00, 0x00, 0x00, 0x00, 0x00, 0xf1, 0x00, 0x00, 0x00, 0x0c,
  0x00, 0x00, 0x00, 0x09, 0x00, 0x00, 0x00, 0x09, 0x00, 0x00, 0x00, 0x0c, 0x00, 0x00, 0x00, 0x00, 0x00, 0x00, 0x00, 0x00,
  0x00, 0x00, 0x00, 0xf2, 0x00, 0x00, 0x00, 0x0d, 0x00, 0x00, 0x00, 0x0a, 0x00, 0x00, 0x00, 0x0a, 0x00, 0x00, 0x00, 0x0d,
  0x00, 0x00, 0x00, 0x00, 0x00, 0x00, 0x00, 0x00, 0x00, 0x00, 0x00, 0xf3, 0x00, 0x00, 0x00, 0x0d, 0x00, 0x00, 0x00, 0x0a,
  0x00, 0x00, 0x00, 0x0a, 0x00, 0x00, 0x00, 0x0d, 0x00, 0x00, 0x00, 0x00, 0x00, 0x00, 0x00, 0x00, 0x00, 0x00, 0x00, 0xf4,
  0x00, 0x00, 0x00, 0x0d, 0x00, 0x00, 0x00, 0x0a, 0x00, 0x00, 0x00, 0x0a, 0x00, 0x00, 0x00, 0x0d, 0x00, 0x00, 0x00, 0x00,
  0x00, 0x00, 0x00, 0x00, 0x00, 0x00, 0x00, 0xf5, 0x00, 0x00, 0x00, 0x0c, 0x00, 0x00, 0x00, 0x0a, 0x00, 0x00, 0x00, 0x0a,
  0x00, 0x00, 0x00, 0x0c, 0x00, 0x00, 0x00, 0x00, 0x00, 0x00, 0x00, 0x00, 0x00, 0x00, 0x00, 0xf6, 0x00, 0x00, 0x00, 0x0b,
  0x00, 0x00, 0x00, 0x0a, 0x00, 0x00, 0x00, 0x0a, 0x00, 0x00, 0x00, 0x0b, 0x00, 0x00, 0x00, 0x00, 0x00, 0x00, 0x00, 0x00,
  0x00, 0x00, 0x00, 0xf7, 0x00, 0x00, 0x00, 0x09, 0x00, 0x00, 0x00, 0x0a, 0x00, 0x00, 0x00, 0x0a, 0x00, 0x00, 0x00, 0x09,
  0x00, 0x00, 0x00, 0x00, 0x00, 0x00, 0x00, 0x00, 0x00, 0x00, 0x00, 0xf8, 0x00, 0x00, 0x00, 0x0a, 0x00, 0x00, 0x00, 0x0a,
  0x00, 0x00, 0x00, 0x0a, 0x00, 0x00, 0x00, 0x09, 0x00, 0x00, 0x00, 0x00, 0x00, 0x00, 0x00, 0x00, 0x00, 0x00, 0x00, 0xf9,
  0x00, 0x00, 0x00, 0x0d, 0x00, 0x00, 0x00, 0x09, 0x00, 0x00, 0x00, 0x09, 0x00, 0x00, 0x00, 0x0d, 0x00, 0x00, 0x00, 0x00,
  0x00, 0x00, 0x00, 0x00, 0x00, 0x00, 0x00, 0xfa, 0x00, 0x00, 0x00, 0x0d, 0x00, 0x00, 0x00, 0x09, 0x00, 0x00, 0x00, 0x09,
  0x00, 0x00, 0x00, 0x0d, 0x00, 0x00, 0x00, 0x00, 0x00, 0x00, 0x00, 0x00, 0x00, 0x00, 0x00, 0xfb, 0x00, 0x00, 0x00, 0x0d,
  0x00, 0x00, 0x00, 0x09, 0x00, 0x00, 0x00, 0x09, 0x00, 0x00, 0x00, 0x0d, 0x00, 0x00, 0x00, 0x00, 0x00, 0x00, 0x00, 0x00,
  0x00, 0x00, 0x00, 0xfc, 0x00, 0x00, 0x00, 0x0b, 0x00, 0x00, 0x00, 0x09, 0x00, 0x00, 0x00, 0x09, 0x00, 0x00, 0x00, 0x0b,
  0x00, 0x00, 0x00, 0x00, 0x00, 0x00, 0x00, 0x00, 0x00, 0x00, 0x00, 0xfd, 0x00, 0x00, 0x00, 0x10, 0x00, 0x00, 0x00, 0x09,
  0x00, 0x00, 0x00, 0x08, 0x00, 0x00, 0x00, 0x0d, 0x00, 0x00, 0x00, 0x00, 0x00, 0x00, 0x00, 0x00, 0x00, 0x00, 0x00, 0xfe,
  0x00, 0x00, 0x00, 0x0e, 0x00, 0x00, 0x00, 0x0a, 0x00, 0x00, 0x00, 0x0a, 0x00, 0x00, 0x00, 0x0b, 0x00, 0x00, 0x00, 0x00,
  0x00, 0x00, 0x00, 0x00, 0x00, 0x00, 0x00, 0xff, 0x00, 0x00, 0x00, 0x0e, 0x00, 0x00, 0x00, 0x09, 0x00, 0x00, 0x00, 0x09,
  0x00, 0x00, 0x00, 0x0b, 0x00, 0x00, 0x00, 0x00, 0x00, 0x00, 0x00, 0x00, 0x00, 0x00, 0x20, 0x13, 0x00, 0x00, 0x00, 0x06,
  0x00, 0x00, 0x00, 0x0a, 0x00, 0x00, 0x00, 0x08, 0x00, 0x00, 0x00, 0x06, 0xff, 0xff, 0xff, 0xff, 0x00, 0x00, 0x00, 0x00,
  0x00, 0x00, 0x20, 0x14, 0x00, 0x00, 0x00, 0x06, 0x00, 0x00, 0x00, 0x12, 0x00, 0x00, 0x00, 0x10, 0x00, 0x00, 0x00, 0x06,
  0xff, 0xff, 0xff, 0xff, 0x00, 0x00, 0x00, 0x00, 0x00, 0x00, 0x20, 0x18, 0x00, 0x00, 0x00, 0x0c, 0x00, 0x00, 0x00, 0x04,
  0x00, 0x00, 0x00, 0x04, 0x00, 0x00, 0x00, 0x0c, 0x00, 0x00, 0x00, 0x00, 0x00, 0x00, 0x00, 0x00, 0x00, 0x00, 0x20, 0x19,
  0x00, 0x00, 0x00, 0x0b, 0x00, 0x00, 0x00, 0x04, 0x00, 0x00, 0x00, 0x04, 0x00, 0x00, 0x00, 0x0b, 0x00, 0x00, 0x00, 0x00,
  0x00, 0x00, 0x00, 0x00, 0x00, 0x00, 0x20, 0x1c, 0x00, 0x00, 0x00, 0x0c, 0x00, 0x00, 0x00, 0x07, 0x00, 0x00, 0x00, 0x07,
  0x00, 0x00, 0x00, 0x0c, 0x00, 0x00, 0x00, 0x00, 0x00, 0x00, 0x00, 0x00, 0x00, 0x00, 0x20, 0x1d, 0x00, 0x00, 0x00, 0x0b,
  0x00, 0x00, 0x00, 0x07, 0x00, 0x00, 0x00, 0x07, 0x00, 0x00, 0x00, 0x0b, 0x00, 0x00, 0x00, 0x00, 0x00, 0x00, 0x00, 0x00,
  0x00, 0x00, 0x20, 0x22, 0x00, 0x00, 0x00, 0x07, 0x00, 0x00, 0x00, 0x08, 0x00, 0x00, 0x00, 0x08, 0x00, 0x00, 0x00, 0x07,
  0x00, 0x00, 0x00, 0x00, 0x00, 0x00, 0x00, 0x00, 0x00, 0x00, 0x20, 0x26, 0x00, 0x00, 0x00, 0x03, 0x00, 0x00, 0x00, 0x0c,
  0x00, 0x00, 0x00, 0x0c, 0x00, 0x00, 0x00, 0x03, 0x00, 0x00, 0x00, 0x00, 0x00, 0x00, 0x00, 0x00, 0x15, 0xe2, 0xc5, 0x00,
  0x36, 0xff, 0xfe, 0x03, 0x23, 0xff, 0xee, 0x00, 0x0e, 0xff, 0xd9, 0x00, 0x00, 0xf9, 0xc5, 0x00, 0x00, 0xe5, 0xb0, 0x00,
  0x00, 0xd0, 0x9b, 0x00, 0x00, 0x9d, 0x6e, 0x00, 0x00, 0x0d, 0x0e, 0x00, 0x00, 0xe0, 0xe4, 0x00, 0x00, 0xc5, 0xca, 0x00,
  0x06, 0xd4, 0xb7, 0x00, 0x94, 0xe4, 0x19, 0x13, 0xff, 0xf2, 0x00, 0xcb, 0xff, 0x3a, 0x00, 0xf8, 0xda, 0x00, 0xb2, 0xff,
  0x22, 0x00, 0xdf, 0xc1, 0x00, 0x97, 0xff, 0x09, 0x00, 0xa1, 0x86, 0x00, 0x5c, 0xcb, 0x00, 0x00, 0x00, 0x00, 0x00, 0x00,
  0x00, 0x00, 0x00, 0x00, 0x00, 0x00, 0x00, 0x00, 0x00, 0x00, 0x00, 0x00, 0x00, 0x00, 0x00, 0x00, 0x00, 0x00, 0x00, 0x00,
  0x00, 0x00, 0x00, 0x00, 0x00, 0x00, 0x00, 0x00, 0x00, 0x00, 0x00, 0x00, 0x00, 0x00, 0x00, 0x00, 0x00, 0x00, 0x00, 0x00,
  0x8b, 0xa3, 0x00, 0x2e, 0xed, 0x14, 0x00, 0x00, 0x04, 0x0d, 0xec, 0x83, 0x0c, 0x84, 0xec, 0x04, 0x00, 0x01, 0xec, 0xff,
  0xff, 0xff, 0xff, 0xff, 0xff, 0xdc, 0x00, 0x00, 0x29, 0x87, 0xff, 0x45, 0x3c, 0xf6, 0x9c, 0x22, 0x00, 0x00, 0x00, 0x85,
  0xde, 0x00, 0x22, 0xff, 0x42, 0x00, 0x00, 0x00, 0x00, 0xb9, 0xaa, 0x00, 0x55, 0xfe, 0x10, 0x00, 0x00, 0x13, 0x7d, 0xff,
  0xc4, 0x84, 0xbf, 0xff, 0x83, 0x35, 0x00, 0x42, 0xff, 0xff, 0xff, 0xff, 0xff, 0xff, 0xff, 0x7b, 0x00, 0x00, 0x43, 0xff,
  0x23, 0x00, 0xda, 0x8a, 0x00, 0x00, 0x00, 0x00, 0x72, 0xf1, 0x01, 0x0d, 0xfe, 0x58, 0x00, 0x00, 0x00, 0x00, 0x77, 0xa6,
  0x00, 0x1a, 0xe7, 0x19, 0x00, 0x00, 0x00, 0x00, 0x00, 0x00, 0x00, 0x4c, 0x4c, 0x00, 0x00, 0x00, 0x00, 0x00, 0x00, 0x00,
  0x00, 0xf8, 0xfa, 0x02, 0x00, 0x00, 0x00, 0x00, 0x00, 0x00, 0x00, 0xff, 0xff, 0x04, 0x00, 0x00, 0x00, 0x00, 0x00, 0x5f,
  0xd1, 0xff, 0xff, 0xdc, 0x96, 0x22, 0x00, 0x00, 0x69, 0xff, 0xf2, 0x9d, 0x8f, 0xb7, 0xfb, 0xcc, 0x00, 0x00, 0xde, 0xff,
  0x39, 0x00, 0x00, 0x00, 0x19, 0x26, 0x00, 0x00, 0xf5, 0xff, 0x1e, 0x00, 0x00, 0x00, 0x00, 0x00, 0x00, 0x00, 0xbc, 0xff,
  0xe2, 0x87, 0x4a, 0x0e, 0x00, 0x00, 0x00, 0x00, 0x23, 0xcf, 0xff, 0xff, 0xff, 0xf9, 0xa4, 0x12, 0x00, 0x00, 0x00, 0x00,
  0x34, 0x76, 0xb4, 0xf9, 0xff, 0xae, 0x00, 0x00, 0x00, 0x00, 0x00, 0x00, 0x00, 0x39, 0xff, 0xf5, 0x00, 0x0a, 0x46, 0x04,
  0x00, 0x00, 0x00, 0x28, 0xff, 0xe5, 0x00, 0x5a, 0xff, 0xe5, 0xa1, 0x88, 0x96, 0xe6, 0xff, 0x70, 0x00, 0x04, 0x69, 0xc0,
  0xe5, 0xff, 0xff, 0xcd, 0x5e, 0x00, 0x00, 0x00, 0x00, 0x00, 0x00, 0xff, 0xff, 0x04, 0x00, 0x00, 0x00, 0x00, 0x00, 0x00,
  0x00, 0xca, 0xcd, 0x00, 0x00, 0x00, 0x00, 0x00, 0x00, 0x00, 0x00, 0x00, 0x00, 0x00, 0x00, 0x00, 0x09, 0x80, 0x0e, 0x00,
  0x00, 0x00, 0x00, 0x00, 0x0c, 0x9d, 0xf0, 0xe9, 0x97, 0x0b, 0x00, 0x00, 0x85, 0xff, 0x29, 0x00, 0x00, 0x00, 0x00, 0x00,
  0x9a, 0xff, 0xc4, 0xc0, 0xff, 0x90, 0x00, 0x20, 0xf7, 0xa6, 0x00, 0x00, 0x00, 0x00, 0x00, 0x00, 0xec, 0xff, 0x1d, 0x1d,
  0xff, 0xe3, 0x00, 0xab, 0xf6, 0x1d, 0x00, 0x00, 0x00, 0x00, 0x00, 0x00, 0xf5, 0xff, 0x0a, 0x0e, 0xff, 0xf7, 0x3f, 0xff,
  0x80, 0x00, 0x00, 0x00, 0x00, 0x00, 0x00, 0x00, 0xc9, 0xff, 0x50, 0x57, 0xff, 0xd0, 0xcf, 0xe2, 0x14, 0x9b, 0xf0, 0xe7,
  0x90, 0x07, 0x00, 0x00, 0x45, 0xf8, 0xff, 0xff, 0xfa, 0xaf, 0xff, 0x59, 0x91, 0xff, 0xc6, 0xc6, 0xff, 0x81, 0x00, 0x00,
  0x00, 0x26, 0x6e, 0x74, 0x37, 0xe9, 0xc6, 0x00, 0xe8, 0xff, 0x20, 0x23, 0xff, 0xdc, 0x00, 0x00, 0x00, 0x00, 0x00, 0x00,
  0x8c, 0xfe, 0x35, 0x00, 0xfc, 0xff, 0x05, 0x0a, 0xff, 0xf8, 0x00, 0x00, 0x00, 0x00, 0x00, 0x25, 0xf9, 0xa0, 0x00, 0x00,
  0xe1, 0xff, 0x1f, 0x27, 0xff, 0xe1, 0x00, 0x00, 0x00, 0x00, 0x00, 0xb2, 0xf3, 0x19, 0x00, 0x00, 0x88, 0xff, 0xc3, 0xc7,
  0xff, 0x8a, 0x00, 0x00, 0x00, 0x00, 0x17, 0xff, 0x79, 0x00, 0x00, 0x00, 0x09, 0x95, 0xe9, 0xef, 0x97, 0x08, 0x00, 0x00,
  0x00, 0x00, 0x00, 0x37, 0x02, 0x00, 0x00, 0x00, 0x00, 0x00, 0x00, 0x00, 0x00, 0x00, 0x00, 0x00, 0x00, 0x1c, 0xaa, 0xef,
  0xf3, 0xbc, 0x29, 0x00, 0x00, 0x00, 0x00, 0x00, 0x00, 0xc6, 0xff, 0xb5, 0xb5, 0xff, 0xd0, 0x00, 0x00, 0x00, 0x00, 0x00,
  0x00, 0xf6, 0xff, 0x0f, 0x14, 0xff, 0xf2, 0x00, 0x00, 0x00, 0x00, 0x00, 0x00, 0xa7, 0xff, 0x8e, 0xb5, 0xff, 0x8b, 0x00,
  0x00, 0x00, 0x00, 0x00, 0x00, 0x10, 0xf5, 0xff, 0xff, 0x79, 0x01, 0x28, 0xe8, 0x43, 0x00, 0x00, 0x0b, 0xbe, 0xff, 0xff,
  0xfc, 0x51, 0x00, 0x6d, 0xff, 0x43, 0x00, 0x00, 0x98, 0xff, 0x8c, 0x16, 0xdd, 0xfb, 0x53, 0xb2, 0xf9, 0x10, 0x00, 0x00,
  0xec, 0xff, 0x13, 0x00, 0x26, 0xec, 0xff, 0xff, 0xac, 0x00, 0x00, 0x00, 0xed, 0xff, 0x30, 0x00, 0x00, 0x5d, 0xff, 0xff,
  0x7e, 0x00, 0x00, 0x00, 0x8a, 0xff, 0xe8, 0x92, 0x9b, 0xf0, 0xfb, 0xf8, 0xfc, 0x57, 0x00, 0x00, 0x02, 0x73, 0xd5, 0xf8,
  0xed, 0xac, 0x31, 0x27, 0xd8, 0xab, 0x00, 0x06, 0xd4, 0xb7, 0x00, 0x13, 0xff, 0xf2, 0x00, 0x00, 0xf8, 0xda, 0x00, 0x00,
  0xdf, 0xc1, 0x00, 0x00, 0xa1, 0x86, 0x00, 0x00, 0x00, 0x00, 0x00, 0x00, 0x00, 0x00, 0x00, 0x00, 0x00, 0x00, 0x00, 0x00,
  0x00, 0x00, 0x00, 0x00, 0x00, 0x00, 0x00, 0x00, 0x00, 0x00, 0x00, 0x00, 0x00, 0x00, 0x09, 0x56, 0x01, 0x00, 0x00, 0x00,
  0x81, 0xff, 0x28, 0x00, 0x00, 0x0a, 0xec, 0xe5, 0x01, 0x00, 0x00, 0x58, 0xff, 0x98, 0x00, 0x00, 0x00, 0x99, 0xff, 0x5d,
  0x00, 0x00, 0x00, 0xd1, 0xff, 0x2d, 0x00, 0x00, 0x00, 0xe8, 0xff, 0x15, 0x00, 0x00, 0x00, 0xfa, 0xff, 0x08, 0x00, 0x00,
  0x00, 0xf6, 0xff, 0x0f, 0x00, 0x00, 0x00, 0xe4, 0xff, 0x1f, 0x00, 0x00, 0x00, 0xbc, 0xff, 0x45, 0x00, 0x00, 0x00, 0x86,
  0xff, 0x77, 0x00, 0x00, 0x00, 0x36, 0xff, 0xbc, 0x00, 0x00, 0x00, 0x00, 0xcc, 0xfa, 0x0e, 0x00, 0x00, 0x00, 0x45, 0xea,
  0x1d, 0x00, 0x00, 0x00, 0x00, 0x00, 0x00, 0x01, 0x56, 0x09, 0x00, 0x00, 0x00, 0x27, 0xff, 0x84, 0x00, 0x00, 0x00, 0x01,
  0xe6, 0xf1, 0x0d, 0x00, 0x00, 0x00, 0x99, 0xff, 0x58, 0x00, 0x00, 0x00, 0x5e, 0xff, 0xa1, 0x00, 0x00, 0x00, 0x2e, 0xff,
  0xd1, 0x00, 0x00, 0x00, 0x15, 0xff, 0xf0, 0x00, 0x00, 0x00, 0x05, 0xff, 0xfd, 0x00, 0x00, 0x00, 0x0c, 0xff, 0xf5, 0x00,
  0x00, 0x00, 0x1b, 0xff, 0xe0, 0x00, 0x00, 0x00, 0x40, 0xff, 0xbc, 0x00, 0x00, 0x00, 0x70, 0xff, 0x7c, 0x00, 0x00, 0x00,
  0xb8, 0xff, 0x34, 0x00, 0x00, 0x0e, 0xf9, 0xc3, 0x00, 0x00, 0x00, 0x1e, 0xeb, 0x43, 0x00, 0x00, 0x00, 0x00, 0x00, 0x00,
  0x00, 0x00, 0x00, 0x00, 0x00, 0x5c, 0x1b, 0x1c, 0x5c, 0x00, 0x00, 0x00, 0x00, 0xb8, 0xa8, 0xa9, 0xb4, 0x00, 0x00, 0x00,
  0x61, 0xa6, 0xff, 0xff, 0xa6, 0x60, 0x00, 0x00, 0xd7, 0xff, 0xff, 0xff, 0xff, 0xd5, 0x00, 0x00, 0x00, 0x70, 0xe1, 0xe3,
  0x6c, 0x00, 0x00, 0x00, 0x00, 0xcc, 0x61, 0x68, 0xc1, 0x00, 0x00, 0x00, 0x00, 0x05, 0x00, 0x00, 0x05, 0x00, 0x00, 0x00,
  0x00, 0x00, 0x00, 0x00, 0x00, 0x00, 0x00, 0x00, 0x00, 0x00, 0x00, 0x00, 0x00, 0x00, 0x00, 0x00, 0x00, 0x00, 0x00, 0x00,
  0x00, 0x00, 0x00, 0x00, 0x00, 0x00, 0x00, 0x00, 0x00, 0x00, 0x00, 0x00, 0x00, 0x00, 0x00, 0x00, 0x00, 0x00, 0x00, 0x00,
  0x00, 0x00, 0x00, 0xd5, 0xd5, 0x01, 0x00, 0x00, 0x00, 0x00, 0x00, 0x00, 0x00, 0xff, 0xff, 0x04, 0x00, 0x00, 0x00, 0x00,
  0x00, 0x00, 0x00, 0xff, 0xff, 0x04, 0x00, 0x00, 0x00, 0x00, 0xdc, 0xff, 0xff, 0xff, 0xff, 0xff, 0xff, 0xdb, 0x00, 0x00,
  0x64, 0x84, 0x84, 0xff, 0xff, 0x85, 0x84, 0x64, 0x00, 0x00, 0x00, 0x00, 0x00, 0xff, 0xff, 0x04, 0x00, 0x00, 0x00, 0x00,
  0x00, 0x00, 0x00, 0xff, 0xff, 0x04, 0x00, 0x00, 0x00, 0x00, 0x00, 0x00, 0x00, 0xd1, 0xd0, 0x00, 0x00, 0x00, 0x00, 0x00,
  0x00, 0x00, 0x00, 0x00, 0x00, 0x00, 0x00, 0x00, 0x00, 0x00, 0x0d, 0x0c, 0x00, 0x00, 0xe0, 0xd9, 0x00, 0x00, 0xc9, 0xfe,
  0x00, 0x00, 0x48, 0xca, 0x00, 0x00, 0x9d, 0x4c, 0x00, 0x00, 0x00, 0x00, 0x00, 0x00, 0x59, 0x84, 0x84, 0x84, 0x5a, 0x00,
  0x00, 0xce, 0xff, 0xff, 0xff, 0xcf, 0x00, 0x00, 0x00, 0x00, 0x00, 0x00, 0x00, 0x00, 0x00, 0x00, 0x00, 0x00, 0x00, 0x00,
  0x00, 0x00, 0x00, 0x00, 0x00, 0x00, 0x00, 0x00, 0x00, 0x00, 0x00, 0x00, 0x00, 0x00, 0x00, 0x00, 0x0d, 0x0e, 0x00, 0x00,
  0xe0, 0xe4, 0x00, 0x00, 0xc5, 0xca, 0x00, 0x00, 0x00, 0x00, 0x00, 0x4d, 0xe5, 0x0f, 0x00, 0x00, 0x00, 0x00, 0xb3, 0xee,
  0x05, 0x00, 0x00, 0x00, 0x0d, 0xf8, 0xa0, 0x00, 0x00, 0x00, 0x00, 0x59, 0xff, 0x4d, 0x00, 0x00, 0x00, 0x00, 0xac, 0xf2,
  0x07, 0x00, 0x00, 0x00, 0x0a, 0xf5, 0xa6, 0x00, 0x00, 0x00, 0x00, 0x52, 0xff, 0x53, 0x00, 0x00, 0x00, 0x00, 0xa5, 0xf6,
  0x0a, 0x00, 0x00, 0x00, 0x06, 0xf1, 0xad, 0x00, 0x00, 0x00, 0x00, 0x4b, 0xff, 0x5a, 0x00, 0x00, 0x00, 0x00, 0x9e, 0xf9,
  0x0e, 0x00, 0x00, 0x00, 0x04, 0xec, 0xb4, 0x00, 0x00, 0x00, 0x00, 0x0f, 0xe8, 0x4f, 0x00, 0x00, 0x00, 0x00, 0x00, 0x00,
  0x26, 0xb0, 0xee, 0xf3, 0xb5, 0x29, 0x00, 0x00, 0x00, 0x14, 0xe8, 0xff, 0xa9, 0xa6, 0xfe, 0xea, 0x17, 0x00, 0x00, 0x85,
  0xff, 0x8b, 0x00, 0x00, 0x84, 0xff, 0x89, 0x00, 0x00, 0xcc, 0xff, 0x2f, 0x00, 0x00, 0x2a, 0xff, 0xd2, 0x00, 0x00, 0xef,
  0xff, 0x0e, 0x00, 0x00, 0x0a, 0xff, 0xf5, 0x00, 0x00, 0xfc, 0xff, 0x05, 0x00, 0x00, 0x02, 0xff, 0xfe, 0x01, 0x00, 0xf2,
  0xff, 0x0f, 0x00, 0x00, 0x0b, 0xff, 0xf1, 0x00, 0x00, 0xcc, 0xff, 0x32, 0x00, 0x00, 0x2d, 0xff, 0xcb, 0x00, 0x00, 0x81,
  0xff, 0x90, 0x00, 0x00, 0x89, 0xff, 0x81, 0x00, 0x00, 0x13, 0xe6, 0xff, 0xaa, 0xa7, 0xfe, 0xe6, 0x13, 0x00, 0x00, 0x00,
  0x25, 0xb3, 0xf3, 0xef, 0xb1, 0x25, 0x00, 0x00, 0x00, 0x00, 0x00, 0x00, 0x44, 0xc7, 0xd4, 0x00, 0x00, 0x00, 0x00, 0x00,
  0x1c, 0xb1, 0xff, 0xff, 0xff, 0x00, 0x00, 0x00, 0x00, 0x00, 0x9c, 0xff, 0xaf, 0xff, 0xff, 0x00, 0x00, 0x00, 0x00, 0x00,
  0x1a, 0x36, 0x04, 0xff, 0xff, 0x00, 0x00, 0x00, 0x00, 0x00, 0x00, 0x00, 0x04, 0xff, 0xff, 0x00, 0x00, 0x00, 0x00, 0x00,
  0x00, 0x00, 0x04, 0xff, 0xff, 0x00, 0x00, 0x00, 0x00, 0x00, 0x00, 0x00, 0x04, 0xff, 0xff, 0x00, 0x00, 0x00, 0x00, 0x00,
  0x00, 0x00, 0x04, 0xff, 0xff, 0x00, 0x00, 0x00, 0x00, 0x00, 0x00, 0x00, 0x04, 0xff, 0xff, 0x00, 0x00, 0x00, 0x00, 0x00,
  0x82, 0xb4, 0xb5, 0xff, 0xff, 0xb4, 0x8c, 0x00, 0x00, 0x00, 0xcd, 0xff, 0xff, 0xff, 0xff, 0xff, 0xcf, 0x00, 0x02, 0x5a,
  0xb9, 0xe5, 0xf9, 0xdd, 0x84, 0x07, 0x00, 0x00, 0x4f, 0xff, 0xde, 0x98, 0x93, 0xe7, 0xff, 0x95, 0x00, 0x00, 0x07, 0x42,
  0x03, 0x00, 0x00, 0x2a, 0xff, 0xf1, 0x00, 0x00, 0x00, 0x00, 0x00, 0x00, 0x00, 0x10, 0xff, 0xf0, 0x00, 0x00, 0x00, 0x00,
  0x00, 0x00, 0x00, 0x6f, 0xff, 0xb1, 0x00, 0x00, 0x00, 0x00, 0x00, 0x00, 0x39, 0xf6, 0xfb, 0x30, 0x00, 0x00, 0x00, 0x00,
  0x00, 0x30, 0xee, 0xff, 0x67, 0x00, 0x00, 0x00, 0x00, 0x00, 0x29, 0xea, 0xff, 0x72, 0x00, 0x00, 0x00, 0x00, 0x00, 0x23,
  0xe6, 0xff, 0x76, 0x00, 0x00, 0x00, 0x00, 0x00, 0x05, 0xdc, 0xff, 0xfc, 0x84, 0x84, 0x84, 0x7f, 0x1f, 0x00, 0x0b, 0xeb,
  0xff, 0xff, 0xff, 0xff, 0xff, 0xfb, 0x56, 0x00, 0x00, 0x03, 0x5f, 0xbf, 0xe8, 0xf9, 0xdc, 0x87, 0x09, 0x00, 0x00, 0x00,
  0x57, 0xff, 0xda, 0x98, 0x90, 0xdf, 0xff, 0xa7, 0x00, 0x00, 0x00, 0x06, 0x37, 0x01, 0x00, 0x00, 0x1f, 0xff, 0xf7, 0x00,
  0x00, 0x00, 0x00, 0x00, 0x00, 0x00, 0x00, 0x2d, 0xff, 0xd5, 0x00, 0x00, 0x00, 0x00, 0x00, 0x1e, 0x7e, 0x94, 0xe6, 0xe8,
  0x3b, 0x00, 0x00, 0x00, 0x00, 0x00, 0x58, 0xfc, 0xff, 0xff, 0xc1, 0x1b, 0x00, 0x00, 0x00, 0x00, 0x00, 0x00, 0x00, 0x0b,
  0x80, 0xff, 0xb6, 0x00, 0x00, 0x00, 0x00, 0x00, 0x00, 0x00, 0x00, 0x0c, 0xff, 0xf6, 0x00, 0x00, 0x00, 0x2d, 0x1a, 0x00,
  0x00, 0x00, 0x40, 0xff, 0xe8, 0x00, 0x00, 0x00, 0xeb, 0xfc, 0xb7, 0x8e, 0x9e, 0xf1, 0xff, 0x74, 0x00, 0x00, 0x00, 0x2e,
  0x97, 0xda, 0xf5, 0xf4, 0xc9, 0x60, 0x00, 0x00, 0x00, 0x00, 0x00, 0x00, 0x00, 0x00, 0x0f, 0xc4, 0xcf, 0x00, 0x00, 0x00,
  0x00, 0x00, 0x00, 0x00, 0xac, 0xff, 0xff, 0x04, 0x00, 0x00, 0x00, 0x00, 0x00, 0x6e, 0xff, 0xff, 0xff, 0x04, 0x00, 0x00,
  0x00, 0x00, 0x34, 0xf9, 0xa1, 0xff, 0xff, 0x04, 0x00, 0x00, 0x00, 0x0f, 0xdd, 0xd8, 0x0c, 0xff, 0xff, 0x04, 0x00, 0x00,
  0x00, 0xad, 0xf7, 0x2f, 0x00, 0xff, 0xff, 0x04, 0x00, 0x00, 0x6b, 0xff, 0x69, 0x00, 0x00, 0xff, 0xff, 0x04, 0x00, 0x01,
  0xf2, 0xff, 0xff, 0xff, 0xff, 0xff, 0xff, 0xff, 0xd0, 0x00, 0x5a, 0x83, 0x84, 0x84, 0x84, 0xff, 0xff, 0x85, 0x57, 0x00,
  0x00, 0x00, 0x00, 0x00, 0x00, 0xff, 0xff, 0x03, 0x00, 0x00, 0x00, 0x00, 0x00, 0x00, 0x00, 0xc7, 0xcc, 0x00, 0x00, 0x00,
  0xd0, 0xff, 0xff, 0xff, 0xff, 0xff, 0xe0, 0x03, 0x00, 0x00, 0xff, 0xff, 0x85, 0x84, 0x84, 0x84, 0x64, 0x00, 0x00, 0x00,
  0xff, 0xff, 0x04, 0x00, 0x00, 0x00, 0x00, 0x00, 0x00, 0x00, 0xff, 0xff, 0x2a, 0x6f, 0x7b, 0x50, 0x05, 0x00, 0x00, 0x00,
  0xff, 0xff, 0xff, 0xff, 0xff, 0xff, 0xd0, 0x14, 0x00, 0x00, 0xf6, 0xef, 0x5b, 0x11, 0x24, 0xc2, 0xff, 0x9e, 0x00, 0x00,
  0x28, 0x17, 0x00, 0x00, 0x00, 0x2b, 0xff, 0xeb, 0x00, 0x00, 0x00, 0x00, 0x00, 0x00, 0x00, 0x0c, 0xff, 0xf4, 0x00, 0x00,
  0x30, 0x21, 0x00, 0x00, 0x00, 0x63, 0xff, 0xc1, 0x00, 0x00, 0xdf, 0xfd, 0xbb, 0x8f, 0xa0, 0xfb, 0xfb, 0x3e, 0x00, 0x00,
  0x2a, 0x93, 0xda, 0xf5, 0xf0, 0xb9, 0x3a, 0x00, 0x00, 0x00, 0x00, 0x01, 0x66, 0xcb, 0xf5, 0xec, 0xba, 0x4c, 0x00, 0x00,
  0x00, 0xa2, 0xff, 0xd5, 0x8f, 0x9c, 0xe9, 0xf9, 0x07, 0x00, 0x53, 0xff, 0xb5, 0x04, 0x00, 0x00, 0x06, 0x21, 0x00, 0x00,
  0xb6, 0xff, 0x38, 0x3b, 0x7b, 0x64, 0x0e, 0x00, 0x00, 0x00, 0xe9, 0xff, 0x87, 0xff, 0xff, 0xff, 0xe1, 0x1f, 0x00, 0x00,
  0xfb, 0xff, 0xed, 0x38, 0x11, 0xb3, 0xff, 0xaa, 0x00, 0x00, 0xf0, 0xff, 0x8c, 0x00, 0x00, 0x27, 0xff, 0xf1, 0x00, 0x00,
  0xcc, 0xff, 0x77, 0x00, 0x00, 0x10, 0xff, 0xf8, 0x00, 0x00, 0x7d, 0xff, 0xbd, 0x01, 0x00, 0x59, 0xff, 0xc7, 0x00, 0x00,
  0x0c, 0xd9, 0xff, 0xb7, 0x93, 0xf3, 0xfe, 0x4b, 0x00, 0x00, 0x00, 0x15, 0x99, 0xe5, 0xf7, 0xcd, 0x4e, 0x00, 0x00, 0x00,
  0xcf, 0xff, 0xff, 0xff, 0xff, 0xff, 0xff, 0xd8, 0x04, 0x00, 0x5b, 0x84, 0x84, 0x84, 0x84, 0xc5, 0xff, 0xe7, 0x01, 0x00,
  0x00, 0x00, 0x00, 0x00, 0x01, 0xcb, 0xff, 0x6d, 0x00, 0x00, 0x00, 0x00, 0x00, 0x00, 0x59, 0xff, 0xdd, 0x05, 0x00, 0x00,
  0x00, 0x00, 0x00, 0x06, 0xde, 0xff, 0x58, 0x00, 0x00, 0x00, 0x00, 0x00, 0x00, 0x71, 0xff, 0xcc, 0x01, 0x00, 0x00, 0x00,
  0x00, 0x00, 0x0f, 0xec, 0xff, 0x43, 0x00, 0x00, 0x00, 0x00, 0x00, 0x00, 0x88, 0xff, 0xb8, 0x00, 0x00, 0x00, 0x00, 0x00,
  0x00, 0x1c, 0xf6, 0xfd, 0x2f, 0x00, 0x00, 0x00, 0x00, 0x00, 0x00, 0x9c, 0xff, 0xa2, 0x00, 0x00, 0x00, 0x00, 0x00, 0x00,
  0x00, 0xb8, 0xdd, 0x1c, 0x00, 0x00, 0x00, 0x00, 0x00, 0x00, 0x04, 0x76, 0xd1, 0xf5, 0xf6, 0xd1, 0x78, 0x05, 0x00, 0x00,
  0x99, 0xff, 0xe6, 0x94, 0x93, 0xe6, 0xff, 0x9d, 0x00, 0x00, 0xf3, 0xff, 0x29, 0x00, 0x00, 0x26, 0xff, 0xf7, 0x00, 0x00,
  0xda, 0xff, 0x29, 0x00, 0x00, 0x2b, 0xff, 0xe1, 0x00, 0x00, 0x46, 0xf3, 0xe6, 0x93, 0x98, 0xe9, 0xf3, 0x41, 0x00, 0x00,
  0x0b, 0xbc, 0xff, 0xff, 0xff, 0xff, 0xb5, 0x11, 0x00, 0x00, 0xa4, 0xff, 0x8e, 0x11, 0x10, 0x8a, 0xff, 0xaa, 0x00, 0x00,
  0xf5, 0xff, 0x10, 0x00, 0x00, 0x0d, 0xff, 0xf3, 0x00, 0x00, 0xe9, 0xff, 0x34, 0x00, 0x00, 0x31, 0xff, 0xec, 0x00, 0x00,
  0x83, 0xff, 0xea, 0x94, 0x94, 0xe8, 0xff, 0x83, 0x00, 0x00, 0x01, 0x6f, 0xd0, 0xf6, 0xf6, 0xd1, 0x70, 0x02, 0x00, 0x00,
  0x00, 0x60, 0xd0, 0xf7, 0xe6, 0x9c, 0x18, 0x00, 0x00, 0x00, 0x6c, 0xff, 0xed, 0x99, 0xb0, 0xff, 0xdd, 0x0d, 0x00, 0x00,
  0xdf, 0xff, 0x41, 0x00, 0x00, 0x99, 0xff, 0x7f, 0x00, 0x00, 0xf7, 0xff, 0x18, 0x00, 0x00, 0x70, 0xff, 0xce, 0x00, 0x00,
  0xc4, 0xff, 0x9a, 0x14, 0x2c, 0xd8, 0xff, 0xf2, 0x00, 0x00, 0x34, 0xee, 0xff, 0xff, 0xff, 0x86, 0xff, 0xfe, 0x00, 0x00,
  0x00, 0x16, 0x69, 0x7c, 0x40, 0x14, 0xff, 0xec, 0x00, 0x00, 0x00, 0x00, 0x00, 0x00, 0x00, 0x4b, 0xff, 0xb7, 0x00, 0x00,
  0x1d, 0x05, 0x00, 0x00, 0x08, 0xc7, 0xff, 0x55, 0x00, 0x06, 0xf8, 0xe7, 0x99, 0x90, 0xd9, 0xff, 0xa6, 0x00, 0x00, 0x00,
  0x4c, 0xb9, 0xec, 0xf7, 0xcf, 0x6c, 0x02, 0x00, 0x00, 0x00, 0xc5, 0xca, 0x00, 0x00, 0xe0, 0xe3, 0x00, 0x00, 0x0d, 0x0e,
  0x00, 0x00, 0x00, 0x00, 0x00, 0x00, 0x00, 0x00, 0x00, 0x00, 0x0d, 0x0e, 0x00, 0x00, 0xe0, 0xe4, 0x00, 0x00, 0xc5, 0xca,
  0x00, 0x00, 0xc5, 0xca, 0x00, 0x00, 0xe0, 0xe3, 0x00, 0x00, 0x0d, 0x0e, 0x00, 0x00, 0x00, 0x00, 0x00, 0x00, 0x00, 0x00,
  0x00, 0x00, 0x0d, 0x0c, 0x00, 0x00, 0xe0, 0xd9, 0x00, 0x00, 0xc9, 0xfe, 0x00, 0x00, 0x48, 0xca, 0x00, 0x00, 0x9d, 0x4c,
  0x00, 0x00, 0x00, 0x00, 0x00, 0x00, 0x00, 0x00, 0x00, 0x00, 0x00, 0x00, 0x2d, 0x49, 0x00, 0x00, 0x00, 0x00, 0x00, 0x03,
  0x51, 0xbf, 0xff, 0xce, 0x00, 0x00, 0x00, 0x13, 0x77, 0xe1, 0xff, 0xcc, 0x61, 0x08, 0x00, 0x00, 0x85, 0xf6, 0xf8, 0xa3,
  0x38, 0x00, 0x00, 0x00, 0x00, 0x00, 0xff, 0xff, 0x56, 0x00, 0x00, 0x00, 0x00, 0x00, 0x00, 0x00, 0x54, 0xd5, 0xff, 0xd5,
  0x6b, 0x0d, 0x00, 0x00, 0x00, 0x00, 0x00, 0x00, 0x43, 0xaf, 0xfc, 0xf2, 0x94, 0x25, 0x00, 0x00, 0x00, 0x00, 0x00, 0x00,
  0x1f, 0x89, 0xec, 0xdb, 0x00, 0x00, 0x00, 0x00, 0x00, 0x00, 0x00, 0x00, 0x08, 0x1c, 0x00, 0x00, 0x61, 0x84, 0x84, 0x84,
  0x84, 0x84, 0x84, 0x61, 0x00, 0x00, 0xd8, 0xff, 0xff, 0xff, 0xff, 0xff, 0xff, 0xd8, 0x00, 0x00, 0x00, 0x00, 0x00, 0x00,
  0x00, 0x00, 0x00, 0x00, 0x00, 0x00, 0x61, 0x84, 0x84, 0x84, 0x84, 0x84, 0x84, 0x61, 0x00, 0x00, 0xda, 0xff, 0xff, 0xff,
  0xff, 0xff, 0xff, 0xd9, 0x00, 0x00, 0x00, 0x00, 0x00, 0x00, 0x00, 0x00, 0x00, 0x00, 0x00, 0x00, 0x00, 0x00, 0x00, 0x00,
  0x00, 0x00, 0x00, 0x00, 0x00, 0x16, 0x57, 0x08, 0x00, 0x00, 0x00, 0x00, 0x00, 0x00, 0x4e, 0xff, 0xec, 0x88, 0x1e, 0x00,
  0x00, 0x00, 0x00, 0x00, 0x2a, 0x96, 0xf3, 0xfc, 0xad, 0x40, 0x00, 0x00, 0x00, 0x00, 0x00, 0x0e, 0x6c, 0xd6, 0xff, 0xd5,
  0x26, 0x00, 0x00, 0x00, 0x00, 0x00, 0x14, 0xba, 0xff, 0x70, 0x00, 0x00, 0x00, 0x34, 0x9f, 0xf7, 0xf7, 0x9f, 0x12, 0x03,
  0x5d, 0xc9, 0xff, 0xe2, 0x79, 0x14, 0x00, 0x00, 0x5b, 0xff, 0xbf, 0x52, 0x03, 0x00, 0x00, 0x00, 0x00, 0x05, 0x1f, 0x00,
  0x00, 0x00, 0x00, 0x00, 0x00, 0x00, 0x00, 0x29, 0x95, 0xda, 0xf7, 0xe7, 0x96, 0x0e, 0x00, 0x00, 0xed, 0xf8, 0xaf, 0x8d,
  0xcb, 0xff, 0xb1, 0x00, 0x00, 0x3a, 0x16, 0x00, 0x00, 0x14, 0xff, 0xf5, 0x00, 0x00, 0x00, 0x00, 0x00, 0x00, 0x54, 0xff,
  0xc6, 0x00, 0x00, 0x00, 0x00, 0x00, 0x32, 0xf3, 0xf1, 0x30, 0x00, 0x00, 0x00, 0x00, 0x0e, 0xe6, 0xe9, 0x2f, 0x00, 0x00,
  0x00, 0x00, 0x00, 0x67, 0xff, 0x39, 0x00, 0x00, 0x00, 0x00, 0x00, 0x00, 0x53, 0xaf, 0x00, 0x00, 0x00, 0x00, 0x00, 0x00,
  0x00, 0x0d, 0x0e, 0x00, 0x00, 0x00, 0x00, 0x00, 0x00, 0x00, 0xe0, 0xe4, 0x00, 0x00, 0x00, 0x00, 0x00, 0x00, 0x00, 0xc5,
  0xc9, 0x00, 0x00, 0x00, 0x00, 0x00, 0x00, 0x00, 0x00, 0x3c, 0xa1, 0xdf, 0xf7, 0xed, 0xcc, 0x78, 0x11, 0x00, 0x00, 0x00,
  0x00, 0x00, 0x07, 0xa0, 0xff, 0xe8, 0xa7, 0x8d, 0x95, 0xbe, 0xfc, 0xe3, 0x35, 0x00, 0x00, 0x00, 0x00, 0xa8, 0xf4, 0x64,
  0x04, 0x00, 0x00, 0x00, 0x00, 0x20, 0xbf, 0xe6, 0x16, 0x00, 0x00, 0x51, 0xfb, 0x3d, 0x00, 0x55, 0xd9, 0xf3, 0x8d, 0x94,
  0x87, 0x0b, 0xd8, 0x84, 0x00, 0x00, 0xbf, 0x92, 0x00, 0x46, 0xfe, 0xf6, 0x96, 0xd5, 0xff, 0x83, 0x00, 0x68, 0xd3, 0x00,
  0x07, 0xfa, 0x34, 0x00, 0xbf, 0xff, 0x66, 0x00, 0x42, 0xff, 0x58, 0x00, 0x39, 0xf2, 0x00, 0x1f, 0xff, 0x0d, 0x00, 0xf4,
  0xff, 0x1d, 0x00, 0x3b, 0xff, 0x2d, 0x00, 0x44, 0xec, 0x00, 0x25, 0xff, 0x07, 0x00, 0xf6, 0xff, 0x07, 0x00, 0x66, 0xff,
  0x07, 0x00, 0x74, 0xc1, 0x00, 0x11, 0xff, 0x25, 0x00, 0xc3, 0xff, 0x57, 0x19, 0xe1, 0xff, 0x2a, 0x2b, 0xe7, 0x5f, 0x00,
  0x00, 0xde, 0x77, 0x00, 0x33, 0xe5, 0xff, 0xed, 0x4d, 0xad, 0xff, 0xfd, 0x91, 0x01, 0x00, 0x00, 0x84, 0xec, 0x1e, 0x00,
  0x02, 0x20, 0x08, 0x00, 0x00, 0x1d, 0x12, 0x00, 0x00, 0x00, 0x00, 0x10, 0xde, 0xde, 0x3e, 0x00, 0x00, 0x00, 0x00, 0x00,
  0x43, 0x80, 0x00, 0x00, 0x00, 0x00, 0x00, 0x25, 0xd7, 0xff, 0xd4, 0x9e, 0x8b, 0xa4, 0xd4, 0xff, 0x9c, 0x00, 0x00, 0x00,
  0x00, 0x00, 0x00, 0x06, 0x67, 0xbc, 0xeb, 0xfb, 0xeb, 0xb4, 0x4e, 0x00, 0x00, 0x00, 0x00, 0x00, 0x00, 0x00, 0x00, 0x12,
  0xd2, 0xc5, 0x0a, 0x00, 0x00, 0x00, 0x00, 0x00, 0x00, 0x00, 0x00, 0x89, 0xec, 0xf7, 0x75, 0x00, 0x00, 0x00, 0x00, 0x00,
  0x00, 0x00, 0x10, 0xf2, 0x87, 0xa0, 0xe7, 0x07, 0x00, 0x00, 0x00, 0x00, 0x00, 0x00, 0x7b, 0xfd, 0x1f, 0x34, 0xff, 0x68,
  0x00, 0x00, 0x00, 0x00, 0x00, 0x0a, 0xea, 0xb1, 0x00, 0x00, 0xc8, 0xde, 0x03, 0x00, 0x00, 0x00, 0x00, 0x6e, 0xff, 0x46,
  0x00, 0x00, 0x5d, 0xff, 0x5b, 0x00, 0x00, 0x00, 0x05, 0xe1, 0xff, 0xa5, 0xa4, 0xa4, 0xab, 0xff, 0xd3, 0x01, 0x00, 0x00,
  0x60, 0xff, 0xff, 0xff, 0xff, 0xff, 0xff, 0xff, 0xff, 0x4e, 0x00, 0x01, 0xd7, 0xf6, 0x0f, 0x00, 0x00, 0x00, 0x00, 0x1f,
  0xfd, 0xc7, 0x00, 0x4f, 0xff, 0xa2, 0x00, 0x00, 0x00, 0x00, 0x00, 0x00, 0xb7, 0xff, 0x3f, 0x66, 0xe9, 0x2f, 0x00, 0x00,
  0x00, 0x00, 0x00, 0x00, 0x3f, 0xeb, 0x5a, 0x00, 0xc5, 0xff, 0xff, 0xff, 0xff, 0xf8, 0xd9, 0x84, 0x08, 0x00, 0x00, 0xff,
  0xff, 0x85, 0x84, 0x84, 0x9a, 0xeb, 0xff, 0xa2, 0x00, 0x00, 0xff, 0xff, 0x04, 0x00, 0x00, 0x00, 0x2c, 0xff, 0xf4, 0x00,
  0x00, 0xff, 0xff, 0x04, 0x00, 0x00, 0x00, 0x2b, 0xff, 0xd8, 0x00, 0x00, 0xff, 0xff, 0x85, 0x84, 0x84, 0x98, 0xe9, 0xef,
  0x42, 0x00, 0x00, 0xff, 0xff, 0xff, 0xff, 0xff, 0xff, 0xff, 0xb9, 0x16, 0x00, 0x00, 0xff, 0xff, 0x04, 0x00, 0x00, 0x13,
  0x8e, 0xff, 0xb0, 0x00, 0x00, 0xff, 0xff, 0x04, 0x00, 0x00, 0x00, 0x11, 0xff, 0xf2, 0x00, 0x00, 0xff, 0xff, 0x04, 0x00,
  0x00, 0x00, 0x34, 0xff, 0xea, 0x00, 0x00, 0xff, 0xff, 0x85, 0x84, 0x84, 0x97, 0xea, 0xff, 0x86, 0x00, 0x00, 0xc7, 0xff,
  0xff, 0xff, 0xff, 0xf3, 0xd0, 0x69, 0x02, 0x00, 0x00, 0x00, 0x00, 0x4f, 0xb7, 0xeb, 0xf9, 0xe2, 0xb0, 0x4e, 0x00, 0x00,
  0x00, 0x91, 0xff, 0xf6, 0xa9, 0x8b, 0xaa, 0xf5, 0xff, 0x18, 0x00, 0x4d, 0xff, 0xe4, 0x23, 0x00, 0x00, 0x00, 0x0f, 0x3b,
  0x00, 0x00, 0xb7, 0xff, 0x60, 0x00, 0x00, 0x00, 0x00, 0x00, 0x00, 0x00, 0x00, 0xeb, 0xff, 0x1b, 0x00, 0x00, 0x00, 0x00,
  0x00, 0x00, 0x00, 0x00, 0xfa, 0xff, 0x09, 0x00, 0x00, 0x00, 0x00, 0x00, 0x00, 0x00, 0x00, 0xe7, 0xff, 0x1b, 0x00, 0x00,
  0x00, 0x00, 0x00, 0x00, 0x00, 0x00, 0xb4, 0xff, 0x5f, 0x00, 0x00, 0x00, 0x00, 0x00, 0x00, 0x00, 0x00, 0x4d, 0xff, 0xe2,
  0x20, 0x00, 0x00, 0x00, 0x0c, 0x37, 0x00, 0x00, 0x00, 0x8e, 0xff, 0xf4, 0xa7, 0x8b, 0xa4, 0xf1, 0xff, 0x20, 0x00, 0x00,
  0x00, 0x4e, 0xb5, 0xe7, 0xf9, 0xe2, 0xb1, 0x4b, 0x00, 0x00, 0xc6, 0xff, 0xff, 0xff, 0xf9, 0xe2, 0xa9, 0x3e, 0x00, 0x00,
  0x00, 0x00, 0xff, 0xff, 0x85, 0x84, 0x95, 0xbc, 0xfd, 0xff, 0x81, 0x00, 0x00, 0x00, 0xff, 0xff, 0x04, 0x00, 0x00, 0x00,
  0x36, 0xe7, 0xff, 0x4b, 0x00, 0x00, 0xff, 0xff, 0x04, 0x00, 0x00, 0x00, 0x00, 0x5e, 0xff, 0xb8, 0x00, 0x00, 0xff, 0xff,
  0x04, 0x00, 0x00, 0x00, 0x00, 0x17, 0xff, 0xee, 0x00, 0x00, 0xff, 0xff, 0x04, 0x00, 0x00, 0x00, 0x00, 0x06, 0xff, 0xfe,
  0x00, 0x00, 0xff, 0xff, 0x04, 0x00, 0x00, 0x00, 0x00, 0x25, 0xff, 0xed, 0x00, 0x00, 0xff, 0xff, 0x04, 0x00, 0x00, 0x00,
  0x00, 0x5e, 0xff, 0xb6, 0x00, 0x00, 0xff, 0xff, 0x04, 0x00, 0x00, 0x00, 0x27, 0xe5, 0xff, 0x47, 0x00, 0x00, 0xff, 0xff,
  0x85, 0x84, 0x8b, 0xb4, 0xfa, 0xfe, 0x7e, 0x00, 0x00, 0x00, 0xc7, 0xff, 0xff, 0xff, 0xfa, 0xe3, 0xa9, 0x3c, 0x00, 0x00,
  0x00, 0x00, 0xc5, 0xff, 0xff, 0xff, 0xff, 0xff, 0xfe, 0x80, 0x00, 0xff, 0xff, 0x85, 0x84, 0x84, 0x84, 0x83, 0x33, 0x00,
  0xff, 0xff, 0x04, 0x00, 0x00, 0x00, 0x00, 0x00, 0x00, 0xff, 0xff, 0x04, 0x00, 0x00, 0x00, 0x00, 0x00, 0x00, 0xff, 0xff,
  0x85, 0x84, 0x84, 0x84, 0x79, 0x0e, 0x00, 0xff, 0xff, 0xff, 0xff, 0xff, 0xff, 0xf6, 0x31, 0x00, 0xff, 0xff, 0x04, 0x00,
  0x00, 0x00, 0x00, 0x00, 0x00, 0xff, 0xff, 0x04, 0x00, 0x00, 0x00, 0x00, 0x00, 0x00, 0xff, 0xff, 0x04, 0x00, 0x00, 0x00,
  0x00, 0x00, 0x00, 0xff, 0xff, 0x85, 0x84, 0x84, 0x84, 0x82, 0x31, 0x00, 0xc6, 0xff, 0xff, 0xff, 0xff, 0xff, 0xff, 0x81,
  0x00, 0xc8, 0xff, 0xff, 0xff, 0xff, 0xff, 0xfa, 0x51, 0x00, 0xff, 0xff, 0x85, 0x84, 0x84, 0x84, 0x7e, 0x1c, 0x00, 0xff,
  0xff, 0x04, 0x00, 0x00, 0x00, 0x00, 0x00, 0x00, 0xff, 0xff, 0x04, 0x00, 0x00, 0x00, 0x00, 0x00, 0x00, 0xff, 0xff, 0x85,
  0x84, 0x84, 0x84, 0x6d, 0x00, 0x00, 0xff, 0xff, 0xff, 0xff, 0xff, 0xff, 0xe9, 0x0c, 0x00, 0xff, 0xff, 0x04, 0x00, 0x00,
  0x00, 0x00, 0x00, 0x00, 0xff, 0xff, 0x04, 0x00, 0x00, 0x00, 0x00, 0x00, 0x00, 0xff, 0xff, 0x04, 0x00, 0x00, 0x00, 0x00,
  0x00, 0x00, 0xff, 0xff, 0x03, 0x00, 0x00, 0x00, 0x00, 0x00, 0x00, 0xca, 0xd0, 0x00, 0x00, 0x00, 0x00, 0x00, 0x00, 0x00,
  0x00, 0x00, 0x42, 0xae, 0xe6, 0xfa, 0xe8, 0xc3, 0x6e, 0x0d, 0x00, 0x00, 0x00, 0x81, 0xff, 0xf8, 0xae, 0x8b, 0xa0, 0xde,
  0xff, 0x77, 0x00, 0x00, 0x45, 0xff, 0xe7, 0x28, 0x00, 0x00, 0x00, 0x02, 0x3a, 0x0c, 0x00, 0x00, 0xb2, 0xff, 0x64, 0x00,
  0x00, 0x00, 0x00, 0x00, 0x00, 0x00, 0x00, 0x00, 0xea, 0xff, 0x1d, 0x00, 0x00, 0x2a, 0x81, 0x84, 0x84, 0x53, 0x00, 0x00,
  0xfa, 0xff, 0x0a, 0x00, 0x00, 0x6e, 0xfd, 0xff, 0xff, 0xfd, 0x00, 0x00, 0xe5, 0xff, 0x26, 0x00, 0x00, 0x00, 0x00, 0x04,
  0xff, 0xff, 0x00, 0x00, 0xad, 0xff, 0x6a, 0x00, 0x00, 0x00, 0x00, 0x04, 0xff, 0xff, 0x00, 0x00, 0x3e, 0xfd, 0xea, 0x31,
  0x00, 0x00, 0x00, 0x04, 0xff, 0xff, 0x00, 0x00, 0x00, 0x70, 0xfc, 0xfc, 0xb8, 0x91, 0x96, 0xc9, 0xff, 0xf5, 0x00, 0x00,
  0x00, 0x00, 0x35, 0x9e, 0xdd, 0xf6, 0xf3, 0xd9, 0xa0, 0x43, 0x00, 0x00, 0xc5, 0xc9, 0x00, 0x00, 0x00, 0x00, 0x00, 0x00,
  0xc4, 0xcb, 0x00, 0x00, 0xff, 0xff, 0x04, 0x00, 0x00, 0x00, 0x00, 0x04, 0xff, 0xff, 0x00, 0x00, 0xff, 0xff, 0x04, 0x00,
  0x00, 0x00, 0x00, 0x04, 0xff, 0xff, 0x00, 0x00, 0xff, 0xff, 0x04, 0x00, 0x00, 0x00, 0x00, 0x04, 0xff, 0xff, 0x00, 0x00,
  0xff, 0xff, 0x85, 0x84, 0x84, 0x84, 0x84, 0x85, 0xff, 0xff, 0x00, 0x00, 0xff, 0xff, 0xff, 0xff, 0xff, 0xff, 0xff, 0xff,
  0xff, 0xff, 0x00, 0x00, 0xff, 0xff, 0x04, 0x00, 0x00, 0x00, 0x00, 0x04, 0xff, 0xff, 0x00, 0x00, 0xff, 0xff, 0x04, 0x00,
  0x00, 0x00, 0x00, 0x04, 0xff, 0xff, 0x00, 0x00, 0xff, 0xff, 0x04, 0x00, 0x00, 0x00, 0x00, 0x04, 0xff, 0xff, 0x00, 0x00,
  0xff, 0xff, 0x03, 0x00, 0x00, 0x00, 0x00, 0x03, 0xff, 0xff, 0x00, 0x00, 0xc5, 0xc6, 0x00, 0x00, 0x00, 0x00, 0x00, 0x00,
  0xc7, 0xcb, 0x00, 0x00, 0xc5, 0xcf, 0x00, 0x00, 0xff, 0xff, 0x03, 0x00, 0xff, 0xff, 0x04, 0x00, 0xff, 0xff, 0x04, 0x00,
  0xff, 0xff, 0x04, 0x00, 0xff, 0xff, 0x04, 0x00, 0xff, 0xff, 0x04, 0x00, 0xff, 0xff, 0x04, 0x00, 0xff, 0xff, 0x04, 0x00,
  0xff, 0xff, 0x03, 0x00, 0xc5, 0xc9, 0x00, 0x00, 0x00, 0x00, 0xc5, 0xcf, 0x00, 0x00, 0x00, 0x00, 0xff, 0xff, 0x04, 0x00,
  0x00, 0x00, 0xff, 0xff, 0x04, 0x00, 0x00, 0x00, 0xff, 0xff, 0x04, 0x00, 0x00, 0x00, 0xff, 0xff, 0x04, 0x00, 0x00, 0x00,
  0xff, 0xff, 0x04, 0x00, 0x00, 0x00, 0xff, 0xff, 0x04, 0x00, 0x00, 0x00, 0xff, 0xff, 0x03, 0x00, 0x00, 0x17, 0xff, 0xf4,
  0x00, 0x22, 0x84, 0xcb, 0xff, 0xaa, 0x00, 0x52, 0xf8, 0xf1, 0xa7, 0x13, 0x00, 0x00, 0xbf, 0xc9, 0x00, 0x00, 0x00, 0x00,
  0x5f, 0xee, 0x68, 0x00, 0xff, 0xff, 0x04, 0x00, 0x00, 0x6d, 0xfe, 0xe6, 0x23, 0x00, 0xff, 0xff, 0x04, 0x00, 0x78, 0xff,
  0xde, 0x22, 0x00, 0x00, 0xff, 0xff, 0x04, 0x83, 0xff, 0xd5, 0x1a, 0x00, 0x00, 0x00, 0xff, 0xff, 0x92, 0xff, 0xcc, 0x14,
  0x00, 0x00, 0x00, 0x00, 0xff, 0xff, 0xfe, 0xff, 0x54, 0x00, 0x00, 0x00, 0x00, 0x00, 0xff, 0xff, 0x63, 0xfc, 0xf8, 0x4c,
  0x00, 0x00, 0x00, 0x00, 0xff, 0xff, 0x04, 0x54, 0xf9, 0xfa, 0x53, 0x00, 0x00, 0x00, 0xff, 0xff, 0x04, 0x00, 0x49, 0xf6,
  0xfb, 0x59, 0x00, 0x00, 0xff, 0xff, 0x03, 0x00, 0x00, 0x3f, 0xf2, 0xfd, 0x5c, 0x00, 0xc5, 0xc9, 0x00, 0x00, 0x00, 0x00,
  0x34, 0xe0, 0x9f, 0x00, 0xbf, 0xc9, 0x00, 0x00, 0x00, 0x00, 0x00, 0x00, 0x00, 0xff, 0xff, 0x04, 0x00, 0x00, 0x00, 0x00,
  0x00, 0x00, 0xff, 0xff, 0x04, 0x00, 0x00, 0x00, 0x00, 0x00, 0x00, 0xff, 0xff, 0x04, 0x00, 0x00, 0x00, 0x00, 0x00, 0x00,
  0xff, 0xff, 0x04, 0x00, 0x00, 0x00, 0x00, 0x00, 0x00, 0xff, 0xff, 0x04, 0x00, 0x00, 0x00, 0x00, 0x00, 0x00, 0xff, 0xff,
  0x04, 0x00, 0x00, 0x00, 0x00, 0x00, 0x00, 0xff, 0xff, 0x04, 0x00, 0x00, 0x00, 0x00, 0x00, 0x00, 0xff, 0xff, 0x04, 0x00,
  0x00, 0x00, 0x00, 0x00, 0x00, 0xff, 0xff, 0xc1, 0xc0, 0xc0, 0xc0, 0xba, 0x3a, 0x00, 0xcb, 0xff, 0xff, 0xff, 0xff, 0xff,
  0xfa, 0x5b, 0x00, 0xc6, 0xbe, 0x03, 0x00, 0x00, 0x00, 0x00, 0x00, 0x02, 0xb7, 0xc8, 0x00, 0x00, 0xff, 0xff, 0x66, 0x00,
  0x00, 0x00, 0x00, 0x00, 0x5f, 0xff, 0xff, 0x00, 0x00, 0xff, 0xff, 0xe6, 0x0b, 0x00, 0x00, 0x00, 0x08, 0xe2, 0xff, 0xff,
  0x00, 0x00, 0xff, 0xff, 0xff, 0x7e, 0x00, 0x00, 0x00, 0x77, 0xfe, 0xff, 0xff, 0x00, 0x00, 0xff, 0xff, 0xa3, 0xf3, 0x17,
  0x00, 0x13, 0xf0, 0x97, 0xff, 0xff, 0x00, 0x00, 0xff, 0xff, 0x22, 0xf8, 0x97, 0x00, 0x90, 0xf4, 0x1b, 0xff, 0xff, 0x00,
  0x00, 0xff, 0xff, 0x04, 0x8d, 0xfb, 0x4a, 0xf9, 0x83, 0x04, 0xff, 0xff, 0x00, 0x00, 0xff, 0xff, 0x04, 0x13, 0xf1, 0xff,
  0xec, 0x0e, 0x04, 0xff, 0xff, 0x00, 0x00, 0xff, 0xff, 0x04, 0x00, 0x7a, 0xff, 0x72, 0x00, 0x04, 0xff, 0xff, 0x00, 0x00,
  0xff, 0xff, 0x04, 0x00, 0x04, 0x4a, 0x03, 0x00, 0x04, 0xff, 0xff, 0x00, 0x00, 0xca, 0xcd, 0x00, 0x00, 0x00, 0x00, 0x00,
  0x00, 0x00, 0xcd, 0xca, 0x00, 0x00, 0xc8, 0xc9, 0x13, 0x00, 0x00, 0x00, 0x00, 0x00, 0xca, 0xc8, 0x00, 0x00, 0xff, 0xff,
  0xc1, 0x06, 0x00, 0x00, 0x00, 0x04, 0xff, 0xff, 0x00, 0x00, 0xff, 0xff, 0xff, 0xa0, 0x00, 0x00, 0x00, 0x04, 0xff, 0xff,
  0x00, 0x00, 0xff, 0xff, 0xd2, 0xff, 0x7a, 0x00, 0x00, 0x04, 0xff, 0xff, 0x00, 0x00, 0xff, 0xff, 0x1f, 0xe5, 0xfe, 0x55,
  0x00, 0x04, 0xff, 0xff, 0x00, 0x00, 0xff, 0xff, 0x04, 0x32, 0xf5, 0xf6, 0x36, 0x04, 0xff, 0xff, 0x00, 0x00, 0xff, 0xff,
  0x04, 0x00, 0x51, 0xfe, 0xe8, 0x22, 0xff, 0xff, 0x00, 0x00, 0xff, 0xff, 0x04, 0x00, 0x00, 0x76, 0xff, 0xd6, 0xff, 0xff,
  0x00, 0x00, 0xff, 0xff, 0x04, 0x00, 0x00, 0x00, 0x9d, 0xff, 0xff, 0xff, 0x00, 0x00, 0xff, 0xff, 0x04, 0x00, 0x00, 0x00,
  0x05, 0xbf, 0xff, 0xff, 0x00, 0x00, 0xc9, 0xcc, 0x00, 0x00, 0x00, 0x00, 0x00, 0x11, 0xc7, 0xca, 0x00, 0x00, 0x00, 0x00,
  0x3b, 0xac, 0xe8, 0xf9, 0xe3, 0xa8, 0x39, 0x00, 0x00, 0x00, 0x00, 0x00, 0x73, 0xfe, 0xf7, 0xaa, 0x8a, 0xa7, 0xf5, 0xfd,
  0x6f, 0x00, 0x00, 0x00, 0x3b, 0xfe, 0xe7, 0x27, 0x00, 0x00, 0x00, 0x23, 0xe9, 0xfd, 0x39, 0x00, 0x00, 0xad, 0xff, 0x64,
  0x00, 0x00, 0x00, 0x00, 0x00, 0x6c, 0xff, 0xa9, 0x00, 0x00, 0xe8, 0xff, 0x1d, 0x00, 0x00, 0x00, 0x00, 0x00, 0x27, 0xff,
  0xe4, 0x00, 0x00, 0xfa, 0xff, 0x0b, 0x00, 0x00, 0x00, 0x00, 0x00, 0x0b, 0xff, 0xf9, 0x00, 0x00, 0xe5, 0xff, 0x26, 0x00,
  0x00, 0x00, 0x00, 0x00, 0x1e, 0xff, 0xe6, 0x00, 0x00, 0xab, 0xff, 0x6c, 0x00, 0x00, 0x00, 0x00, 0x00, 0x68, 0xff, 0xa8,
  0x00, 0x00, 0x3c, 0xfd, 0xe9, 0x22, 0x00, 0x00, 0x00, 0x27, 0xe8, 0xfd, 0x36, 0x00, 0x00, 0x00, 0x71, 0xfd, 0xf5, 0xa5,
  0x89, 0xa9, 0xf6, 0xfe, 0x6f, 0x00, 0x00, 0x00, 0x00, 0x00, 0x3c, 0xaa, 0xe5, 0xfa, 0xe9, 0xaf, 0x3c, 0x00, 0x00, 0x00,
  0x00, 0xc9, 0xff, 0xff, 0xff, 0xff, 0xf0, 0xcb, 0x61, 0x01, 0x00, 0x00, 0xff, 0xff, 0x85, 0x84, 0x85, 0xa0, 0xf2, 0xff,
  0x7e, 0x00, 0x00, 0xff, 0xff, 0x04, 0x00, 0x00, 0x00, 0x3d, 0xff, 0xe6, 0x00, 0x00, 0xff, 0xff, 0x04, 0x00, 0x00, 0x00,
  0x13, 0xff, 0xf8, 0x00, 0x00, 0xff, 0xff, 0x04, 0x00, 0x01, 0x1c, 0x9e, 0xff, 0xc0, 0x00, 0x00, 0xff, 0xff, 0xff, 0xff,
  0xff, 0xff, 0xff, 0xdd, 0x2b, 0x00, 0x00, 0xff, 0xff, 0x85, 0x84, 0x83, 0x73, 0x4e, 0x04, 0x00, 0x00, 0x00, 0xff, 0xff,
  0x04, 0x00, 0x00, 0x00, 0x00, 0x00, 0x00, 0x00, 0x00, 0xff, 0xff, 0x04, 0x00, 0x00, 0x00, 0x00, 0x00, 0x00, 0x00, 0x00,
  0xff, 0xff, 0x03, 0x00, 0x00, 0x00, 0x00, 0x00, 0x00, 0x00, 0x00, 0xc5, 0xc5, 0x00, 0x00, 0x00, 0x00, 0x00, 0x00, 0x00,
  0x00, 0x00, 0x00, 0x00, 0x3b, 0xac, 0xe8, 0xf9, 0xe3, 0xa8, 0x39, 0x00, 0x00, 0x00, 0x00, 0x00, 0x73, 0xfe, 0xf7, 0xaa,
  0x8a, 0xa7, 0xf5, 0xfd, 0x6f, 0x00, 0x00, 0x00, 0x3b, 0xfe, 0xe7, 0x27, 0x00, 0x00, 0x00, 0x23, 0xe9, 0xfd, 0x39, 0x00,
  0x00, 0xad, 0xff, 0x64, 0x00, 0x00, 0x00, 0x00, 0x00, 0x6c, 0xff, 0xa9, 0x00, 0x00, 0xe8, 0xff, 0x1d, 0x00, 0x00, 0x00,
  0x00, 0x00, 0x27, 0xff, 0xe4, 0x00, 0x00, 0xfa, 0xff, 0x0b, 0x00, 0x00, 0x00, 0x00, 0x00, 0x0b, 0xff, 0xf9, 0x00, 0x00,
  0xe5, 0xff, 0x26, 0x00, 0x00, 0x00, 0x00, 0x00, 0x1e, 0xff, 0xe6, 0x00, 0x00, 0xab, 0xff, 0x6c, 0x00, 0x00, 0x00, 0x00,
  0x00, 0x68, 0xff, 0xa8, 0x00, 0x00, 0x3c, 0xfd, 0xe9, 0x22, 0x00, 0x00, 0x00, 0x27, 0xe8, 0xfd, 0x36, 0x00, 0x00, 0x00,
  0x71, 0xfd, 0xf5, 0xa5, 0x89, 0xa9, 0xf6, 0xfe, 0x6f, 0x00, 0x00, 0x00, 0x00, 0x00, 0x3c, 0xaa, 0xe5, 0xff, 0xff, 0xff,
  0x6d, 0x00, 0x00, 0x00, 0x00, 0x00, 0x00, 0x00, 0x00, 0x00, 0x06, 0x4b, 0xf1, 0xf8, 0x32, 0x00, 0x00, 0x00, 0x00, 0x00,
  0x00, 0x00, 0x00, 0x00, 0x00, 0x6c, 0xff, 0xce, 0x01, 0x00, 0x00, 0x00, 0x00, 0x00, 0x00, 0x00, 0x00, 0x00, 0x02, 0xbc,
  0xe3, 0x08, 0x00, 0x00, 0x00, 0x00, 0x00, 0x00, 0x00, 0x00, 0x00, 0x00, 0x00, 0x03, 0x00, 0x00, 0x00, 0xc9, 0xff, 0xff,
  0xff, 0xff, 0xed, 0xc3, 0x47, 0x00, 0x00, 0x00, 0xff, 0xff, 0x85, 0x84, 0x86, 0xab, 0xfc, 0xff, 0x59, 0x00, 0x00, 0xff,
  0xff, 0x04, 0x00, 0x00, 0x00, 0x5f, 0xff, 0xd1, 0x00, 0x00, 0xff, 0xff, 0x04, 0x00, 0x00, 0x00, 0x10, 0xff, 0xf9, 0x00,
  0x00, 0xff, 0xff, 0x04, 0x00, 0x00, 0x00, 0x25, 0xff, 0xea, 0x00, 0x00, 0xff, 0xff, 0x04, 0x00, 0x02, 0x24, 0xb9, 0xff,
  0xa0, 0x00, 0x00, 0xff, 0xff, 0xff, 0xff, 0xff, 0xff, 0xff, 0xf1, 0x15, 0x00, 0x00, 0xff, 0xff, 0x85, 0x86, 0xa8, 0xff,
  0xff, 0xc7, 0x00, 0x00, 0x00, 0xff, 0xff, 0x04, 0x00, 0x00, 0x6a, 0xff, 0xff, 0x4d, 0x00, 0x00, 0xff, 0xff, 0x04, 0x00,
  0x00, 0x00, 0xb0, 0xff, 0xcf, 0x00, 0x00, 0xc5, 0xd5, 0x00, 0x00, 0x00, 0x00, 0x13, 0xce, 0xde, 0x03, 0x00, 0x00, 0x33,
  0xaa, 0xdf, 0xf7, 0xdd, 0xa8, 0x42, 0x00, 0x00, 0x00, 0x46, 0xfb, 0xf8, 0xa9, 0x8d, 0xaa, 0xf2, 0xfe, 0x17, 0x00, 0x00,
  0xda, 0xff, 0x3c, 0x00, 0x00, 0x00, 0x0a, 0x35, 0x00, 0x00, 0x00, 0xf4, 0xff, 0x21, 0x00, 0x00, 0x00, 0x00, 0x00, 0x00,
  0x00, 0x00, 0xb6, 0xff, 0xe7, 0x8e, 0x56, 0x24, 0x00, 0x00, 0x00, 0x00, 0x00, 0x1a, 0xb9, 0xff, 0xff, 0xff, 0xff, 0xe0,
  0x7c, 0x07, 0x00, 0x00, 0x00, 0x00, 0x1f, 0x62, 0x94, 0xca, 0xfe, 0xff, 0x9a, 0x00, 0x00, 0x00, 0x00, 0x00, 0x00, 0x00,
  0x00, 0x42, 0xff, 0xf0, 0x00, 0x00, 0x33, 0x45, 0x01, 0x00, 0x00, 0x00, 0x2f, 0xff, 0xe0, 0x00, 0x00, 0xaf, 0xff, 0xde,
  0xa2, 0x8a, 0x9e, 0xee, 0xff, 0x62, 0x00, 0x00, 0x14, 0x7f, 0xc8, 0xf0, 0xfa, 0xe2, 0xb6, 0x47, 0x00, 0x00, 0xd1, 0xff,
  0xff, 0xff, 0xff, 0xff, 0xff, 0xff, 0xff, 0xd0, 0x59, 0x84, 0x84, 0x84, 0xff, 0xff, 0x85, 0x84, 0x84, 0x59, 0x00, 0x00,
  0x00, 0x00, 0xff, 0xff, 0x04, 0x00, 0x00, 0x00, 0x00, 0x00, 0x00, 0x00, 0xff, 0xff, 0x04, 0x00, 0x00, 0x00, 0x00, 0x00,
  0x00, 0x00, 0xff, 0xff, 0x04, 0x00, 0x00, 0x00, 0x00, 0x00, 0x00, 0x00, 0xff, 0xff, 0x04, 0x00, 0x00, 0x00, 0x00, 0x00,
  0x00, 0x00, 0xff, 0xff, 0x04, 0x00, 0x00, 0x00, 0x00, 0x00, 0x00, 0x00, 0xff, 0xff, 0x04, 0x00, 0x00, 0x00, 0x00, 0x00,
  0x00, 0x00, 0xff, 0xff, 0x04, 0x00, 0x00, 0x00, 0x00, 0x00, 0x00, 0x00, 0xff, 0xff, 0x03, 0x00, 0x00, 0x00, 0x00, 0x00,
  0x00, 0x00, 0xc5, 0xc9, 0x00, 0x00, 0x00, 0x00, 0x00, 0xc7, 0xc9, 0x00, 0x00, 0x00, 0x00, 0x00, 0xc5, 0xca, 0x00, 0x00,
  0xff, 0xff, 0x03, 0x00, 0x00, 0x00, 0x00, 0xff, 0xff, 0x04, 0x00, 0xff, 0xff, 0x04, 0x00, 0x00, 0x00, 0x00, 0xff, 0xff,
  0x04, 0x00, 0xff, 0xff, 0x04, 0x00, 0x00, 0x00, 0x00, 0xff, 0xff, 0x04, 0x00, 0xff, 0xff, 0x04, 0x00, 0x00, 0x00, 0x00,
  0xff, 0xff, 0x04, 0x00, 0xff, 0xff, 0x04, 0x00, 0x00, 0x00, 0x00, 0xff, 0xff, 0x04, 0x00, 0xfd, 0xff, 0x07, 0x00, 0x00,
  0x00, 0x03, 0xff, 0xfe, 0x02, 0x00, 0xe9, 0xff, 0x23, 0x00, 0x00, 0x00, 0x20, 0xff, 0xe9, 0x00, 0x00, 0xaa, 0xff, 0x8d,
  0x00, 0x00, 0x00, 0x89, 0xff, 0xa8, 0x00, 0x00, 0x2b, 0xf4, 0xff, 0xbd, 0x8e, 0xba, 0xff, 0xf4, 0x29, 0x00, 0x00, 0x00,
  0x2b, 0xaa, 0xea, 0xfb, 0xe8, 0xa9, 0x2a, 0x00, 0x00, 0x8d, 0xe5, 0x25, 0x00, 0x00, 0x00, 0x00, 0x00, 0x00, 0x92, 0xe5,
  0x10, 0x88, 0xff, 0xa1, 0x00, 0x00, 0x00, 0x00, 0x00, 0x26, 0xfe, 0xeb, 0x06, 0x19, 0xf8, 0xfa, 0x1a, 0x00, 0x00, 0x00,
  0x00, 0x99, 0xff, 0x7d, 0x00, 0x00, 0x9a, 0xff, 0x89, 0x00, 0x00, 0x00, 0x15, 0xf7, 0xf3, 0x11, 0x00, 0x00, 0x25, 0xfd,
  0xf0, 0x0d, 0x00, 0x00, 0x80, 0xff, 0x8c, 0x00, 0x00, 0x00, 0x00, 0xab, 0xff, 0x71, 0x00, 0x08, 0xea, 0xf9, 0x1b, 0x00,
  0x00, 0x00, 0x00, 0x33, 0xff, 0xe0, 0x04, 0x67, 0xff, 0x9c, 0x00, 0x00, 0x00, 0x00, 0x00, 0x00, 0xbc, 0xff, 0x5a, 0xd8,
  0xfd, 0x26, 0x00, 0x00, 0x00, 0x00, 0x00, 0x00, 0x44, 0xff, 0xff, 0xff, 0xac, 0x00, 0x00, 0x00, 0x00, 0x00, 0x00, 0x00,
  0x00, 0xcc, 0xff, 0xff, 0x34, 0x00, 0x00, 0x00, 0x00, 0x00, 0x00, 0x00, 0x00, 0x40, 0xec, 0x9b, 0x00, 0x00, 0x00, 0x00,
  0x00, 0x32, 0xf0, 0x77, 0x00, 0x00, 0x00, 0x00, 0x04, 0xc6, 0xb5, 0x00, 0x00, 0x00, 0x00, 0x00, 0x83, 0xe9, 0x15, 0x23,
  0xff, 0xed, 0x05, 0x00, 0x00, 0x00, 0x4d, 0xff, 0xff, 0x35, 0x00, 0x00, 0x00, 0x0b, 0xf4, 0xf1, 0x09, 0x00, 0xc5, 0xff,
  0x4d, 0x00, 0x00, 0x00, 0xac, 0xff, 0xff, 0x90, 0x00, 0x00, 0x00, 0x5d, 0xff, 0x9b, 0x00, 0x00, 0x66, 0xff, 0xa7, 0x00,
  0x00, 0x12, 0xf9, 0xcd, 0xec, 0xe8, 0x03, 0x00, 0x00, 0xba, 0xff, 0x3b, 0x00, 0x00, 0x0f, 0xf7, 0xf5, 0x0c, 0x00, 0x6a,
  0xff, 0x68, 0x94, 0xff, 0x48, 0x00, 0x18, 0xfc, 0xdb, 0x00, 0x00, 0x00, 0x00, 0xa8, 0xff, 0x5c, 0x00, 0xc9, 0xf8, 0x11,
  0x36, 0xff, 0xa3, 0x00, 0x72, 0xff, 0x7c, 0x00, 0x00, 0x00, 0x00, 0x4a, 0xff, 0xb6, 0x27, 0xff, 0xa9, 0x00, 0x00, 0xd7,
  0xf4, 0x0b, 0xce, 0xfe, 0x1f, 0x00, 0x00, 0x00, 0x00, 0x03, 0xe7, 0xfb, 0x9b, 0xff, 0x4a, 0x00, 0x00, 0x79, 0xff, 0x84,
  0xff, 0xbd, 0x00, 0x00, 0x00, 0x00, 0x00, 0x00, 0x8c, 0xff, 0xff, 0xe6, 0x03, 0x00, 0x00, 0x1d, 0xfd, 0xff, 0xff, 0x5e,
  0x00, 0x00, 0x00, 0x00, 0x00, 0x00, 0x2d, 0xff, 0xff, 0x8a, 0x00, 0x00, 0x00, 0x00, 0xbd, 0xff, 0xf3, 0x0b, 0x00, 0x00,
  0x00, 0x00, 0x00, 0x00, 0x00, 0xa8, 0xe5, 0x1f, 0x00, 0x00, 0x00, 0x00, 0x44, 0xed, 0x7d, 0x00, 0x00, 0x00, 0x00, 0x11,
  0xe2, 0xa2, 0x01, 0x00, 0x00, 0x00, 0x14, 0xcc, 0xbe, 0x00, 0x05, 0xce, 0xff, 0x7c, 0x00, 0x00, 0x02, 0xb8, 0xff, 0x9a,
  0x00, 0x00, 0x21, 0xed, 0xfd, 0x43, 0x00, 0x7e, 0xff, 0xcd, 0x08, 0x00, 0x00, 0x00, 0x48, 0xfd, 0xea, 0x5e, 0xfd, 0xec,
  0x1f, 0x00, 0x00, 0x00, 0x00, 0x00, 0x7e, 0xff, 0xff, 0xfd, 0x45, 0x00, 0x00, 0x00, 0x00, 0x00, 0x00, 0x0c, 0xff, 0xff,
  0xe4, 0x00, 0x00, 0x00, 0x00, 0x00, 0x00, 0x00, 0xa5, 0xff, 0xff, 0xff, 0x68, 0x00, 0x00, 0x00, 0x00, 0x00, 0x70, 0xff,
  0xd7, 0x36, 0xf4, 0xf9, 0x37, 0x00, 0x00, 0x00, 0x3e, 0xfb, 0xf4, 0x2a, 0x00, 0x5c, 0xff, 0xe4, 0x16, 0x00, 0x17, 0xe8,
  0xff, 0x5b, 0x00, 0x00, 0x00, 0x98, 0xff, 0xbe, 0x01, 0x31, 0xec, 0x87, 0x00, 0x00, 0x00, 0x00, 0x07, 0xb8, 0xda, 0x07,
  0x6d, 0xea, 0x45, 0x00, 0x00, 0x00, 0x00, 0x45, 0xea, 0x55, 0x4c, 0xff, 0xed, 0x1d, 0x00, 0x00, 0x1a, 0xec, 0xfa, 0x2d,
  0x00, 0x93, 0xff, 0xc4, 0x04, 0x02, 0xbc, 0xff, 0x77, 0x00, 0x00, 0x07, 0xcd, 0xff, 0x86, 0x78, 0xff, 0xbf, 0x02, 0x00,
  0x00, 0x00, 0x23, 0xf1, 0xff, 0xff, 0xee, 0x1c, 0x00, 0x00, 0x00, 0x00, 0x00, 0x56, 0xff, 0xff, 0x57, 0x00, 0x00, 0x00,
  0x00, 0x00, 0x00, 0x00, 0xff, 0xff, 0x04, 0x00, 0x00, 0x00, 0x00, 0x00, 0x00, 0x00, 0xff, 0xff, 0x04, 0x00, 0x00, 0x00,
  0x00, 0x00, 0x00, 0x00, 0xff, 0xff, 0x04, 0x00, 0x00, 0x00, 0x00, 0x00, 0x00, 0x00, 0xff, 0xff, 0x03, 0x00, 0x00, 0x00,
  0x00, 0x00, 0x00, 0x00, 0xc5, 0xd1, 0x00, 0x00, 0x00, 0x00, 0x00, 0xd0, 0xff, 0xff, 0xff, 0xff, 0xff, 0xff, 0xfa, 0x65,
  0x00, 0x00, 0x5a, 0x84, 0x84, 0x84, 0x84, 0x86, 0xff, 0xff, 0x61, 0x00, 0x00, 0x00, 0x00, 0x00, 0x00, 0x00, 0x80, 0xff,
  0xbb, 0x02, 0x00, 0x00, 0x00, 0x00, 0x00, 0x00, 0x42, 0xfd, 0xe6, 0x16, 0x00, 0x00, 0x00, 0x00, 0x00, 0x00, 0x17, 0xe7,
  0xfc, 0x40, 0x00, 0x00, 0x00, 0x00, 0x00, 0x00, 0x02, 0xbc, 0xff, 0x7d, 0x00, 0x00, 0x00, 0x00, 0x00, 0x00, 0x00, 0x7f,
  0xff, 0xbb, 0x02, 0x00, 0x00, 0x00, 0x00, 0x00, 0x00, 0x41, 0xfd, 0xe6, 0x16, 0x00, 0x00, 0x00, 0x00, 0x00, 0x00, 0x17,
  0xe7, 0xfc, 0x40, 0x00, 0x00, 0x00, 0x00, 0x00, 0x00, 0x00, 0xa4, 0xff, 0xf6, 0x84, 0x84, 0x84, 0x84, 0x84, 0x58, 0x00,
  0x00, 0xa3, 0xfe, 0xff, 0xff, 0xff, 0xff, 0xff, 0xff, 0xce, 0x00, 0x00, 0x00, 0xce, 0xff, 0xff, 0xbb, 0x00, 0x00, 0xff,
  0xff, 0x85, 0x51, 0x00, 0x00, 0xff, 0xff, 0x04, 0x00, 0x00, 0x00, 0xff, 0xff, 0x04, 0x00, 0x00, 0x00, 0xff, 0xff, 0x04,
  0x00, 0x00, 0x00, 0xff, 0xff, 0x04, 0x00, 0x00, 0x00, 0xff, 0xff, 0x04, 0x00, 0x00, 0x00, 0xff, 0xff, 0x04, 0x00, 0x00,
  0x00, 0xff, 0xff, 0x04, 0x00, 0x00, 0x00, 0xff, 0xff, 0x04, 0x00, 0x00, 0x00, 0xff, 0xff, 0x04, 0x00, 0x00, 0x00, 0xff,
  0xff, 0x04, 0x00, 0x00, 0x00, 0xff, 0xff, 0x85, 0x51, 0x00, 0x00, 0xcd, 0xff, 0xff, 0xbb, 0x0d, 0xe4, 0x4d, 0x00, 0x00,
  0x00, 0x00, 0x03, 0xec, 0xb3, 0x00, 0x00, 0x00, 0x00, 0x00, 0x9d, 0xf8, 0x0d, 0x00, 0x00, 0x00, 0x00, 0x4b, 0xff, 0x59,
  0x00, 0x00, 0x00, 0x00, 0x06, 0xf1, 0xad, 0x00, 0x00, 0x00, 0x00, 0x00, 0xa5, 0xf5, 0x0a, 0x00, 0x00, 0x00, 0x00, 0x52,
  0xff, 0x53, 0x00, 0x00, 0x00, 0x00, 0x0a, 0xf5, 0xa7, 0x00, 0x00, 0x00, 0x00, 0x00, 0xad, 0xf2, 0x07, 0x00, 0x00, 0x00,
  0x00, 0x5a, 0xff, 0x4d, 0x00, 0x00, 0x00, 0x00, 0x0e, 0xf8, 0xa1, 0x00, 0x00, 0x00, 0x00, 0x00, 0xb4, 0xef, 0x05, 0x00,
  0x00, 0x00, 0x00, 0x4f, 0xe8, 0x10, 0xbc, 0xff, 0xff, 0xcf, 0x00, 0x00, 0x51, 0x84, 0xff, 0xff, 0x04, 0x00, 0x00, 0x00,
  0xff, 0xff, 0x04, 0x00, 0x00, 0x00, 0xff, 0xff, 0x04, 0x00, 0x00, 0x00, 0xff, 0xff, 0x04, 0x00, 0x00, 0x00, 0xff, 0xff,
  0x04, 0x00, 0x00, 0x00, 0xff, 0xff, 0x04, 0x00, 0x00, 0x00, 0xff, 0xff, 0x04, 0x00, 0x00, 0x00, 0xff, 0xff, 0x04, 0x00,
  0x00, 0x00, 0xff, 0xff, 0x04, 0x00, 0x00, 0x00, 0xff, 0xff, 0x04, 0x00, 0x00, 0x00, 0xff, 0xff, 0x04, 0x00, 0x51, 0x84,
  0xff, 0xff, 0x04, 0x00, 0xbc, 0xff, 0xff, 0xcf, 0x00, 0x00, 0x00, 0x00, 0x00, 0x19, 0xff, 0xb1, 0x00, 0x00, 0x00, 0x00,
  0x00, 0x00, 0x00, 0x88, 0xff, 0xff, 0x24, 0x00, 0x00, 0x00, 0x00, 0x00, 0x08, 0xec, 0x7a, 0xdb, 0x91, 0x00, 0x00, 0x00,
  0x00, 0x00, 0x64, 0xf9, 0x16, 0x74, 0xf1, 0x0d, 0x00, 0x00, 0x00, 0x00, 0xd1, 0xa6, 0x00, 0x13, 0xf7, 0x6d, 0x00, 0x00,
  0x00, 0x40, 0xff, 0x3d, 0x00, 0x00, 0xa2, 0xd9, 0x01, 0x00, 0x00, 0xae, 0xd3, 0x00, 0x00, 0x00, 0x38, 0xff, 0x49, 0x00,
  0x00, 0xe0, 0x5c, 0x00, 0x00, 0x00, 0x00, 0xbe, 0x7f, 0x00, 0x00, 0x00, 0x00, 0x00, 0x00, 0x00, 0x00, 0x00, 0x00, 0x00,
  0x00, 0x00, 0x00, 0x00, 0x00, 0x00, 0x00, 0x00, 0x00, 0x00, 0x48, 0x84, 0x84, 0x84, 0x84, 0x84, 0x84, 0x48, 0xa9, 0xff,
  0xff, 0xff, 0xff, 0xff, 0xff, 0xa9, 0x00, 0x09, 0x53, 0x01, 0x00, 0x00, 0x00, 0x4b, 0xff, 0x64, 0x00, 0x00, 0x00, 0x01,
  0xbf, 0xe0, 0x05, 0x00, 0x00, 0x00, 0x1e, 0xf1, 0x52, 0x00, 0x00, 0x00, 0x00, 0x23, 0x0a, 0x00, 0x00, 0x00, 0x00, 0x00,
  0x00, 0x00, 0x00, 0x00, 0x00, 0x00, 0x00, 0x00, 0x00, 0x00, 0x00, 0x00, 0x00, 0x00, 0x00, 0x00, 0x00, 0x00, 0x00, 0x00,
  0x00, 0x00, 0x00, 0x00, 0x00, 0x00, 0x00, 0x00, 0x00, 0x00, 0x00, 0x00, 0x00, 0x00, 0x00, 0x00, 0x00, 0x00, 0x00, 0x00,
  0x00, 0x00, 0x00, 0x00, 0x00, 0x2b, 0xa1, 0xe3, 0xf9, 0xe6, 0x97, 0x0e, 0x00, 0x00, 0x9a, 0xef, 0xa8, 0x8c, 0xcc, 0xff,
  0xa1, 0x00, 0x00, 0x06, 0x03, 0x00, 0x00, 0x15, 0xff, 0xf0, 0x00, 0x00, 0x22, 0xa3, 0xdd, 0xf6, 0xfe, 0xff, 0xff, 0x03,
  0x00, 0xce, 0xff, 0xca, 0x90, 0x88, 0xff, 0xff, 0x04, 0x00, 0xf7, 0xff, 0x18, 0x00, 0x42, 0xff, 0xff, 0x04, 0x00, 0xba,
  0xff, 0xc2, 0x95, 0xdd, 0xff, 0xff, 0x04, 0x00, 0x19, 0xb2, 0xf5, 0xde, 0x51, 0xcb, 0xc9, 0x00, 0x00, 0xc1, 0xcd, 0x00,
  0x00, 0x00, 0x00, 0x00, 0x00, 0x00, 0x00, 0xff, 0xff, 0x04, 0x00, 0x00, 0x00, 0x00, 0x00, 0x00, 0x00, 0xff, 0xff, 0x04,
  0x00, 0x00, 0x00, 0x00, 0x00, 0x00, 0x00, 0xff, 0xff, 0x4f, 0xd0, 0xf7, 0xd8, 0x5d, 0x00, 0x00, 0x00, 0xff, 0xff, 0xf2,
  0x9b, 0x9f, 0xfa, 0xff, 0x51, 0x00, 0x00, 0xff, 0xff, 0x5a, 0x00, 0x00, 0x61, 0xff, 0xc4, 0x00, 0x00, 0xff, 0xff, 0x0f,
  0x00, 0x00, 0x14, 0xff, 0xf3, 0x00, 0x00, 0xff, 0xff, 0x13, 0x00, 0x00, 0x1c, 0xff, 0xf3, 0x00, 0x00, 0xff, 0xff, 0x60,
  0x00, 0x00, 0x60, 0xff, 0xc4, 0x00, 0x00, 0xff, 0xff, 0xee, 0x9e, 0x9b, 0xf7, 0xff, 0x51, 0x00, 0x00, 0xc1, 0xce, 0x3e,
  0xcd, 0xf7, 0xd8, 0x5e, 0x00, 0x00, 0x00, 0x00, 0x37, 0xbe, 0xf4, 0xf0, 0xb7, 0x36, 0x00, 0x39, 0xfd, 0xfc, 0xa8, 0x92,
  0xdc, 0x94, 0x00, 0xc4, 0xff, 0x66, 0x00, 0x00, 0x00, 0x00, 0x00, 0xf6, 0xff, 0x14, 0x00, 0x00, 0x00, 0x00, 0x00, 0xf2,
  0xff, 0x15, 0x00, 0x00, 0x00, 0x00, 0x00, 0xbd, 0xff, 0x6d, 0x00, 0x00, 0x00, 0x00, 0x00, 0x3d, 0xfc, 0xfd, 0xa8, 0x90,
  0xda, 0x84, 0x00, 0x00, 0x3e, 0xbe, 0xf2, 0xf0, 0xb6, 0x30, 0x00, 0x00, 0x00, 0x00, 0x00, 0x00, 0x00, 0xc9, 0xc6, 0x00,
  0x00, 0x00, 0x00, 0x00, 0x00, 0x00, 0x04, 0xff, 0xff, 0x00, 0x00, 0x00, 0x00, 0x00, 0x00, 0x00, 0x04, 0xff, 0xff, 0x00,
  0x00, 0x00, 0x5b, 0xd6, 0xf7, 0xd2, 0x54, 0xff, 0xff, 0x00, 0x00, 0x53, 0xff, 0xf7, 0x9c, 0x9f, 0xf7, 0xff, 0xff, 0x00,
  0x00, 0xc7, 0xff, 0x5e, 0x00, 0x00, 0x61, 0xff, 0xff, 0x00, 0x00, 0xf4, 0xff, 0x10, 0x00, 0x00, 0x14, 0xff, 0xff, 0x00,
  0x00, 0xf4, 0xff, 0x13, 0x00, 0x00, 0x1c, 0xff, 0xff, 0x00, 0x00, 0xc7, 0xff, 0x61, 0x00, 0x00, 0x62, 0xff, 0xff, 0x00,
  0x00, 0x54, 0xff, 0xfa, 0x9f, 0x9c, 0xec, 0xff, 0xff, 0x00, 0x00, 0x00, 0x5e, 0xd8, 0xf7, 0xcd, 0x3d, 0xcf, 0xc6, 0x00,
  0x00, 0x00, 0x29, 0xac, 0xec, 0xf8, 0xc8, 0x3f, 0x00, 0x00, 0x00, 0x2d, 0xf3, 0xfa, 0xa0, 0x99, 0xec, 0xfe, 0x3e, 0x00,
  0x00, 0xb4, 0xff, 0x6a, 0x00, 0x00, 0x3f, 0xff, 0xc5, 0x00, 0x00, 0xf1, 0xff, 0xff, 0xff, 0xff, 0xff, 0xff, 0xf7, 0x00,
  0x00, 0xf1, 0xff, 0x98, 0x84, 0x84, 0x84, 0x84, 0x65, 0x00, 0x00, 0xb7, 0xff, 0x69, 0x00, 0x00, 0x00, 0x0b, 0x04, 0x00,
  0x00, 0x31, 0xf5, 0xfd, 0xaf, 0x8c, 0xaf, 0xf8, 0x77, 0x00, 0x00, 0x00, 0x29, 0xa8, 0xe8, 0xf8, 0xdd, 0x89, 0x10, 0x00,
  0x00, 0x00, 0x00, 0x05, 0x3c, 0x6a, 0x28, 0x00, 0x00, 0x24, 0xd6, 0xff, 0xff, 0x77, 0x00, 0x00, 0xb3, 0xff, 0x78, 0x09,
  0x00, 0x00, 0x00, 0xed, 0xff, 0x0b, 0x00, 0x00, 0x5f, 0xfc, 0xff, 0xff, 0xff, 0xee, 0x13, 0x23, 0x80, 0xff, 0xff, 0x85,
  0x72, 0x02, 0x00, 0x00, 0xff, 0xff, 0x04, 0x00, 0x00, 0x00, 0x00, 0xff, 0xff, 0x04, 0x00, 0x00, 0x00, 0x00, 0xff, 0xff,
  0x04, 0x00, 0x00, 0x00, 0x00, 0xff, 0xff, 0x04, 0x00, 0x00, 0x00, 0x00, 0xff, 0xff, 0x03, 0x00, 0x00, 0x00, 0x00, 0xcb,
  0xd3, 0x00, 0x00, 0x00, 0x00, 0x00, 0x4d, 0xd7, 0xf8, 0xcd, 0x3e, 0xca, 0xcf, 0x00, 0x00, 0x44, 0xff, 0xfa, 0x9e, 0x9f,
  0xed, 0xff, 0xff, 0x03, 0x00, 0xbf, 0xff, 0x70, 0x00, 0x00, 0x65, 0xff, 0xff, 0x04, 0x00, 0xed, 0xff, 0x1b, 0x00, 0x00,
  0x10, 0xff, 0xff, 0x04, 0x00, 0xf4, 0xff, 0x14, 0x00, 0x00, 0x19, 0xff, 0xff, 0x04, 0x00, 0xc4, 0xff, 0x65, 0x00, 0x00,
  0x6b, 0xff, 0xff, 0x04, 0x00, 0x4f, 0xff, 0xfa, 0xa0, 0x9b, 0xea, 0xff, 0xff, 0x04, 0x00, 0x00, 0x5a, 0xd7, 0xf7, 0xcc,
  0x41, 0xff, 0xfc, 0x01, 0x00, 0x04, 0x0b, 0x00, 0x00, 0x00, 0x3f, 0xff, 0xd6, 0x00, 0x00, 0x82, 0xf9, 0xb4, 0x8c, 0x9b,
  0xf1, 0xff, 0x62, 0x00, 0x00, 0x1c, 0x8f, 0xd8, 0xf4, 0xee, 0xc6, 0x50, 0x00, 0x00, 0x00, 0xc1, 0xcd, 0x00, 0x00, 0x00,
  0x00, 0x00, 0x00, 0x00, 0xff, 0xff, 0x04, 0x00, 0x00, 0x00, 0x00, 0x00, 0x00, 0xff, 0xff, 0x04, 0x00, 0x00, 0x00, 0x00,
  0x00, 0x00, 0xff, 0xff, 0x5b, 0xd8, 0xf8, 0xc9, 0x26, 0x00, 0x00, 0xff, 0xff, 0xeb, 0x92, 0xc9, 0xff, 0xb9, 0x00, 0x00,
  0xff, 0xff, 0x40, 0x00, 0x1c, 0xff, 0xf6, 0x00, 0x00, 0xff, 0xff, 0x08, 0x00, 0x00, 0xff, 0xff, 0x03, 0x00, 0xff, 0xff,
  0x04, 0x00, 0x00, 0xff, 0xff, 0x04, 0x00, 0xff, 0xff, 0x04, 0x00, 0x00, 0xff, 0xff, 0x04, 0x00, 0xff, 0xff, 0x04, 0x00,
  0x00, 0xff, 0xff, 0x04, 0x00, 0xc1, 0xd2, 0x00, 0x00, 0x00, 0xc6, 0xca, 0x00, 0x00, 0xd0, 0xd4, 0x00, 0x00, 0x58, 0x59,
  0x00, 0x00, 0x00, 0x00, 0x00, 0x00, 0xc3, 0xcb, 0x00, 0x00, 0xff, 0xff, 0x03, 0x00, 0xff, 0xff, 0x04, 0x00, 0xff, 0xff,
  0x04, 0x00, 0xff, 0xff, 0x04, 0x00, 0xff, 0xff, 0x04, 0x00, 0xff, 0xff, 0x03, 0x00, 0xc3, 0xcc, 0x00, 0x00, 0x00, 0xd0,
  0xd4, 0x00, 0x00, 0x00, 0x58, 0x59, 0x00, 0x00, 0x00, 0x00, 0x00, 0x00, 0x00, 0x00, 0xc5, 0xd0, 0x00, 0x00, 0x00, 0xff,
  0xff, 0x03, 0x00, 0x00, 0xff, 0xff, 0x04, 0x00, 0x00, 0xff, 0xff, 0x04, 0x00, 0x00, 0xff, 0xff, 0x04, 0x00, 0x00, 0xff,
  0xff, 0x04, 0x00, 0x00, 0xff, 0xff, 0x04, 0x00, 0x00, 0xff, 0xff, 0x03, 0x00, 0x17, 0xff, 0xf3, 0x00, 0x66, 0xcf, 0xff,
  0xa7, 0x00, 0xc4, 0xdb, 0x94, 0x0f, 0x00, 0x00, 0xc1, 0xca, 0x00, 0x00, 0x00, 0x00, 0x00, 0x00, 0x00, 0xff, 0xff, 0x04,
  0x00, 0x00, 0x00, 0x00, 0x00, 0x00, 0xff, 0xff, 0x04, 0x00, 0x00, 0x00, 0x00, 0x00, 0x00, 0xff, 0xff, 0x04, 0x00, 0x34,
  0xde, 0x91, 0x00, 0x00, 0xff, 0xff, 0x04, 0x2f, 0xee, 0xfb, 0x4b, 0x00, 0x00, 0xff, 0xff, 0x2c, 0xea, 0xfd, 0x58, 0x00,
  0x00, 0x00, 0xff, 0xff, 0xe6, 0xff, 0x69, 0x00, 0x00, 0x00, 0x00, 0xff, 0xff, 0xd6, 0xff, 0xab, 0x03, 0x00, 0x00, 0x00,
  0xff, 0xff, 0x1b, 0xd8, 0xff, 0x9d, 0x01, 0x00, 0x00, 0xff, 0xff, 0x04, 0x1a, 0xdc, 0xff, 0x8b, 0x00, 0x00, 0xc1, 0xd2,
  0x00, 0x00, 0x1d, 0xcc, 0xcd, 0x00, 0x00, 0xc1, 0xc9, 0x00, 0x00, 0x00, 0x00, 0xff, 0xff, 0x04, 0x00, 0x00, 0x00, 0xff,
  0xff, 0x04, 0x00, 0x00, 0x00, 0xff, 0xff, 0x04, 0x00, 0x00, 0x00, 0xff, 0xff, 0x04, 0x00, 0x00, 0x00, 0xff, 0xff, 0x04,
  0x00, 0x00, 0x00, 0xff, 0xff, 0x04, 0x00, 0x00, 0x00, 0xff, 0xff, 0x04, 0x00, 0x00, 0x00, 0xf4, 0xff, 0x1b, 0x00, 0x00,
  0x00, 0xbe, 0xff, 0xd8, 0x9b, 0x00, 0x00, 0x28, 0xc3, 0xf7, 0xcb, 0x00, 0x00, 0xc6, 0xc9, 0x44, 0xd3, 0xf7, 0xc4, 0x20,
  0x5d, 0xdb, 0xf8, 0xc4, 0x21, 0x00, 0x00, 0xff, 0xff, 0xe3, 0x92, 0xc9, 0xff, 0xe1, 0xe8, 0x91, 0xcb, 0xff, 0xb1, 0x00,
  0x00, 0xff, 0xff, 0x40, 0x00, 0x1e, 0xff, 0xff, 0x3b, 0x00, 0x22, 0xff, 0xed, 0x00, 0x00, 0xff, 0xff, 0x09, 0x00, 0x04,
  0xff, 0xff, 0x05, 0x00, 0x08, 0xff, 0xfb, 0x00, 0x00, 0xff, 0xff, 0x04, 0x00, 0x04, 0xff, 0xff, 0x00, 0x00, 0x08, 0xff,
  0xfc, 0x00, 0x00, 0xff, 0xff, 0x04, 0x00, 0x04, 0xff, 0xff, 0x00, 0x00, 0x08, 0xff, 0xfc, 0x00, 0x00, 0xff, 0xff, 0x04,
  0x00, 0x04, 0xff, 0xff, 0x00, 0x00, 0x08, 0xff, 0xfc, 0x00, 0x00, 0xc6, 0xd2, 0x00, 0x00, 0x00, 0xcf, 0xcc, 0x00, 0x00,
  0x00, 0xce, 0xc1, 0x00, 0x00, 0xc5, 0xd0, 0x49, 0xd4, 0xf8, 0xcb, 0x28, 0x00, 0x00, 0xff, 0xff, 0xe6, 0x92, 0xc9, 0xff,
  0xbd, 0x00, 0x00, 0xff, 0xff, 0x41, 0x00, 0x1c, 0xff, 0xf6, 0x00, 0x00, 0xff, 0xff, 0x08, 0x00, 0x00, 0xff, 0xff, 0x03,
  0x00, 0xff, 0xff, 0x04, 0x00, 0x00, 0xff, 0xff, 0x04, 0x00, 0xff, 0xff, 0x04, 0x00, 0x00, 0xff, 0xff, 0x04, 0x00, 0xff,
  0xff, 0x04, 0x00, 0x00, 0xff, 0xff, 0x04, 0x00, 0xc6, 0xd2, 0x00, 0x00, 0x00, 0xc6, 0xca, 0x00, 0x00, 0x00, 0x40, 0xbf,
  0xf4, 0xf1, 0xbb, 0x39, 0x00, 0x00, 0x00, 0x33, 0xfc, 0xf7, 0x9c, 0x9f, 0xfa, 0xfa, 0x39, 0x00, 0x00, 0xbd, 0xff, 0x5e,
  0x00, 0x00, 0x61, 0xff, 0xbb, 0x00, 0x00, 0xf5, 0xff, 0x10, 0x00, 0x00, 0x14, 0xff, 0xf1, 0x00, 0x00, 0xf2, 0xff, 0x13,
  0x00, 0x00, 0x1c, 0xff, 0xf4, 0x00, 0x00, 0xbe, 0xff, 0x61, 0x00, 0x00, 0x61, 0xff, 0xbe, 0x00, 0x00, 0x3e, 0xfc, 0xfa,
  0x9f, 0x9c, 0xf8, 0xfb, 0x33, 0x00, 0x00, 0x00, 0x3f, 0xbe, 0xf2, 0xf5, 0xbf, 0x34, 0x00, 0x00, 0x00, 0xc6, 0xce, 0x3c,
  0xcb, 0xf7, 0xd7, 0x5b, 0x00, 0x00, 0x00, 0xff, 0xff, 0xec, 0x9b, 0x9f, 0xfa, 0xff, 0x50, 0x00, 0x00, 0xff, 0xff, 0x5b,
  0x00, 0x00, 0x61, 0xff, 0xc4, 0x00, 0x00, 0xff, 0xff, 0x0f, 0x00, 0x00, 0x14, 0xff, 0xf3, 0x00, 0x00, 0xff, 0xff, 0x13,
  0x00, 0x00, 0x1c, 0xff, 0xf3, 0x00, 0x00, 0xff, 0xff, 0x5f, 0x00, 0x00, 0x60, 0xff, 0xc4, 0x00, 0x00, 0xff, 0xff, 0xf5,
  0x9e, 0x9b, 0xf7, 0xff, 0x52, 0x00, 0x00, 0xff, 0xff, 0x52, 0xd2, 0xf8, 0xda, 0x60, 0x00, 0x00, 0x00, 0xff, 0xff, 0x04,
  0x00, 0x00, 0x00, 0x00, 0x00, 0x00, 0x00, 0xff, 0xff, 0x04, 0x00, 0x00, 0x00, 0x00, 0x00, 0x00, 0x00, 0xc0, 0xc9, 0x00,
  0x00, 0x00, 0x00, 0x00, 0x00, 0x00, 0x00, 0x00, 0x5b, 0xd6, 0xf7, 0xcb, 0x3b, 0xcf, 0xcb, 0x00, 0x00, 0x53, 0xff, 0xf7,
  0x9c, 0x9f, 0xee, 0xff, 0xff, 0x00, 0x00, 0xc7, 0xff, 0x5e, 0x00, 0x00, 0x62, 0xff, 0xff, 0x00, 0x00, 0xf4, 0xff, 0x10,
  0x00, 0x00, 0x14, 0xff, 0xff, 0x00, 0x00, 0xf4, 0xff, 0x13, 0x00, 0x00, 0x1c, 0xff, 0xff, 0x00, 0x00, 0xc7, 0xff, 0x61,
  0x00, 0x00, 0x61, 0xff, 0xff, 0x00, 0x00, 0x54, 0xff, 0xfa, 0x9f, 0x9c, 0xf5, 0xff, 0xff, 0x00, 0x00, 0x00, 0x5e, 0xd8,
  0xf8, 0xd5, 0x57, 0xff, 0xff, 0x00, 0x00, 0x00, 0x00, 0x00, 0x00, 0x00, 0x04, 0xff, 0xff, 0x00, 0x00, 0x00, 0x00, 0x00,
  0x00, 0x00, 0x04, 0xff, 0xff, 0x00, 0x00, 0x00, 0x00, 0x00, 0x00, 0x00, 0x00, 0xc4, 0xc5, 0x00, 0x00, 0x00, 0x00, 0x00,
  0x00, 0x02, 0x00, 0x00, 0xc5, 0xd0, 0x46, 0xd6, 0xf4, 0x10, 0x00, 0xff, 0xff, 0xf6, 0xd4, 0x96, 0x02, 0x00, 0xff, 0xff,
  0x6f, 0x00, 0x00, 0x00, 0x00, 0xff, 0xff, 0x0d, 0x00, 0x00, 0x00, 0x00, 0xff, 0xff, 0x04, 0x00, 0x00, 0x00, 0x00, 0xff,
  0xff, 0x04, 0x00, 0x00, 0x00, 0x00, 0xff, 0xff, 0x04, 0x00, 0x00, 0x00, 0x00, 0xc6, 0xd0, 0x00, 0x00, 0x00, 0x00, 0x00,
  0x10, 0x93, 0xe2, 0xf9, 0xde, 0x8d, 0x10, 0x00, 0x00, 0xbb, 0xff, 0xc5, 0x8b, 0xb1, 0xf9, 0x54, 0x00, 0x00, 0xf4, 0xff,
  0x1a, 0x00, 0x00, 0x07, 0x00, 0x00, 0x00, 0x91, 0xff, 0xe1, 0x9c, 0x6d, 0x2d, 0x00, 0x00, 0x00, 0x00, 0x3a, 0x7c, 0xa8,
  0xeb, 0xff, 0x8c, 0x00, 0x00, 0x0c, 0x04, 0x00, 0x00, 0x15, 0xff, 0xf7, 0x00, 0x00, 0xbc, 0xeb, 0xa1, 0x8a, 0xc1, 0xff,
  0xc4, 0x00, 0x00, 0x2e, 0xa8, 0xe8, 0xf9, 0xe1, 0x92, 0x14, 0x00, 0x00, 0x00, 0x52, 0x53, 0x00, 0x00, 0x00, 0x00, 0x02,
  0xfc, 0xfa, 0x00, 0x00, 0x00, 0x00, 0x04, 0xff, 0xff, 0x00, 0x00, 0x00, 0xcb, 0xff, 0xff, 0xff, 0xff, 0xdc, 0x00, 0x56,
  0x85, 0xff, 0xff, 0x84, 0x65, 0x00, 0x00, 0x04, 0xff, 0xff, 0x00, 0x00, 0x00, 0x00, 0x04, 0xff, 0xff, 0x00, 0x00, 0x00,
  0x00, 0x03, 0xff, 0xff, 0x00, 0x00, 0x00, 0x00, 0x00, 0xf8, 0xff, 0x13, 0x00, 0x00, 0x00, 0x00, 0xbe, 0xff, 0xbc, 0x89,
  0x00, 0x00, 0x00, 0x27, 0xc9, 0xf9, 0xc7, 0x00, 0x00, 0xbf, 0xca, 0x00, 0x00, 0x00, 0xbf, 0xca, 0x00, 0x00, 0xff, 0xff,
  0x04, 0x00, 0x00, 0xff, 0xff, 0x04, 0x00, 0xff, 0xff, 0x04, 0x00, 0x00, 0xff, 0xff, 0x04, 0x00, 0xff, 0xff, 0x04, 0x00,
  0x00, 0xff, 0xff, 0x04, 0x00, 0xff, 0xff, 0x04, 0x00, 0x04, 0xff, 0xff, 0x04, 0x00, 0xf1, 0xff, 0x1d, 0x00, 0x3f, 0xff,
  0xff, 0x04, 0x00, 0xb3, 0xff, 0xca, 0x91, 0xe3, 0xff, 0xff, 0x04, 0x00, 0x20, 0xc1, 0xf7, 0xdc, 0x4d, 0xcb, 0xc4, 0x00,
  0x72, 0xeb, 0x30, 0x00, 0x00, 0x00, 0x8a, 0xe0, 0x07, 0x6c, 0xff, 0xa1, 0x00, 0x00, 0x17, 0xfa, 0xe0, 0x00, 0x0e, 0xf2,
  0xf7, 0x11, 0x00, 0x7c, 0xff, 0x73, 0x00, 0x00, 0x91, 0xff, 0x70, 0x03, 0xe2, 0xf3, 0x0f, 0x00, 0x00, 0x23, 0xfd, 0xd7,
  0x50, 0xff, 0x91, 0x00, 0x00, 0x00, 0x00, 0xb2, 0xff, 0xf9, 0xfd, 0x23, 0x00, 0x00, 0x00, 0x00, 0x43, 0xff, 0xff, 0xaf,
  0x00, 0x00, 0x00, 0x00, 0x00, 0x00, 0xa8, 0xe6, 0x2c, 0x00, 0x00, 0x00, 0x55, 0xec, 0x3e, 0x00, 0x00, 0x08, 0xd3, 0xa0,
  0x00, 0x00, 0x00, 0x6c, 0xe6, 0x12, 0x52, 0xff, 0xab, 0x00, 0x00, 0x58, 0xff, 0xff, 0x1c, 0x00, 0x02, 0xe5, 0xf1, 0x08,
  0x06, 0xea, 0xf8, 0x10, 0x00, 0xb7, 0xff, 0xff, 0x77, 0x00, 0x46, 0xff, 0x97, 0x00, 0x00, 0x8c, 0xff, 0x67, 0x18, 0xfc,
  0x9d, 0xec, 0xd4, 0x00, 0xa4, 0xff, 0x33, 0x00, 0x00, 0x27, 0xff, 0xc5, 0x74, 0xff, 0x37, 0x92, 0xff, 0x3e, 0xf5, 0xce,
  0x00, 0x00, 0x00, 0x00, 0xc2, 0xff, 0xf6, 0xd7, 0x00, 0x31, 0xff, 0xef, 0xff, 0x69, 0x00, 0x00, 0x00, 0x00, 0x5d, 0xff,
  0xff, 0x77, 0x00, 0x00, 0xcf, 0xff, 0xf5, 0x0f, 0x00, 0x00, 0x00, 0x00, 0x07, 0xc5, 0xd7, 0x13, 0x00, 0x00, 0x4e, 0xec,
  0x7a, 0x00, 0x00, 0x00, 0x00, 0xd1, 0xc8, 0x11, 0x00, 0x08, 0xba, 0xcf, 0x00, 0x00, 0x93, 0xff, 0xb9, 0x03, 0x9d, 0xff,
  0x9b, 0x00, 0x00, 0x04, 0xb9, 0xff, 0xec, 0xff, 0xc9, 0x07, 0x00, 0x00, 0x00, 0x0f, 0xf8, 0xff, 0xff, 0x1b, 0x00, 0x00,
  0x00, 0x00, 0x1d, 0xf8, 0xff, 0xff, 0x2a, 0x00, 0x00, 0x00, 0x08, 0xcc, 0xff, 0xb0, 0xfe, 0xd6, 0x0b, 0x00, 0x00, 0x9e,
  0xff, 0x9e, 0x00, 0x87, 0xff, 0xa1, 0x00, 0x00, 0xd2, 0xbb, 0x08, 0x00, 0x03, 0xb0, 0xd4, 0x00, 0x74, 0xeb, 0x2f, 0x00,
  0x00, 0x00, 0x90, 0xe0, 0x07, 0x71, 0xff, 0x9f, 0x00, 0x00, 0x17, 0xfa, 0xe2, 0x01, 0x11, 0xf5, 0xf5, 0x0f, 0x00, 0x7b,
  0xff, 0x77, 0x00, 0x00, 0x9a, 0xff, 0x6b, 0x02, 0xdf, 0xf5, 0x11, 0x00, 0x00, 0x2c, 0xff, 0xd0, 0x4a, 0xff, 0x97, 0x00,
  0x00, 0x00, 0x00, 0xbe, 0xff, 0xe8, 0xfe, 0x29, 0x00, 0x00, 0x00, 0x00, 0x50, 0xff, 0xff, 0xb8, 0x00, 0x00, 0x00, 0x00,
  0x00, 0x02, 0xfe, 0xff, 0x49, 0x00, 0x00, 0x00, 0x00, 0x00, 0x2f, 0xff, 0xd7, 0x01, 0x00, 0x00, 0x00, 0x00, 0x00, 0x9f,
  0xff, 0x69, 0x00, 0x00, 0x00, 0x00, 0x00, 0x00, 0xa6, 0xd3, 0x0a, 0x00, 0x00, 0x00, 0x00, 0x00, 0xd7, 0xff, 0xff, 0xff,
  0xff, 0xf5, 0x37, 0x00, 0x61, 0x84, 0x84, 0x92, 0xff, 0xf5, 0x21, 0x00, 0x00, 0x00, 0x00, 0xaf, 0xff, 0x5a, 0x00, 0x00,
  0x00, 0x00, 0x77, 0xff, 0x92, 0x00, 0x00, 0x00, 0x00, 0x41, 0xfc, 0xc5, 0x05, 0x00, 0x00, 0x00, 0x1b, 0xe9, 0xe8, 0x1a,
  0x00, 0x00, 0x00, 0x00, 0xbf, 0xff, 0xc2, 0x84, 0x84, 0x81, 0x22, 0x00, 0xdf, 0xff, 0xff, 0xff, 0xff, 0xfd, 0x59, 0x00,
  0x00, 0x68, 0xed, 0xff, 0xbb, 0x00, 0x00, 0x00, 0xf0, 0xff, 0x9f, 0x56, 0x00, 0x00, 0x00, 0xff, 0xff, 0x05, 0x00, 0x00,
  0x00, 0x00, 0xff, 0xff, 0x04, 0x00, 0x00, 0x00, 0x00, 0xff, 0xff, 0x04, 0x00, 0x00, 0x00, 0x2d, 0xff, 0xe8, 0x00, 0x00,
  0x00, 0x60, 0xff, 0xf7, 0x4e, 0x00, 0x00, 0x00, 0x26, 0xad, 0xff, 0xa2, 0x00, 0x00, 0x00, 0x00, 0x09, 0xff, 0xf7, 0x01,
  0x00, 0x00, 0x00, 0x00, 0xff, 0xff, 0x04, 0x00, 0x00, 0x00, 0x00, 0xff, 0xff, 0x04, 0x00, 0x00, 0x00, 0x00, 0xff, 0xff,
  0x06, 0x00, 0x00, 0x00, 0x00, 0xe5, 0xff, 0xa2, 0x5e, 0x00, 0x00, 0x00, 0x5c, 0xe5, 0xff, 0xce, 0x00, 0x00, 0xc9, 0xc9,
  0x00, 0x00, 0xff, 0xff, 0x04, 0x00, 0xff, 0xff, 0x04, 0x00, 0xff, 0xff, 0x04, 0x00, 0xff, 0xff, 0x04, 0x00, 0xff, 0xff,
  0x04, 0x00, 0xff, 0xff, 0x04, 0x00, 0xff, 0xff, 0x04, 0x00, 0xff, 0xff, 0x04, 0x00, 0xff, 0xff, 0x04, 0x00, 0xff, 0xff,
  0x04, 0x00, 0xff, 0xff, 0x04, 0x00, 0xff, 0xff, 0x04, 0x00, 0xc1, 0xd3, 0x00, 0x00, 0xcd, 0xff, 0xe7, 0x67, 0x00, 0x00,
  0x00, 0x5e, 0x9f, 0xff, 0xed, 0x00, 0x00, 0x00, 0x00, 0x01, 0xff, 0xff, 0x04, 0x00, 0x00, 0x00, 0x00, 0xff, 0xff, 0x04,
  0x00, 0x00, 0x00, 0x00, 0xff, 0xff, 0x04, 0x00, 0x00, 0x00, 0x00, 0xe4, 0xff, 0x32, 0x00, 0x00, 0x00, 0x00, 0x48, 0xf5,
  0xff, 0x5d, 0x00, 0x00, 0x00, 0x9e, 0xff, 0xb0, 0x25, 0x00, 0x00, 0x00, 0xf5, 0xff, 0x0c, 0x00, 0x00, 0x00, 0x00, 0xff,
  0xff, 0x04, 0x00, 0x00, 0x00, 0x00, 0xff, 0xff, 0x04, 0x00, 0x00, 0x00, 0x02, 0xff, 0xff, 0x04, 0x00, 0x00, 0x54, 0x9f,
  0xff, 0xef, 0x00, 0x00, 0x00, 0xb7, 0xff, 0xed, 0x64, 0x00, 0x00, 0x00, 0x05, 0x63, 0x72, 0x2a, 0x00, 0x00, 0x22, 0x1d,
  0x00, 0x00, 0xa4, 0xff, 0xff, 0xff, 0xc6, 0x90, 0xee, 0x7d, 0x00, 0x00, 0xae, 0x41, 0x13, 0x6a, 0xc9, 0xf6, 0xb3, 0x0c,
  0x00, 0x00, 0x00, 0x00, 0x00, 0x00, 0x00, 0x00, 0x00, 0x00, 0x00, 0x00, 0x00, 0x00, 0x00, 0x00, 0x00, 0x00, 0x00, 0x00,
  0x00, 0x00, 0x00, 0x00, 0x00, 0x00, 0x00, 0x00, 0x00, 0x00, 0x00, 0x00, 0x0d, 0x0e, 0x00, 0x00, 0xe0, 0xe3, 0x00, 0x00,
  0xc5, 0xca, 0x00, 0x00, 0x00, 0x00, 0x00, 0x00, 0xa0, 0x6a, 0x00, 0x00, 0xd4, 0x9a, 0x00, 0x00, 0xe9, 0xae, 0x00, 0x01,
  0xfc, 0xc1, 0x00, 0x13, 0xff, 0xd5, 0x00, 0x28, 0xff, 0xe9, 0x00, 0x3a, 0xff, 0xfa, 0x00, 0x16, 0xe2, 0xbd, 0x00, 0x00,
  0x00, 0x00, 0x00, 0xcc, 0xc9, 0x00, 0x00, 0x00, 0x00, 0x00, 0x00, 0x00, 0x04, 0xff, 0xff, 0x00, 0x00, 0x00, 0x00, 0x00,
  0x00, 0x25, 0xa6, 0xff, 0xff, 0xd7, 0x7a, 0x01, 0x00, 0x00, 0x2b, 0xf0, 0xff, 0xbd, 0x8e, 0xb4, 0xf2, 0x15, 0x00, 0x00,
  0xb2, 0xff, 0x82, 0x00, 0x00, 0x00, 0x01, 0x00, 0x00, 0x00, 0xeb, 0xff, 0x18, 0x00, 0x00, 0x00, 0x00, 0x00, 0x00, 0x00,
  0xf2, 0xff, 0x1a, 0x00, 0x00, 0x00, 0x00, 0x00, 0x00, 0x00, 0xb9, 0xff, 0x85, 0x00, 0x00, 0x00, 0x02, 0x00, 0x00, 0x00,
  0x34, 0xf6, 0xff, 0xbc, 0x8c, 0xb6, 0xf4, 0x0e, 0x00, 0x00, 0x00, 0x32, 0xb6, 0xff, 0xff, 0xd1, 0x70, 0x00, 0x00, 0x00,
  0x00, 0x00, 0x04, 0xff, 0xff, 0x00, 0x00, 0x00, 0x00, 0x00, 0x00, 0x00, 0x00, 0xca, 0xc6, 0x00, 0x00, 0x00, 0x00, 0x00,
  0x00, 0x05, 0x7e, 0xda, 0xf8, 0xe6, 0xba, 0x51, 0x00, 0x00, 0x00, 0x00, 0x8d, 0xff, 0xe0, 0x8f, 0x97, 0xdc, 0xfc, 0x12,
  0x00, 0x00, 0x00, 0xeb, 0xff, 0x27, 0x00, 0x00, 0x00, 0x15, 0x00, 0x00, 0x00, 0x00, 0xff, 0xff, 0x04, 0x00, 0x00, 0x00,
  0x00, 0x00, 0x00, 0x00, 0x68, 0xff, 0xff, 0x87, 0x84, 0x5b, 0x00, 0x00, 0x00, 0x00, 0x00, 0xdf, 0xff, 0xff, 0xff, 0xff,
  0xcf, 0x00, 0x00, 0x00, 0x00, 0x00, 0x00, 0xff, 0xff, 0x04, 0x00, 0x00, 0x00, 0x00, 0x00, 0x00, 0x00, 0x00, 0xff, 0xff,
  0x04, 0x00, 0x00, 0x00, 0x00, 0x00, 0x00, 0x00, 0x00, 0xff, 0xff, 0x04, 0x00, 0x00, 0x00, 0x00, 0x00, 0x00, 0x00, 0x63,
  0xff, 0xff, 0x85, 0x84, 0x84, 0x84, 0x83, 0x52, 0x00, 0x00, 0xcf, 0xff, 0xff, 0xff, 0xff, 0xff, 0xff, 0xff, 0xd0, 0x00,
  0x07, 0xdf, 0x84, 0x93, 0xe8, 0xea, 0x96, 0x88, 0xe5, 0x0b, 0x00, 0x4d, 0xff, 0xfe, 0xa4, 0xa4, 0xfe, 0xff, 0x54, 0x00,
  0x00, 0xa1, 0xff, 0x80, 0x00, 0x00, 0x81, 0xff, 0xa1, 0x00, 0x00, 0xe8, 0xff, 0x14, 0x00, 0x00, 0x15, 0xff, 0xe8, 0x00,
  0x00, 0xe8, 0xff, 0x14, 0x00, 0x00, 0x14, 0xff, 0xe8, 0x00, 0x00, 0xa3, 0xff, 0x7e, 0x00, 0x00, 0x7e, 0xff, 0xa2, 0x00,
  0x00, 0x4d, 0xff, 0xfd, 0xa2, 0xa2, 0xfd, 0xff, 0x4e, 0x00, 0x07, 0xdf, 0x85, 0x9a, 0xeb, 0xeb, 0x9b, 0x7e, 0xdf, 0x09,
  0x3a, 0xeb, 0x5c, 0x00, 0x00, 0x00, 0x00, 0x5c, 0xeb, 0x41, 0x21, 0xf5, 0xf4, 0x23, 0x00, 0x00, 0x24, 0xf4, 0xf7, 0x24,
  0x00, 0x69, 0xff, 0xc4, 0x02, 0x03, 0xc6, 0xff, 0x6d, 0x00, 0x00, 0x00, 0xb3, 0xff, 0x77, 0x7b, 0xff, 0xb7, 0x01, 0x00,
  0x00, 0x09, 0x32, 0xf8, 0xff, 0xff, 0xf9, 0x34, 0x0a, 0x00, 0x00, 0xe2, 0xff, 0xff, 0xff, 0xff, 0xff, 0xff, 0xe1, 0x00,
  0x00, 0x2e, 0x4c, 0x4e, 0xff, 0xff, 0x4c, 0x4c, 0x2d, 0x00, 0x00, 0xd4, 0xff, 0xff, 0xff, 0xff, 0xff, 0xff, 0xd2, 0x00,
  0x00, 0x5d, 0x84, 0x85, 0xff, 0xff, 0x84, 0x84, 0x5c, 0x00, 0x00, 0x00, 0x00, 0x04, 0xff, 0xff, 0x00, 0x00, 0x00, 0x00,
  0x00, 0x00, 0x00, 0x00, 0xc4, 0xce, 0x00, 0x00, 0x00, 0x00, 0x00, 0xc5, 0xcd, 0x00, 0x00, 0xff, 0xff, 0x04, 0x00, 0xff,
  0xff, 0x04, 0x00, 0xff, 0xff, 0x04, 0x00, 0xc7, 0xd6, 0x00, 0x00, 0x00, 0x00, 0x00, 0x00, 0x00, 0x00, 0x00, 0x00, 0x00,
  0x00, 0x00, 0x00, 0xc2, 0xcb, 0x00, 0x00, 0xff, 0xff, 0x03, 0x00, 0xff, 0xff, 0x04, 0x00, 0xff, 0xff, 0x04, 0x00, 0xff,
  0xff, 0x03, 0x00, 0xcc, 0xce, 0x00, 0x00, 0x00, 0x03, 0x77, 0xd6, 0xf8, 0xe7, 0xb7, 0x4a, 0x00, 0x00, 0x00, 0x92, 0xff,
  0xdc, 0x90, 0x9d, 0xe3, 0xe3, 0x00, 0x00, 0x00, 0xf4, 0xff, 0x1b, 0x00, 0x00, 0x02, 0x11, 0x00, 0x00, 0x00, 0xea, 0xff,
  0x44, 0x00, 0x00, 0x00, 0x00, 0x00, 0x00, 0x29, 0xf8, 0xff, 0xfa, 0x9a, 0x26, 0x00, 0x00, 0x00, 0x00, 0xcd, 0xff, 0x73,
  0xd4, 0xff, 0xfd, 0xa1, 0x0d, 0x00, 0x00, 0xf3, 0xff, 0x29, 0x01, 0x52, 0xdf, 0xff, 0xa6, 0x00, 0x00, 0xa6, 0xff, 0xe2,
  0x57, 0x02, 0x26, 0xff, 0xf5, 0x00, 0x00, 0x0d, 0x9e, 0xfc, 0xff, 0xd7, 0x6e, 0xff, 0xcf, 0x00, 0x00, 0x00, 0x00, 0x23,
  0x99, 0xfa, 0xff, 0xf9, 0x2c, 0x00, 0x00, 0x00, 0x00, 0x00, 0x00, 0x44, 0xff, 0xe7, 0x00, 0x00, 0x00, 0x0e, 0x00, 0x00,
  0x00, 0x1f, 0xff, 0xf3, 0x00, 0x00, 0x07, 0xf8, 0xda, 0x9a, 0x91, 0xdf, 0xff, 0x91, 0x00, 0x00, 0x00, 0x59, 0xc1, 0xec,
  0xf9, 0xd7, 0x77, 0x03, 0x00, 0x00, 0x00, 0x00, 0x57, 0x5a, 0x00, 0x57, 0x59, 0x00, 0x00, 0x00, 0x00, 0xd2, 0xd6, 0x00,
  0xd2, 0xd6, 0x00, 0x00, 0x00, 0x00, 0x00, 0x00, 0x00, 0x00, 0x00, 0x00, 0x00, 0x00, 0x00, 0x00, 0x00, 0x00, 0x00, 0x00,
  0x00, 0x00, 0x00, 0x00, 0x00, 0x00, 0x00, 0x00, 0x00, 0x00, 0x00, 0x00, 0x00, 0x00, 0x00, 0x00, 0x00, 0x00, 0x00, 0x00,
  0x00, 0x00, 0x00, 0x00, 0x00, 0x00, 0x00, 0x00, 0x00, 0x00, 0x00, 0x00, 0x00, 0x00, 0x00, 0x00, 0x00, 0x00, 0x00, 0x00,
  0x00, 0x00, 0x00, 0x00, 0x00, 0x00, 0x00, 0x00, 0x00, 0x00, 0x00, 0x00, 0x00, 0x00, 0x00, 0x00, 0x00, 0x00, 0x00, 0x00,
  0x00, 0x00, 0x00, 0x00, 0x00, 0x00, 0x00, 0x00, 0x00, 0x00, 0x00, 0x00, 0x00, 0x00, 0x00, 0x00, 0x00, 0x08, 0x70, 0xca,
  0xf3, 0xf4, 0xcc, 0x74, 0x0a, 0x00, 0x00, 0x00, 0x00, 0x00, 0x21, 0xd5, 0xfb, 0xbb, 0x8f, 0x8e, 0xba, 0xfb, 0xd9, 0x22,
  0x00, 0x00, 0x00, 0x0a, 0xd8, 0xc0, 0x23, 0x4b, 0x76, 0x65, 0x13, 0x1f, 0xbd, 0xd9, 0x0a, 0x00, 0x00, 0x76, 0xcd, 0x26,
  0xcf, 0xff, 0xff, 0xff, 0xed, 0x04, 0x07, 0xcc, 0x76, 0x00, 0x00, 0xcd, 0x49, 0xb3, 0xff, 0x9b, 0x11, 0x1e, 0x5b, 0x00,
  0x00, 0x49, 0xcd, 0x00, 0x00, 0xf4, 0x0d, 0xf8, 0xff, 0x13, 0x00, 0x00, 0x00, 0x00, 0x00, 0x0d, 0xf4, 0x00, 0x00, 0xf4,
  0x0d, 0xf6, 0xff, 0x15, 0x00, 0x00, 0x00, 0x00, 0x00, 0x0d, 0xf3, 0x00, 0x00, 0xcd, 0x4a, 0xae, 0xff, 0x9e, 0x12, 0x19,
  0x4f, 0x00, 0x00, 0x4b, 0xcd, 0x00, 0x00, 0x76, 0xd0, 0x24, 0xcc, 0xff, 0xff, 0xff, 0xec, 0x03, 0x08, 0xce, 0x76, 0x00,
  0x00, 0x0a, 0xd9, 0xc0, 0x22, 0x4b, 0x77, 0x67, 0x14, 0x1d, 0xbd, 0xda, 0x0a, 0x00, 0x00, 0x00, 0x23, 0xd8, 0xfa, 0xb8,
  0x8e, 0x8d, 0xb7, 0xf9, 0xdb, 0x24, 0x00, 0x00, 0x00, 0x00, 0x00, 0x0a, 0x75, 0xcc, 0xf4, 0xf4, 0xce, 0x78, 0x0b, 0x00,
  0x00, 0x00, 0x00, 0x99, 0xf0, 0xea, 0xab, 0x0f, 0x00, 0x62, 0x44, 0x61, 0xff, 0x74, 0x1b, 0xb8, 0xf0, 0xff, 0xff, 0x8b,
  0x71, 0xff, 0x5e, 0x7e, 0xff, 0x8c, 0x29, 0xec, 0xff, 0xa8, 0xde, 0x81, 0x00, 0x0a, 0x26, 0x01, 0x12, 0x07, 0x00, 0x00,
  0x00, 0x00, 0x00, 0x00, 0x00, 0x00, 0x00, 0x00, 0x00, 0x00, 0x00, 0x00, 0x00, 0x00, 0x00, 0x00, 0x00, 0x00, 0x00, 0x00,
  0x00, 0x00, 0x00, 0x00, 0x00, 0x00, 0x00, 0x00, 0x00, 0x00, 0x17, 0x12, 0x00, 0x06, 0x24, 0x00, 0x00, 0x0c, 0xe3, 0xa5,
  0x00, 0xa0, 0xf3, 0x01, 0x00, 0x8e, 0xff, 0x54, 0x3e, 0xff, 0xa4, 0x00, 0x0b, 0xfa, 0xe2, 0x02, 0xb5, 0xff, 0x34, 0x00,
  0x00, 0xd0, 0xfb, 0x1f, 0x81, 0xff, 0x6b, 0x00, 0x00, 0x37, 0xfd, 0x8e, 0x09, 0xde, 0xdd, 0x00, 0x00, 0x00, 0x71, 0x62,
  0x00, 0x3a, 0x99, 0x00, 0x00, 0x00, 0x00, 0x00, 0x00, 0x00, 0x00, 0x00, 0x1e, 0x80, 0x84, 0x84, 0x84, 0x84, 0x84, 0x83,
  0x58, 0x00, 0x53, 0xfd, 0xff, 0xff, 0xff, 0xff, 0xff, 0xff, 0xff, 0x03, 0x00, 0x00, 0x00, 0x00, 0x00, 0x00, 0x00, 0xff,
  0xff, 0x04, 0x00, 0x00, 0x00, 0x00, 0x00, 0x00, 0x00, 0xff, 0xff, 0x04, 0x00, 0x00, 0x00, 0x00, 0x00, 0x00, 0x00, 0xfb,
  0xfc, 0x02, 0x00, 0x00, 0x00, 0x00, 0x00, 0x00, 0x00, 0x57, 0x53, 0x00, 0x00, 0x00, 0x00, 0x00, 0x00, 0x00, 0x00, 0x00,
  0x00, 0x00, 0x00, 0x00, 0x00, 0x00, 0x00, 0x00, 0x00, 0x00, 0x00, 0x00, 0x00, 0x59, 0x84, 0x84, 0x84, 0x5a, 0x00, 0x00,
  0xce, 0xff, 0xff, 0xff, 0xcf, 0x00, 0x00, 0x00, 0x00, 0x00, 0x00, 0x00, 0x00, 0x00, 0x00, 0x00, 0x00, 0x00, 0x00, 0x00,
  0x00, 0x00, 0x00, 0x00, 0x00, 0x00, 0x00, 0x00, 0x00, 0x00, 0x00, 0x00, 0x00, 0x00, 0x00, 0x00, 0x00, 0x08, 0x70, 0xca,
  0xf3, 0xf4, 0xcc, 0x74, 0x0a, 0x00, 0x00, 0x00, 0x00, 0x00, 0x21, 0xd5, 0xfb, 0xbb, 0x8f, 0x8e, 0xba, 0xfb, 0xd9, 0x22,
  0x00, 0x00, 0x00, 0x0a, 0xd8, 0xc0, 0x72, 0x83, 0x84, 0x7b, 0x4a, 0x1f, 0xbd, 0xd9, 0x0a, 0x00, 0x00, 0x76, 0xcd, 0x08,
  0xfc, 0xff, 0xff, 0xff, 0xff, 0x8f, 0x07, 0xcc, 0x76, 0x00, 0x00, 0xcd, 0x49, 0x00, 0xff, 0xff, 0x04, 0x34, 0xff, 0xef,
  0x00, 0x49, 0xcd, 0x00, 0x00, 0xf4, 0x0d, 0x00, 0xff, 0xff, 0x85, 0xe3, 0xff, 0xd8, 0x00, 0x0d, 0xf4, 0x00, 0x00, 0xf4,
  0x0d, 0x00, 0xff, 0xff, 0xff, 0xff, 0xff, 0x37, 0x00, 0x0d, 0xf3, 0x00, 0x00, 0xcd, 0x4a, 0x00, 0xff, 0xff, 0x08, 0xa7,
  0xff, 0x20, 0x00, 0x4b, 0xcd, 0x00, 0x00, 0x76, 0xd0, 0x09, 0xf5, 0xf7, 0x02, 0x3a, 0xff, 0x4b, 0x08, 0xce, 0x76, 0x00,
  0x00, 0x0a, 0xd9, 0xc0, 0x40, 0x1f, 0x00, 0x00, 0x2a, 0x1f, 0xbd, 0xda, 0x0a, 0x00, 0x00, 0x00, 0x23, 0xd8, 0xfa, 0xb8,
  0x8e, 0x8d, 0xb7, 0xf9, 0xdb, 0x24, 0x00, 0x00, 0x00, 0x00, 0x00, 0x0a, 0x75, 0xcc, 0xf4, 0xf4, 0xce, 0x78, 0x0b, 0x00,
  0x00, 0x00, 0x00, 0x00, 0x67, 0x84, 0x84, 0x84, 0x69, 0x00, 0x00, 0x00, 0x00, 0xe0, 0xff, 0xff, 0xff, 0xdf, 0x00, 0x00,
  0x00, 0x00, 0x00, 0x00, 0x00, 0x00, 0x00, 0x00, 0x00, 0x00, 0x00, 0x00, 0x00, 0x00, 0x00, 0x00, 0x00, 0x00, 0x00, 0x00,
  0x00, 0x00, 0x00, 0x00, 0x00, 0x00, 0x00, 0x00, 0x00, 0x00, 0x00, 0x00, 0x00, 0x00, 0x00, 0x00, 0x00, 0x00, 0x00, 0x00,
  0x00, 0x00, 0x00, 0x00, 0x00, 0x00, 0x00, 0x00, 0x00, 0x00, 0x00, 0x00, 0x00, 0x00, 0x00, 0x00, 0x00, 0x00, 0x00, 0x00,
  0x00, 0x00, 0x00, 0x00, 0x00, 0x00, 0x00, 0x00, 0x00, 0x00, 0x00, 0x00, 0x00, 0x00, 0x00, 0x00, 0x00, 0x00, 0x00, 0x00,
  0x00, 0x00, 0x00, 0x00, 0x00, 0x00, 0x00, 0x00, 0x00, 0x00, 0x00, 0x1a, 0xc4, 0xf8, 0xc6, 0x25, 0x00, 0x00, 0xc4, 0xcc,
  0x8c, 0xcb, 0xc6, 0x00, 0x00, 0xf8, 0x14, 0x00, 0x14, 0xf8, 0x00, 0x00, 0xc4, 0xca, 0x8b, 0xca, 0xc5, 0x00, 0x00, 0x1a,
  0xc4, 0xf8, 0xc7, 0x1c, 0x00, 0x00, 0x00, 0x00, 0x00, 0x00, 0x00, 0x00, 0x00, 0x00, 0x00, 0x00, 0x00, 0x00, 0x00, 0x00,
  0x00, 0x00, 0x00, 0x00, 0x00, 0x00, 0x00, 0x00, 0x00, 0x00, 0x00, 0x00, 0x00, 0x00, 0x00, 0x00, 0x00, 0x00, 0x00, 0x00,
  0x00, 0x00, 0x00, 0x00, 0x00, 0x00, 0x00, 0x00, 0x00, 0x00, 0x00, 0x00, 0x00, 0x00, 0x00, 0x00, 0x00, 0x00, 0xca, 0xc9,
  0x00, 0x00, 0x00, 0x00, 0x00, 0x00, 0x00, 0x00, 0xff, 0xff, 0x04, 0x00, 0x00, 0x00, 0x00, 0x00, 0x00, 0x00, 0xff, 0xff,
  0x04, 0x00, 0x00, 0x00, 0x00, 0xdb, 0xff, 0xff, 0xff, 0xff, 0xff, 0xff, 0xdb, 0x00, 0x00, 0x65, 0x84, 0x84, 0xff, 0xff,
  0x85, 0x84, 0x65, 0x00, 0x00, 0x00, 0x00, 0x00, 0xff, 0xff, 0x04, 0x00, 0x00, 0x00, 0x00, 0x00, 0x00, 0x00, 0xd4, 0xd3,
  0x01, 0x00, 0x00, 0x00, 0x00, 0x61, 0x84, 0x84, 0x84, 0x84, 0x84, 0x84, 0x61, 0x00, 0x00, 0xd8, 0xff, 0xff, 0xff, 0xff,
  0xff, 0xff, 0xd8, 0x00, 0x7b, 0xde, 0xf5, 0xbd, 0x19, 0x00, 0x78, 0x54, 0x60, 0xff, 0x77, 0x00, 0x00, 0x00, 0x3c, 0xff,
  0x4c, 0x00, 0x00, 0x2f, 0xe8, 0x93, 0x00, 0x00, 0x3a, 0xf0, 0xbd, 0x34, 0x22, 0x00, 0x9d, 0xff, 0xff, 0xff, 0xde, 0x00,
  0x00, 0x00, 0x00, 0x00, 0x00, 0x00, 0x00, 0x00, 0x00, 0x00, 0x00, 0x00, 0x00, 0x00, 0x00, 0x00, 0x00, 0x00, 0x00, 0x00,
  0x00, 0x00, 0x00, 0x00, 0x00, 0x00, 0x00, 0x00, 0x00, 0x00, 0x09, 0x9f, 0xe9, 0xf7, 0xca, 0x28, 0x0c, 0x85, 0x48, 0x67,
  0xff, 0x77, 0x00, 0x5a, 0xfd, 0xff, 0xcb, 0x0c, 0x00, 0x07, 0x2e, 0x5a, 0xff, 0x66, 0x30, 0x7b, 0x3e, 0x6d, 0xff, 0x76,
  0x29, 0xbe, 0xf3, 0xec, 0xa1, 0x0c, 0x00, 0x00, 0x00, 0x00, 0x00, 0x00, 0x00, 0x00, 0x00, 0x00, 0x00, 0x00, 0x00, 0x00,
  0x00, 0x00, 0x00, 0x00, 0x00, 0x00, 0x00, 0x00, 0x00, 0x00, 0x00, 0x00, 0x00, 0x00, 0x00, 0x00, 0x00, 0x00, 0x01, 0x52,
  0x0b, 0x00, 0x00, 0x00, 0x5d, 0xff, 0x51, 0x00, 0x00, 0x04, 0xdc, 0xc5, 0x03, 0x00, 0x00, 0x4e, 0xf3, 0x23, 0x00, 0x00,
  0x00, 0x09, 0x24, 0x00, 0x00, 0x00, 0x00, 0x00, 0x00, 0x00, 0x00, 0x00, 0x00, 0x00, 0x00, 0x00, 0x00, 0x00, 0x00, 0x00,
  0x00, 0x00, 0x00, 0x00, 0x00, 0x00, 0x00, 0x00, 0x00, 0x00, 0x00, 0x00, 0x00, 0x00, 0x00, 0x00, 0x00, 0x00, 0x00, 0x00,
  0x00, 0x00, 0x00, 0x00, 0x00, 0x00, 0x00, 0x00, 0x00, 0x00, 0x00, 0x00, 0x00, 0x00, 0x00, 0xc8, 0xc8, 0x00, 0x00, 0x00,
  0xc8, 0xc9, 0x00, 0x00, 0xff, 0xff, 0x03, 0x00, 0x00, 0xff, 0xff, 0x04, 0x00, 0xff, 0xff, 0x04, 0x00, 0x00, 0xff, 0xff,
  0x04, 0x00, 0xff, 0xff, 0x04, 0x00, 0x00, 0xff, 0xff, 0x04, 0x00, 0xff, 0xff, 0x04, 0x00, 0x05, 0xff, 0xff, 0x04, 0x00,
  0xff, 0xff, 0x1c, 0x00, 0x3f, 0xff, 0xff, 0x04, 0x00, 0xff, 0xff, 0xca, 0x92, 0xdf, 0xff, 0xff, 0x04, 0x00, 0xff, 0xfa,
  0xd0, 0xef, 0x61, 0xc7, 0xd2, 0x00, 0x00, 0xff, 0xf3, 0x00, 0x00, 0x00, 0x00, 0x00, 0x00, 0x00, 0xff, 0xfe, 0x00, 0x00,
  0x00, 0x00, 0x00, 0x00, 0x00, 0xc6, 0xcc, 0x00, 0x00, 0x00, 0x00, 0x00, 0x00, 0x00, 0x25, 0xb0, 0xf0, 0xff, 0xff, 0xff,
  0xff, 0xcd, 0x00, 0x0f, 0xe5, 0xff, 0xff, 0xff, 0xff, 0x85, 0xff, 0xff, 0x04, 0x61, 0xff, 0xff, 0xff, 0xff, 0xff, 0x04,
  0xff, 0xff, 0x04, 0x78, 0xff, 0xff, 0xff, 0xff, 0xff, 0x04, 0xff, 0xff, 0x04, 0x4c, 0xff, 0xff, 0xff, 0xff, 0xff, 0x04,
  0xff, 0xff, 0x04, 0x03, 0xbb, 0xff, 0xff, 0xff, 0xff, 0x04, 0xff, 0xff, 0x04, 0x00, 0x05, 0x68, 0xa6, 0xff, 0xff, 0x04,
  0xff, 0xff, 0x04, 0x00, 0x00, 0x00, 0x00, 0xff, 0xff, 0x04, 0xff, 0xff, 0x04, 0x00, 0x00, 0x00, 0x00, 0xff, 0xff, 0x04,
  0xff, 0xff, 0x04, 0x00, 0x00, 0x00, 0x00, 0xff, 0xff, 0x04, 0xff, 0xff, 0x04, 0x00, 0x00, 0x00, 0x00, 0xff, 0xff, 0x04,
  0xff, 0xff, 0x04, 0x00, 0x00, 0x00, 0x00, 0xff, 0xff, 0x04, 0xff, 0xff, 0x04, 0x00, 0x00, 0x00, 0x00, 0xff, 0xff, 0x04,
  0xff, 0xff, 0x04, 0x00, 0x00, 0x00, 0x00, 0xd1, 0xdf, 0x01, 0xd1, 0xdf, 0x01, 0x00, 0x0d, 0x0e, 0x00, 0x00, 0xe0, 0xe3,
  0x00, 0x00, 0xc6, 0xca, 0x00, 0x00, 0x00, 0x00, 0x00, 0x00, 0x00, 0x00, 0x00, 0x00, 0x00, 0x00, 0x00, 0x00, 0x00, 0x4d,
  0x3d, 0x00, 0x00, 0x00, 0x00, 0x00, 0xb2, 0xd9, 0x57, 0x00, 0x00, 0x00, 0x4f, 0x9f, 0xb8, 0xf2, 0x00, 0x00, 0x00, 0x47,
  0xe3, 0xe9, 0x76, 0x00, 0x00, 0x00, 0x47, 0xc2, 0xe6, 0x00, 0x00, 0x00, 0x2a, 0xfc, 0xff, 0xff, 0x00, 0x00, 0x00, 0x00,
  0x10, 0x8c, 0xff, 0x00, 0x00, 0x00, 0x00, 0x00, 0x8c, 0xff, 0x00, 0x00, 0x00, 0x00, 0x40, 0xb3, 0xff, 0x57, 0x39, 0x00,
  0x00, 0xdb, 0xff, 0xff, 0xff, 0xda, 0x00, 0x00, 0x00, 0x00, 0x00, 0x00, 0x00, 0x00, 0x00, 0x00, 0x00, 0x00, 0x00, 0x00,
  0x00, 0x00, 0x00, 0x00, 0x00, 0x00, 0x00, 0x00, 0x00, 0x00, 0x00, 0x00, 0x00, 0x00, 0x00, 0x00, 0x00, 0x00, 0x00, 0x00,
  0x00, 0x00, 0x00, 0x27, 0xc8, 0xf8, 0xc8, 0x27, 0x00, 0x00, 0xc7, 0xd8, 0x44, 0xdb, 0xc6, 0x00, 0x00, 0xf9, 0x92, 0x00,
  0x93, 0xf8, 0x00, 0x00, 0xd5, 0xc3, 0x10, 0xc7, 0xd5, 0x00, 0x00, 0x36, 0xed, 0xff, 0xed, 0x35, 0x00, 0x00, 0x00, 0x09,
  0x29, 0x09, 0x00, 0x00, 0x00, 0x00, 0x00, 0x00, 0x00, 0x00, 0x00, 0x00, 0x00, 0x00, 0x00, 0x00, 0x00, 0x00, 0x00, 0x00,
  0x00, 0x00, 0x00, 0x00, 0x00, 0x00, 0x00, 0x00, 0x00, 0x00, 0x00, 0x00, 0x00, 0x00, 0x00, 0x00, 0x00, 0x00, 0x00, 0x00,
  0x27, 0x02, 0x00, 0x16, 0x12, 0x00, 0x00, 0x0f, 0xfc, 0x87, 0x00, 0xbb, 0xd3, 0x04, 0x00, 0x00, 0xbe, 0xfa, 0x2a, 0x6e,
  0xff, 0x75, 0x00, 0x00, 0x4a, 0xff, 0x9d, 0x09, 0xf0, 0xec, 0x00, 0x00, 0x83, 0xff, 0x68, 0x33, 0xff, 0xb8, 0x00, 0x06,
  0xef, 0xcc, 0x02, 0xa6, 0xf8, 0x26, 0x00, 0x07, 0xa2, 0x2b, 0x00, 0x73, 0x61, 0x00, 0x00, 0x00, 0x00, 0x00, 0x00, 0x00,
  0x00, 0x00, 0x00, 0x00, 0x02, 0x57, 0x5d, 0x00, 0x00, 0x00, 0x00, 0x00, 0x00, 0x70, 0x25, 0x00, 0x00, 0x00, 0x28, 0xcf,
  0xff, 0xfe, 0x00, 0x00, 0x00, 0x00, 0x00, 0x50, 0xff, 0x5a, 0x00, 0x00, 0x00, 0x5c, 0xba, 0xff, 0xff, 0x00, 0x00, 0x00,
  0x00, 0x07, 0xdc, 0xd2, 0x03, 0x00, 0x00, 0x00, 0x00, 0x04, 0xff, 0xff, 0x00, 0x00, 0x00, 0x00, 0x77, 0xff, 0x42, 0x00,
  0x00, 0x00, 0x00, 0x00, 0x04, 0xff, 0xff, 0x00, 0x00, 0x00, 0x18, 0xf2, 0xae, 0x00, 0x00, 0x00, 0x00, 0x00, 0x00, 0x10,
  0xff, 0xff, 0x13, 0x05, 0x00, 0x9f, 0xf8, 0x21, 0x00, 0x2c, 0xe7, 0xd1, 0x00, 0x00, 0xed, 0xff, 0xff, 0xff, 0xe3, 0x34,
  0xfe, 0x86, 0x00, 0x04, 0xcf, 0xff, 0xff, 0x00, 0x00, 0x2b, 0x44, 0x44, 0x44, 0x2b, 0xc5, 0xe6, 0x0c, 0x00, 0x7c, 0xe2,
  0xff, 0xff, 0x00, 0x00, 0x00, 0x00, 0x00, 0x00, 0x5b, 0xff, 0x5e, 0x00, 0x2a, 0xf8, 0x48, 0xff, 0xff, 0x00, 0x00, 0x00,
  0x00, 0x00, 0x0a, 0xe3, 0xc9, 0x01, 0x00, 0xc6, 0xf0, 0x85, 0xff, 0xff, 0x30, 0x00, 0x00, 0x00, 0x00, 0x82, 0xfe, 0x38,
  0x00, 0x05, 0xe1, 0xff, 0xff, 0xff, 0xff, 0x70, 0x00, 0x00, 0x00, 0x00, 0xe6, 0xa2, 0x00, 0x00, 0x00, 0x00, 0x00, 0x01,
  0xdb, 0xd9, 0x00, 0x00, 0x00, 0x00, 0x00, 0x28, 0x0a, 0x00, 0x00, 0x00, 0x00, 0x00, 0x00, 0x00, 0x00, 0x00, 0x00, 0x02,
  0x57, 0x5d, 0x00, 0x00, 0x00, 0x00, 0x00, 0x00, 0x70, 0x25, 0x00, 0x00, 0x00, 0x00, 0x28, 0xcf, 0xff, 0xfe, 0x00, 0x00,
  0x00, 0x00, 0x00, 0x50, 0xff, 0x5a, 0x00, 0x00, 0x00, 0x00, 0x5c, 0xba, 0xff, 0xff, 0x00, 0x00, 0x00, 0x00, 0x07, 0xdc,
  0xd2, 0x03, 0x00, 0x00, 0x00, 0x00, 0x00, 0x04, 0xff, 0xff, 0x00, 0x00, 0x00, 0x00, 0x77, 0xff, 0x42, 0x00, 0x00, 0x00,
  0x00, 0x00, 0x00, 0x04, 0xff, 0xff, 0x00, 0x00, 0x00, 0x18, 0xf2, 0xae, 0x00, 0x00, 0x00, 0x00, 0x00, 0x00, 0x00, 0x10,
  0xff, 0xff, 0x13, 0x05, 0x00, 0x9f, 0xf8, 0x21, 0x60, 0xd7, 0xf4, 0xc8, 0x41, 0x00, 0x00, 0xed, 0xff, 0xff, 0xff, 0xe3,
  0x34, 0xfe, 0x86, 0x00, 0xc6, 0xa3, 0xb2, 0xff, 0xe7, 0x00, 0x00, 0x2b, 0x44, 0x44, 0x44, 0x2b, 0xc5, 0xe6, 0x0c, 0x00,
  0x00, 0x00, 0x17, 0xff, 0xe1, 0x00, 0x00, 0x00, 0x00, 0x00, 0x00, 0x5b, 0xff, 0x5e, 0x00, 0x00, 0x00, 0x00, 0x8e, 0xfd,
  0x52, 0x00, 0x00, 0x00, 0x00, 0x00, 0x0a, 0xe3, 0xc9, 0x01, 0x00, 0x00, 0x00, 0x73, 0xfb, 0x5a, 0x00, 0x00, 0x00, 0x00,
  0x00, 0x00, 0x82, 0xfe, 0x38, 0x00, 0x00, 0x00, 0x61, 0xff, 0xca, 0x84, 0x66, 0x00, 0x00, 0x00, 0x00, 0x00, 0xe6, 0xa2,
  0x00, 0x00, 0x00, 0x00, 0x9d, 0xff, 0xff, 0xff, 0xdc, 0x00, 0x00, 0x00, 0x00, 0x00, 0x28, 0x0a, 0x00, 0x00, 0x00, 0x00,
  0x00, 0x00, 0x00, 0x00, 0x00, 0x00, 0x00, 0x26, 0x6e, 0x74, 0x1a, 0x00, 0x00, 0x00, 0x00, 0x00, 0x70, 0x25, 0x00, 0x00,
  0x00, 0x38, 0xfe, 0xff, 0xff, 0xcf, 0x00, 0x00, 0x00, 0x00, 0x50, 0xff, 0x5a, 0x00, 0x00, 0x00, 0x0f, 0x48, 0x0e, 0x67,
  0xeb, 0x00, 0x00, 0x00, 0x07, 0xdc, 0xd2, 0x03, 0x00, 0x00, 0x00, 0x00, 0x82, 0xff, 0xff, 0x70, 0x00, 0x00, 0x00, 0x77,
  0xff, 0x42, 0x00, 0x00, 0x00, 0x00, 0x00, 0x37, 0x85, 0xbd, 0xca, 0x00, 0x00, 0x18, 0xf2, 0xae, 0x00, 0x00, 0x00, 0x00,
  0x00, 0x2c, 0x3f, 0x0a, 0x60, 0xef, 0x00, 0x00, 0x9f, 0xf8, 0x21, 0x00, 0x2a, 0xe5, 0xd4, 0x00, 0x78, 0xff, 0xff, 0xff,
  0xab, 0x00, 0x34, 0xfe, 0x86, 0x00, 0x03, 0xcb, 0xff, 0xff, 0x04, 0x00, 0x3e, 0x76, 0x6e, 0x0c, 0x00, 0xc5, 0xe6, 0x0c,
  0x00, 0x78, 0xdc, 0xff, 0xff, 0x04, 0x00, 0x00, 0x00, 0x00, 0x00, 0x5b, 0xff, 0x5e, 0x00, 0x27, 0xf3, 0x37, 0xff, 0xff,
  0x04, 0x00, 0x00, 0x00, 0x00, 0x0a, 0xe3, 0xc9, 0x01, 0x00, 0xc2, 0xe2, 0x84, 0xff, 0xff, 0x22, 0x00, 0x00, 0x00, 0x00,
  0x82, 0xfe, 0x38, 0x00, 0x03, 0xdf, 0xff, 0xff, 0xff, 0xff, 0x4a, 0x00, 0x00, 0x00, 0x00, 0xe6, 0xa2, 0x00, 0x00, 0x00,
  0x00, 0x00, 0x00, 0xd9, 0xdc, 0x01, 0x00, 0x00, 0x00, 0x00, 0x28, 0x0a, 0x00, 0x00, 0x00, 0x00, 0x00, 0x00, 0x00, 0x00,
  0x00, 0x00, 0x00, 0x00, 0x00, 0xc8, 0xc2, 0x00, 0x00, 0x00, 0x00, 0x00, 0x00, 0x00, 0xe4, 0xde, 0x00, 0x00, 0x00, 0x00,
  0x00, 0x00, 0x00, 0x0e, 0x0d, 0x00, 0x00, 0x00, 0x00, 0x00, 0x00, 0x00, 0xa2, 0x47, 0x00, 0x00, 0x00, 0x00, 0x00, 0x00,
  0x3d, 0xff, 0x63, 0x00, 0x00, 0x00, 0x00, 0x00, 0x31, 0xe9, 0xe2, 0x0c, 0x00, 0x00, 0x00, 0x00, 0x36, 0xf2, 0xe5, 0x26,
  0x00, 0x00, 0x00, 0x00, 0x00, 0xcd, 0xff, 0x3b, 0x00, 0x00, 0x00, 0x00, 0x00, 0x00, 0xf7, 0xff, 0x24, 0x00, 0x00, 0x39,
  0x52, 0x00, 0x00, 0xb3, 0xff, 0xef, 0xc3, 0xe0, 0xff, 0xeb, 0x00, 0x00, 0x10, 0x9b, 0xe9, 0xf7, 0xd8, 0x93, 0x24, 0x00,
  0x00, 0x00, 0x00, 0x2a, 0x72, 0x00, 0x00, 0x00, 0x00, 0x00, 0x00, 0x00, 0x00, 0x00, 0x00, 0x5f, 0xff, 0x67, 0x00, 0x00,
  0x00, 0x00, 0x00, 0x00, 0x00, 0x00, 0x00, 0x00, 0x8f, 0xf3, 0x17, 0x00, 0x00, 0x00, 0x00, 0x00, 0x00, 0x00, 0x00, 0x00,
  0x01, 0x61, 0x0c, 0x00, 0x00, 0x00, 0x00, 0x00, 0x00, 0x00, 0x00, 0x00, 0x00, 0x00, 0x00, 0x00, 0x00, 0x00, 0x00, 0x00,
  0x00, 0x00, 0x00, 0x00, 0x12, 0xd2, 0xc5, 0x0a, 0x00, 0x00, 0x00, 0x00, 0x00, 0x00, 0x00, 0x00, 0x89, 0xec, 0xf7, 0x75,
  0x00, 0x00, 0x00, 0x00, 0x00, 0x00, 0x00, 0x10, 0xf2, 0x87, 0xa0, 0xe7, 0x07, 0x00, 0x00, 0x00, 0x00, 0x00, 0x00, 0x7b,
  0xfd, 0x1f, 0x34, 0xff, 0x68, 0x00, 0x00, 0x00, 0x00, 0x00, 0x0a, 0xea, 0xb1, 0x00, 0x00, 0xc8, 0xde, 0x03, 0x00, 0x00,
  0x00, 0x00, 0x6e, 0xff, 0x46, 0x00, 0x00, 0x5d, 0xff, 0x5b, 0x00, 0x00, 0x00, 0x05, 0xe1, 0xff, 0xa5, 0xa4, 0xa4, 0xab,
  0xff, 0xd3, 0x01, 0x00, 0x00, 0x60, 0xff, 0xff, 0xff, 0xff, 0xff, 0xff, 0xff, 0xff, 0x4e, 0x00, 0x01, 0xd7, 0xf6, 0x0f,
  0x00, 0x00, 0x00, 0x00, 0x1f, 0xfd, 0xc7, 0x00, 0x4f, 0xff, 0xa2, 0x00, 0x00, 0x00, 0x00, 0x00, 0x00, 0xb7, 0xff, 0x3f,
  0x66, 0xe9, 0x2f, 0x00, 0x00, 0x00, 0x00, 0x00, 0x00, 0x3f, 0xeb, 0x5a, 0x00, 0x00, 0x00, 0x00, 0x00, 0x00, 0x02, 0x77,
  0x24, 0x00, 0x00, 0x00, 0x00, 0x00, 0x00, 0x00, 0x00, 0x00, 0x74, 0xff, 0x51, 0x00, 0x00, 0x00, 0x00, 0x00, 0x00, 0x00,
  0x00, 0x20, 0xf7, 0x80, 0x00, 0x00, 0x00, 0x00, 0x00, 0x00, 0x00, 0x00, 0x00, 0x12, 0x5e, 0x00, 0x00, 0x00, 0x00, 0x00,
  0x00, 0x00, 0x00, 0x00, 0x00, 0x00, 0x00, 0x00, 0x00, 0x00, 0x00, 0x00, 0x00, 0x00, 0x00, 0x00, 0x12, 0xd2, 0xc5, 0x0a,
  0x00, 0x00, 0x00, 0x00, 0x00, 0x00, 0x00, 0x00, 0x89, 0xec, 0xf7, 0x75, 0x00, 0x00, 0x00, 0x00, 0x00, 0x00, 0x00, 0x10,
  0xf2, 0x87, 0xa0, 0xe7, 0x07, 0x00, 0x00, 0x00, 0x00, 0x00, 0x00, 0x7b, 0xfd, 0x1f, 0x34, 0xff, 0x68, 0x00, 0x00, 0x00,
  0x00, 0x00, 0x0a, 0xea, 0xb1, 0x00, 0x00, 0xc8, 0xde, 0x03, 0x00, 0x00, 0x00, 0x00, 0x6e, 0xff, 0x46, 0x00, 0x00, 0x5d,
  0xff, 0x5b, 0x00, 0x00, 0x00, 0x05, 0xe1, 0xff, 0xa5, 0xa4, 0xa4, 0xab, 0xff, 0xd3, 0x01, 0x00, 0x00, 0x60, 0xff, 0xff,
  0xff, 0xff, 0xff, 0xff, 0xff, 0xff, 0x4e, 0x00, 0x01, 0xd7, 0xf6, 0x0f, 0x00, 0x00, 0x00, 0x00, 0x1f, 0xfd, 0xc7, 0x00,
  0x4f, 0xff, 0xa2, 0x00, 0x00, 0x00, 0x00, 0x00, 0x00, 0xb7, 0xff, 0x3f, 0x66, 0xe9, 0x2f, 0x00, 0x00, 0x00, 0x00, 0x00,
  0x00, 0x3f, 0xeb, 0x5a, 0x00, 0x00, 0x00, 0x00, 0x00, 0x5b, 0x54, 0x00, 0x00, 0x00, 0x00, 0x00, 0x00, 0x00, 0x00, 0x00,
  0x7e, 0xf8, 0xfb, 0x70, 0x00, 0x00, 0x00, 0x00, 0x00, 0x00, 0x00, 0x3a, 0xfb, 0x54, 0x62, 0xf8, 0x2c, 0x00, 0x00, 0x00,
  0x00, 0x00, 0x00, 0x28, 0x4d, 0x00, 0x00, 0x53, 0x22, 0x00, 0x00, 0x00, 0x00, 0x00, 0x00, 0x00, 0x00, 0x00, 0x00, 0x00,
  0x00, 0x00, 0x00, 0x00, 0x00, 0x00, 0x00, 0x00, 0x12, 0xd2, 0xc5, 0x0a, 0x00, 0x00, 0x00, 0x00, 0x00, 0x00, 0x00, 0x00,
  0x89, 0xec, 0xf7, 0x75, 0x00, 0x00, 0x00, 0x00, 0x00, 0x00, 0x00, 0x10, 0xf2, 0x87, 0xa0, 0xe7, 0x07, 0x00, 0x00, 0x00,
  0x00, 0x00, 0x00, 0x7b, 0xfd, 0x1f, 0x34, 0xff, 0x68, 0x00, 0x00, 0x00, 0x00, 0x00, 0x0a, 0xea, 0xb1, 0x00, 0x00, 0xc8,
  0xde, 0x03, 0x00, 0x00, 0x00, 0x00, 0x6e, 0xff, 0x46, 0x00, 0x00, 0x5d, 0xff, 0x5b, 0x00, 0x00, 0x00, 0x05, 0xe1, 0xff,
  0xa5, 0xa4, 0xa4, 0xab, 0xff, 0xd3, 0x01, 0x00, 0x00, 0x60, 0xff, 0xff, 0xff, 0xff, 0xff, 0xff, 0xff, 0xff, 0x4e, 0x00,
  0x01, 0xd7, 0xf6, 0x0f, 0x00, 0x00, 0x00, 0x00, 0x1f, 0xfd, 0xc7, 0x00, 0x4f, 0xff, 0xa2, 0x00, 0x00, 0x00, 0x00, 0x00,
  0x00, 0xb7, 0xff, 0x3f, 0x66, 0xe9, 0x2f, 0x00, 0x00, 0x00, 0x00, 0x00, 0x00, 0x3f, 0xeb, 0x5a, 0x00, 0x00, 0x00, 0x59,
  0xa4, 0x71, 0x0a, 0x00, 0x6d, 0x4d, 0x00, 0x00, 0x00, 0x00, 0x42, 0xf5, 0xb3, 0xee, 0xe8, 0xb2, 0xf7, 0x34, 0x00, 0x00,
  0x00, 0x00, 0x5a, 0x5f, 0x00, 0x0f, 0x78, 0xa4, 0x53, 0x00, 0x00, 0x00, 0x00, 0x00, 0x00, 0x00, 0x00, 0x00, 0x00, 0x00,
  0x00, 0x00, 0x00, 0x00, 0x00, 0x00, 0x00, 0x00, 0x12, 0xd2, 0xc5, 0x0a, 0x00, 0x00, 0x00, 0x00, 0x00, 0x00, 0x00, 0x00,
  0x89, 0xec, 0xf7, 0x75, 0x00, 0x00, 0x00, 0x00, 0x00, 0x00, 0x00, 0x10, 0xf2, 0x87, 0xa0, 0xe7, 0x07, 0x00, 0x00, 0x00,
  0x00, 0x00, 0x00, 0x7b, 0xfd, 0x1f, 0x34, 0xff, 0x68, 0x00, 0x00, 0x00, 0x00, 0x00, 0x0a, 0xea, 0xb1, 0x00, 0x00, 0xc8,
  0xde, 0x03, 0x00, 0x00, 0x00, 0x00, 0x6e, 0xff, 0x46, 0x00, 0x00, 0x5d, 0xff, 0x5b, 0x00, 0x00, 0x00, 0x05, 0xe1, 0xff,
  0xa5, 0xa4, 0xa4, 0xab, 0xff, 0xd3, 0x01, 0x00, 0x00, 0x60, 0xff, 0xff, 0xff, 0xff, 0xff, 0xff, 0xff, 0xff, 0x4e, 0x00,
  0x01, 0xd7, 0xf6, 0x0f, 0x00, 0x00, 0x00, 0x00, 0x1f, 0xfd, 0xc7, 0x00, 0x4f, 0xff, 0xa2, 0x00, 0x00, 0x00, 0x00, 0x00,
  0x00, 0xb7, 0xff, 0x3f, 0x66, 0xe9, 0x2f, 0x00, 0x00, 0x00, 0x00, 0x00, 0x00, 0x3f, 0xeb, 0x5a, 0x00, 0x00, 0x00, 0x00,
  0x57, 0x5a, 0x00, 0x57, 0x59, 0x00, 0x00, 0x00, 0x00, 0x00, 0x00, 0x00, 0x00, 0xd2, 0xd6, 0x00, 0xd2, 0xd6, 0x00, 0x00,
  0x00, 0x00, 0x00, 0x00, 0x00, 0x00, 0x00, 0x00, 0x00, 0x00, 0x00, 0x00, 0x00, 0x00, 0x00, 0x00, 0x00, 0x00, 0x00, 0x00,
  0x00, 0x00, 0x00, 0x00, 0x00, 0x00, 0x00, 0x00, 0x00, 0x00, 0x00, 0x00, 0x00, 0x67, 0xec, 0x65, 0x00, 0x00, 0x00, 0x00,
  0x00, 0x00, 0x00, 0x00, 0x00, 0x0f, 0xf1, 0xe2, 0xf1, 0x0f, 0x00, 0x00, 0x00, 0x00, 0x00, 0x00, 0x00, 0x00, 0x7a, 0xf9,
  0x2f, 0xfa, 0x7a, 0x00, 0x00, 0x00, 0x00, 0x00, 0x00, 0x00, 0x09, 0xe9, 0xa4, 0x00, 0xa8, 0xea, 0x09, 0x00, 0x00, 0x00,
  0x00, 0x00, 0x00, 0x6d, 0xff, 0x39, 0x00, 0x3c, 0xff, 0x6d, 0x00, 0x00, 0x00, 0x00, 0x00, 0x04, 0xe1, 0xce, 0x00, 0x00,
  0x00, 0xd0, 0xe1, 0x05, 0x00, 0x00, 0x00, 0x00, 0x5f, 0xff, 0xf8, 0xa4, 0xa4, 0xa4, 0xf9, 0xff, 0x60, 0x00, 0x00, 0x00,
  0x01, 0xd6, 0xff, 0xff, 0xff, 0xff, 0xff, 0xff, 0xff, 0xd7, 0x02, 0x00, 0x00, 0x51, 0xff, 0x8d, 0x00, 0x00, 0x00, 0x00,
  0x00, 0x91, 0xff, 0x53, 0x00, 0x00, 0xc7, 0xff, 0x2a, 0x00, 0x00, 0x00, 0x00, 0x00, 0x2b, 0xff, 0xcb, 0x00, 0x00, 0xd9,
  0xa5, 0x00, 0x00, 0x00, 0x00, 0x00, 0x00, 0x00, 0xa4, 0xdf, 0x01, 0x00, 0x00, 0x00, 0x00, 0x06, 0x68, 0x69, 0x06, 0x00,
  0x00, 0x00, 0x00, 0x00, 0x00, 0x00, 0x00, 0x9d, 0xff, 0xff, 0x9d, 0x00, 0x00, 0x00, 0x00, 0x00, 0x00, 0x00, 0x00, 0xf7,
  0x32, 0x32, 0xf6, 0x00, 0x00, 0x00, 0x00, 0x00, 0x00, 0x00, 0x00, 0xdb, 0xb0, 0xb0, 0xdb, 0x00, 0x00, 0x00, 0x00, 0x00,
  0x00, 0x00, 0x00, 0x3b, 0xe5, 0xe5, 0x3a, 0x00, 0x00, 0x00, 0x00, 0x00, 0x00, 0x00, 0x00, 0x00, 0x00, 0x00, 0x00, 0x00,
  0x00, 0x00, 0x00, 0x00, 0x00, 0x00, 0x00, 0x0f, 0xcd, 0xca, 0x0d, 0x00, 0x00, 0x00, 0x00, 0x00, 0x00, 0x00, 0x00, 0x81,
  0xf0, 0xf4, 0x7c, 0x00, 0x00, 0x00, 0x00, 0x00, 0x00, 0x00, 0x0c, 0xed, 0x90, 0x98, 0xeb, 0x0a, 0x00, 0x00, 0x00, 0x00,
  0x00, 0x00, 0x72, 0xff, 0x27, 0x2d, 0xff, 0x6e, 0x00, 0x00, 0x00, 0x00, 0x00, 0x06, 0xe4, 0xbc, 0x00, 0x00, 0xc2, 0xe2,
  0x05, 0x00, 0x00, 0x00, 0x00, 0x64, 0xff, 0x52, 0x00, 0x00, 0x57, 0xff, 0x61, 0x00, 0x00, 0x00, 0x02, 0xd9, 0xff, 0xa7,
  0xa4, 0xa4, 0xa9, 0xff, 0xd8, 0x02, 0x00, 0x00, 0x55, 0xff, 0xff, 0xff, 0xff, 0xff, 0xff, 0xff, 0xff, 0x53, 0x00, 0x00,
  0xcc, 0xfa, 0x16, 0x00, 0x00, 0x00, 0x00, 0x1c, 0xfc, 0xcc, 0x00, 0x43, 0xff, 0xae, 0x00, 0x00, 0x00, 0x00, 0x00, 0x00,
  0xb3, 0xff, 0x43, 0x5b, 0xeb, 0x38, 0x00, 0x00, 0x00, 0x00, 0x00, 0x00, 0x3c, 0xea, 0x5e, 0x00, 0x00, 0x00, 0x00, 0x00,
  0x00, 0xa0, 0xfd, 0xff, 0xff, 0xff, 0xff, 0xff, 0xff, 0xfb, 0x57, 0x00, 0x00, 0x00, 0x00, 0x00, 0x5a, 0xfd, 0xf5, 0xff,
  0x84, 0x84, 0x84, 0x84, 0x84, 0x7f, 0x1e, 0x00, 0x00, 0x00, 0x00, 0x14, 0xeb, 0x96, 0xb6, 0xfb, 0x0a, 0x00, 0x00, 0x00,
  0x00, 0x00, 0x00, 0x00, 0x00, 0x00, 0x00, 0xa6, 0xed, 0x12, 0x7f, 0xff, 0x40, 0x00, 0x00, 0x00, 0x00, 0x00, 0x00, 0x00,
  0x00, 0x00, 0x4b, 0xff, 0x68, 0x00, 0x47, 0xff, 0xdc, 0x84, 0x84, 0x84, 0x84, 0x5b, 0x00, 0x00, 0x00, 0x0d, 0xe3, 0xce,
  0x02, 0x00, 0x11, 0xfe, 0xff, 0xff, 0xff, 0xff, 0xff, 0xd3, 0x00, 0x00, 0x00, 0x97, 0xff, 0xbe, 0x84, 0x84, 0x84, 0xff,
  0xeb, 0x00, 0x00, 0x00, 0x00, 0x00, 0x00, 0x00, 0x3e, 0xff, 0xff, 0xff, 0xff, 0xff, 0xff, 0xff, 0xff, 0x22, 0x00, 0x00,
  0x00, 0x00, 0x00, 0x08, 0xd9, 0xf5, 0x1b, 0x00, 0x00, 0x00, 0x00, 0x6e, 0xff, 0x59, 0x00, 0x00, 0x00, 0x00, 0x00, 0x85,
  0xff, 0x83, 0x00, 0x00, 0x00, 0x00, 0x00, 0x3b, 0xff, 0xec, 0x84, 0x84, 0x84, 0x7e, 0x1d, 0xb7, 0xce, 0x0c, 0x00, 0x00,
  0x00, 0x00, 0x00, 0x07, 0xd6, 0xff, 0xff, 0xff, 0xff, 0xfb, 0x56, 0x00, 0x00, 0x00, 0x4f, 0xb7, 0xeb, 0xf9, 0xe2, 0xb0,
  0x4e, 0x00, 0x00, 0x00, 0x91, 0xff, 0xf6, 0xa9, 0x8b, 0xaa, 0xf5, 0xff, 0x18, 0x00, 0x4d, 0xff, 0xe4, 0x23, 0x00, 0x00,
  0x00, 0x0f, 0x3b, 0x00, 0x00, 0xb7, 0xff, 0x60, 0x00, 0x00, 0x00, 0x00, 0x00, 0x00, 0x00, 0x00, 0xeb, 0xff, 0x1b, 0x00,
  0x00, 0x00, 0x00, 0x00, 0x00, 0x00, 0x00, 0xfa, 0xff, 0x09, 0x00, 0x00, 0x00, 0x00, 0x00, 0x00, 0x00, 0x00, 0xe7, 0xff,
  0x1b, 0x00, 0x00, 0x00, 0x00, 0x00, 0x00, 0x00, 0x00, 0xb4, 0xff, 0x5f, 0x00, 0x00, 0x00, 0x00, 0x00, 0x00, 0x00, 0x00,
  0x4d, 0xff, 0xe2, 0x20, 0x00, 0x00, 0x00, 0x0c, 0x37, 0x00, 0x00, 0x00, 0x8e, 0xff, 0xf4, 0xa7, 0x8b, 0xa4, 0xf1, 0xff,
  0x20, 0x00, 0x00, 0x00, 0x4e, 0xb5, 0xff, 0xff, 0xe2, 0xb1, 0x4b, 0x00, 0x00, 0x00, 0x00, 0x00, 0x00, 0x56, 0xff, 0x75,
  0x0b, 0x00, 0x00, 0x00, 0x00, 0x00, 0x00, 0x00, 0x33, 0x5d, 0xef, 0x6f, 0x00, 0x00, 0x00, 0x00, 0x00, 0x00, 0x18, 0xdb,
  0xf0, 0xc4, 0x20, 0x00, 0x00, 0x00, 0x00, 0x00, 0x06, 0x00, 0x00, 0x00, 0x00, 0x00, 0x00, 0x00, 0x27, 0xf8, 0x55, 0x00,
  0x00, 0x00, 0x00, 0x00, 0x00, 0x04, 0xb7, 0xed, 0x18, 0x00, 0x00, 0x00, 0x00, 0x00, 0x00, 0x0a, 0xc0, 0x65, 0x00, 0x00,
  0x00, 0x00, 0x00, 0x00, 0x00, 0x00, 0x00, 0x00, 0x00, 0x00, 0x00, 0xc5, 0xff, 0xff, 0xff, 0xff, 0xff, 0xfe, 0x80, 0x00,
  0xff, 0xff, 0x85, 0x84, 0x84, 0x84, 0x83, 0x33, 0x00, 0xff, 0xff, 0x04, 0x00, 0x00, 0x00, 0x00, 0x00, 0x00, 0xff, 0xff,
  0x04, 0x00, 0x00, 0x00, 0x00, 0x00, 0x00, 0xff, 0xff, 0x85, 0x84, 0x84, 0x84, 0x79, 0x0e, 0x00, 0xff, 0xff, 0xff, 0xff,
  0xff, 0xff, 0xf6, 0x31, 0x00, 0xff, 0xff, 0x04, 0x00, 0x00, 0x00, 0x00, 0x00, 0x00, 0xff, 0xff, 0x04, 0x00, 0x00, 0x00,
  0x00, 0x00, 0x00, 0xff, 0xff, 0x04, 0x00, 0x00, 0x00, 0x00, 0x00, 0x00, 0xff, 0xff, 0x85, 0x84, 0x84, 0x84, 0x82, 0x31,
  0x00, 0xc6, 0xff, 0xff, 0xff, 0xff, 0xff, 0xff, 0x81, 0x00, 0x00, 0x00, 0x00, 0x00, 0x00, 0x04, 0x02, 0x00, 0x00, 0x00,
  0x00, 0x00, 0x00, 0x06, 0xcc, 0xa5, 0x00, 0x00, 0x00, 0x00, 0x00, 0x00, 0x84, 0xf9, 0x43, 0x00, 0x00, 0x00, 0x00, 0x00,
  0x00, 0xda, 0x56, 0x00, 0x00, 0x00, 0x00, 0x00, 0x00, 0x00, 0x00, 0x00, 0x00, 0x00, 0x00, 0xc5, 0xff, 0xff, 0xff, 0xff,
  0xff, 0xfe, 0x80, 0x00, 0xff, 0xff, 0x85, 0x84, 0x84, 0x84, 0x83, 0x33, 0x00, 0xff, 0xff, 0x04, 0x00, 0x00, 0x00, 0x00,
  0x00, 0x00, 0xff, 0xff, 0x04, 0x00, 0x00, 0x00, 0x00, 0x00, 0x00, 0xff, 0xff, 0x85, 0x84, 0x84, 0x84, 0x79, 0x0e, 0x00,
  0xff, 0xff, 0xff, 0xff, 0xff, 0xff, 0xf6, 0x31, 0x00, 0xff, 0xff, 0x04, 0x00, 0x00, 0x00, 0x00, 0x00, 0x00, 0xff, 0xff,
  0x04, 0x00, 0x00, 0x00, 0x00, 0x00, 0x00, 0xff, 0xff, 0x04, 0x00, 0x00, 0x00, 0x00, 0x00, 0x00, 0xff, 0xff, 0x85, 0x84,
  0x84, 0x84, 0x82, 0x31, 0x00, 0xc6, 0xff, 0xff, 0xff, 0xff, 0xff, 0xff, 0x81, 0x00, 0x00, 0x00, 0x00, 0x4a, 0x59, 0x00,
  0x00, 0x00, 0x00, 0x00, 0x00, 0x4a, 0xfe, 0xff, 0x6a, 0x00, 0x00, 0x00, 0x00, 0x0d, 0xe2, 0xab, 0x8b, 0xf2, 0x1b, 0x00,
  0x00, 0x00, 0x45, 0xd1, 0x0e, 0x04, 0xbb, 0x61, 0x00, 0x00, 0x00, 0x00, 0x00, 0x00, 0x00, 0x00, 0x00, 0x00, 0x00, 0xc5,
  0xff, 0xff, 0xff, 0xff, 0xff, 0xfe, 0x80, 0x00, 0xff, 0xff, 0x85, 0x84, 0x84, 0x84, 0x83, 0x33, 0x00, 0xff, 0xff, 0x04,
  0x00, 0x00, 0x00, 0x00, 0x00, 0x00, 0xff, 0xff, 0x04, 0x00, 0x00, 0x00, 0x00, 0x00, 0x00, 0xff, 0xff, 0x85, 0x84, 0x84,
  0x84, 0x79, 0x0e, 0x00, 0xff, 0xff, 0xff, 0xff, 0xff, 0xff, 0xf6, 0x31, 0x00, 0xff, 0xff, 0x04, 0x00, 0x00, 0x00, 0x00,
  0x00, 0x00, 0xff, 0xff, 0x04, 0x00, 0x00, 0x00, 0x00, 0x00, 0x00, 0xff, 0xff, 0x04, 0x00, 0x00, 0x00, 0x00, 0x00, 0x00,
  0xff, 0xff, 0x85, 0x84, 0x84, 0x84, 0x82, 0x31, 0x00, 0xc6, 0xff, 0xff, 0xff, 0xff, 0xff, 0xff, 0x81, 0x00, 0x00, 0x00,
  0x59, 0x58, 0x00, 0x57, 0x57, 0x00, 0x00, 0x00, 0x00, 0x00, 0xd6, 0xd2, 0x00, 0xd0, 0xd2, 0x00, 0x00, 0x00, 0x00, 0x00,
  0x00, 0x00, 0x00, 0x00, 0x00, 0x00, 0x00, 0x00, 0x00, 0x00, 0x00, 0x00, 0x00, 0x00, 0x00, 0x00, 0x00, 0x00, 0xc5, 0xff,
  0xff, 0xff, 0xff, 0xff, 0xfe, 0x80, 0x00, 0x00, 0xff, 0xff, 0x85, 0x84, 0x84, 0x84, 0x83, 0x33, 0x00, 0x00, 0xff, 0xff,
  0x04, 0x00, 0x00, 0x00, 0x00, 0x00, 0x00, 0x00, 0xff, 0xff, 0x04, 0x00, 0x00, 0x00, 0x00, 0x00, 0x00, 0x00, 0xff, 0xff,
  0x85, 0x84, 0x84, 0x84, 0x79, 0x0e, 0x00, 0x00, 0xff, 0xff, 0xff, 0xff, 0xff, 0xff, 0xf6, 0x31, 0x00, 0x00, 0xff, 0xff,
  0x04, 0x00, 0x00, 0x00, 0x00, 0x00, 0x00, 0x00, 0xff, 0xff, 0x04, 0x00, 0x00, 0x00, 0x00, 0x00, 0x00, 0x00, 0xff, 0xff,
  0x04, 0x00, 0x00, 0x00, 0x00, 0x00, 0x00, 0x00, 0xff, 0xff, 0x85, 0x84, 0x84, 0x84, 0x82, 0x31, 0x00, 0x00, 0xc6, 0xff,
  0xff, 0xff, 0xff, 0xff, 0xff, 0x81, 0x00, 0x0b, 0x7f, 0x14, 0x00, 0x00, 0x1e, 0xf5, 0xb2, 0x00, 0x00, 0x00, 0x4a, 0xfb,
  0x57, 0x00, 0x00, 0x00, 0x44, 0x2c, 0x00, 0x00, 0x00, 0x00, 0x00, 0x00, 0x00, 0x00, 0xc5, 0xcf, 0x00, 0x00, 0x00, 0xff,
  0xff, 0x03, 0x00, 0x00, 0xff, 0xff, 0x04, 0x00, 0x00, 0xff, 0xff, 0x04, 0x00, 0x00, 0xff, 0xff, 0x04, 0x00, 0x00, 0xff,
  0xff, 0x04, 0x00, 0x00, 0xff, 0xff, 0x04, 0x00, 0x00, 0xff, 0xff, 0x04, 0x00, 0x00, 0xff, 0xff, 0x04, 0x00, 0x00, 0xff,
  0xff, 0x03, 0x00, 0x00, 0xc5, 0xc9, 0x00, 0x00, 0x00, 0x00, 0x53, 0x4a, 0x00, 0x00, 0x31, 0xfa, 0x9b, 0x00, 0x00, 0xd0,
  0xc3, 0x09, 0x00, 0x00, 0x61, 0x10, 0x00, 0x00, 0x00, 0x00, 0x00, 0x00, 0x00, 0xc5, 0xcf, 0x00, 0x00, 0x00, 0xff, 0xff,
  0x03, 0x00, 0x00, 0xff, 0xff, 0x04, 0x00, 0x00, 0xff, 0xff, 0x04, 0x00, 0x00, 0xff, 0xff, 0x04, 0x00, 0x00, 0xff, 0xff,
  0x04, 0x00, 0x00, 0xff, 0xff, 0x04, 0x00, 0x00, 0xff, 0xff, 0x04, 0x00, 0x00, 0xff, 0xff, 0x04, 0x00, 0x00, 0xff, 0xff,
  0x03, 0x00, 0x00, 0xc5, 0xc9, 0x00, 0x00, 0x00, 0x00, 0x54, 0x59, 0x00, 0x00, 0x00, 0x6e, 0xfa, 0xf8, 0x7d, 0x00, 0x2e,
  0xf9, 0x5f, 0x57, 0xfa, 0x37, 0x22, 0x52, 0x00, 0x00, 0x4d, 0x27, 0x00, 0x00, 0x00, 0x00, 0x00, 0x00, 0x00, 0x00, 0xc5,
  0xcf, 0x00, 0x00, 0x00, 0x00, 0xff, 0xff, 0x03, 0x00, 0x00, 0x00, 0xff, 0xff, 0x04, 0x00, 0x00, 0x00, 0xff, 0xff, 0x04,
  0x00, 0x00, 0x00, 0xff, 0xff, 0x04, 0x00, 0x00, 0x00, 0xff, 0xff, 0x04, 0x00, 0x00, 0x00, 0xff, 0xff, 0x04, 0x00, 0x00,
  0x00, 0xff, 0xff, 0x04, 0x00, 0x00, 0x00, 0xff, 0xff, 0x04, 0x00, 0x00, 0x00, 0xff, 0xff, 0x03, 0x00, 0x00, 0x00, 0xc5,
  0xc9, 0x00, 0x00, 0x57, 0x59, 0x00, 0x57, 0x5a, 0x00, 0xd2, 0xd6, 0x00, 0xd2, 0xd6, 0x00, 0x00, 0x00, 0x00, 0x00, 0x00,
  0x00, 0x00, 0x00, 0x00, 0x00, 0x00, 0x00, 0x00, 0xc5, 0xcf, 0x00, 0x00, 0x00, 0x00, 0xff, 0xff, 0x03, 0x00, 0x00, 0x00,
  0xff, 0xff, 0x04, 0x00, 0x00, 0x00, 0xff, 0xff, 0x04, 0x00, 0x00, 0x00, 0xff, 0xff, 0x04, 0x00, 0x00, 0x00, 0xff, 0xff,
  0x04, 0x00, 0x00, 0x00, 0xff, 0xff, 0x04, 0x00, 0x00, 0x00, 0xff, 0xff, 0x04, 0x00, 0x00, 0x00, 0xff, 0xff, 0x04, 0x00,
  0x00, 0x00, 0xff, 0xff, 0x03, 0x00, 0x00, 0x00, 0xc5, 0xc9, 0x00, 0x00, 0x00, 0x00, 0x00, 0xc6, 0xff, 0xff, 0xff, 0xf9,
  0xe2, 0xa9, 0x3e, 0x00, 0x00, 0x00, 0x00, 0x00, 0xff, 0xff, 0x85, 0x84, 0x95, 0xbc, 0xfd, 0xff, 0x81, 0x00, 0x00, 0x00,
  0x00, 0xff, 0xff, 0x04, 0x00, 0x00, 0x00, 0x36, 0xe7, 0xff, 0x4b, 0x00, 0x00, 0x00, 0xff, 0xff, 0x04, 0x00, 0x00, 0x00,
  0x00, 0x5e, 0xff, 0xb8, 0x00, 0x0a, 0x78, 0xff, 0xff, 0x88, 0x84, 0x7f, 0x1c, 0x00, 0x17, 0xff, 0xee, 0x00, 0x26, 0xf4,
  0xff, 0xff, 0xff, 0xff, 0xfb, 0x50, 0x00, 0x06, 0xff, 0xfe, 0x00, 0x00, 0x00, 0xff, 0xff, 0x04, 0x00, 0x00, 0x00, 0x00,
  0x25, 0xff, 0xed, 0x00, 0x00, 0x00, 0xff, 0xff, 0x04, 0x00, 0x00, 0x00, 0x00, 0x5e, 0xff, 0xb6, 0x00, 0x00, 0x00, 0xff,
  0xff, 0x04, 0x00, 0x00, 0x00, 0x27, 0xe5, 0xff, 0x47, 0x00, 0x00, 0x00, 0xff, 0xff, 0x85, 0x84, 0x8b, 0xb4, 0xfa, 0xfe,
  0x7e, 0x00, 0x00, 0x00, 0x00, 0xc7, 0xff, 0xff, 0xff, 0xfa, 0xe3, 0xa9, 0x3c, 0x00, 0x00, 0x00, 0x00, 0x00, 0x00, 0x66,
  0xa4, 0x72, 0x0c, 0x00, 0x50, 0x6f, 0x00, 0x00, 0x00, 0x00, 0x5c, 0xf2, 0xb2, 0xed, 0xeb, 0xb0, 0xf2, 0x5c, 0x00, 0x00,
  0x00, 0x00, 0x6f, 0x4f, 0x00, 0x0d, 0x73, 0xa5, 0x69, 0x00, 0x00, 0x00, 0x00, 0x00, 0x00, 0x00, 0x00, 0x00, 0x00, 0x00,
  0x00, 0x00, 0x00, 0x00, 0x00, 0xc8, 0xc9, 0x13, 0x00, 0x00, 0x00, 0x00, 0x00, 0xca, 0xc8, 0x00, 0x00, 0xff, 0xff, 0xc1,
  0x06, 0x00, 0x00, 0x00, 0x04, 0xff, 0xff, 0x00, 0x00, 0xff, 0xff, 0xff, 0xa0, 0x00, 0x00, 0x00, 0x04, 0xff, 0xff, 0x00,
  0x00, 0xff, 0xff, 0xd2, 0xff, 0x7a, 0x00, 0x00, 0x04, 0xff, 0xff, 0x00, 0x00, 0xff, 0xff, 0x1f, 0xe5, 0xfe, 0x55, 0x00,
  0x04, 0xff, 0xff, 0x00, 0x00, 0xff, 0xff, 0x04, 0x32, 0xf5, 0xf6, 0x36, 0x04, 0xff, 0xff, 0x00, 0x00, 0xff, 0xff, 0x04,
  0x00, 0x51, 0xfe, 0xe8, 0x22, 0xff, 0xff, 0x00, 0x00, 0xff, 0xff, 0x04, 0x00, 0x00, 0x76, 0xff, 0xd6, 0xff, 0xff, 0x00,
  0x00, 0xff, 0xff, 0x04, 0x00, 0x00, 0x00, 0x9d, 0xff, 0xff, 0xff, 0x00, 0x00, 0xff, 0xff, 0x04, 0x00, 0x00, 0x00, 0x05,
  0xbf, 0xff, 0xff, 0x00, 0x00, 0xc9, 0xcc, 0x00, 0x00, 0x00, 0x00, 0x00, 0x11, 0xc7, 0xca, 0x00, 0x00, 0x00, 0x00, 0x09,
  0x7f, 0x16, 0x00, 0x00, 0x00, 0x00, 0x00, 0x00, 0x00, 0x00, 0x00, 0x00, 0x1b, 0xf4, 0xb6, 0x00, 0x00, 0x00, 0x00, 0x00,
  0x00, 0x00, 0x00, 0x00, 0x00, 0x00, 0x47, 0xfa, 0x5b, 0x00, 0x00, 0x00, 0x00, 0x00, 0x00, 0x00, 0x00, 0x00, 0x00, 0x00,
  0x42, 0x2e, 0x00, 0x00, 0x00, 0x00, 0x00, 0x00, 0x00, 0x00, 0x00, 0x00, 0x00, 0x00, 0x00, 0x00, 0x00, 0x00, 0x00, 0x00,
  0x00, 0x00, 0x00, 0x00, 0x3b, 0xac, 0xe8, 0xf9, 0xe3, 0xa8, 0x39, 0x00, 0x00, 0x00, 0x00, 0x00, 0x73, 0xfe, 0xf7, 0xaa,
  0x8a, 0xa7, 0xf5, 0xfd, 0x6f, 0x00, 0x00, 0x00, 0x3b, 0xfe, 0xe7, 0x27, 0x00, 0x00, 0x00, 0x23, 0xe9, 0xfd, 0x39, 0x00,
  0x00, 0xad, 0xff, 0x64, 0x00, 0x00, 0x00, 0x00, 0x00, 0x6c, 0xff, 0xa9, 0x00, 0x00, 0xe8, 0xff, 0x1d, 0x00, 0x00, 0x00,
  0x00, 0x00, 0x27, 0xff, 0xe4, 0x00, 0x00, 0xfa, 0xff, 0x0b, 0x00, 0x00, 0x00, 0x00, 0x00, 0x0b, 0xff, 0xf9, 0x00, 0x00,
  0xe5, 0xff, 0x26, 0x00, 0x00, 0x00, 0x00, 0x00, 0x1e, 0xff, 0xe6, 0x00, 0x00, 0xab, 0xff, 0x6c, 0x00, 0x00, 0x00, 0x00,
  0x00, 0x68, 0xff, 0xa8, 0x00, 0x00, 0x3c, 0xfd, 0xe9, 0x22, 0x00, 0x00, 0x00, 0x27, 0xe8, 0xfd, 0x36, 0x00, 0x00, 0x00,
  0x71, 0xfd, 0xf5, 0xa5, 0x89, 0xa9, 0xf6, 0xfe, 0x6f, 0x00, 0x00, 0x00, 0x00, 0x00, 0x3c, 0xaa, 0xe5, 0xfa, 0xe9, 0xaf,
  0x3c, 0x00, 0x00, 0x00, 0x00, 0x00, 0x00, 0x00, 0x00, 0x00, 0x00, 0x51, 0x4c, 0x00, 0x00, 0x00, 0x00, 0x00, 0x00, 0x00,
  0x00, 0x00, 0x00, 0x2e, 0xf9, 0x9f, 0x00, 0x00, 0x00, 0x00, 0x00, 0x00, 0x00, 0x00, 0x00, 0x00, 0xcc, 0xc6, 0x0a, 0x00,
  0x00, 0x00, 0x00, 0x00, 0x00, 0x00, 0x00, 0x00, 0x00, 0x60, 0x11, 0x00, 0x00, 0x00, 0x00, 0x00, 0x00, 0x00, 0x00, 0x00,
  0x00, 0x00, 0x00, 0x00, 0x00, 0x00, 0x00, 0x00, 0x00, 0x00, 0x00, 0x00, 0x3b, 0xac, 0xe8, 0xf9, 0xe3, 0xa8, 0x39, 0x00,
  0x00, 0x00, 0x00, 0x00, 0x73, 0xfe, 0xf7, 0xaa, 0x8a, 0xa7, 0xf5, 0xfd, 0x6f, 0x00, 0x00, 0x00, 0x3b, 0xfe, 0xe7, 0x27,
  0x00, 0x00, 0x00, 0x23, 0xe9, 0xfd, 0x39, 0x00, 0x00, 0xad, 0xff, 0x64, 0x00, 0x00, 0x00, 0x00, 0x00, 0x6c, 0xff, 0xa9,
  0x00, 0x00, 0xe8, 0xff, 0x1d, 0x00, 0x00, 0x00, 0x00, 0x00, 0x27, 0xff, 0xe4, 0x00, 0x00, 0xfa, 0xff, 0x0b, 0x00, 0x00,
  0x00, 0x00, 0x00, 0x0b, 0xff, 0xf9, 0x00, 0x00, 0xe5, 0xff, 0x26, 0x00, 0x00, 0x00, 0x00, 0x00, 0x1e, 0xff, 0xe6, 0x00,
  0x00, 0xab, 0xff, 0x6c, 0x00, 0x00, 0x00, 0x00, 0x00, 0x68, 0xff, 0xa8, 0x00, 0x00, 0x3c, 0xfd, 0xe9, 0x22, 0x00, 0x00,
  0x00, 0x27, 0xe8, 0xfd, 0x36, 0x00, 0x00, 0x00, 0x71, 0xfd, 0xf5, 0xa5, 0x89, 0xa9, 0xf6, 0xfe, 0x6f, 0x00, 0x00, 0x00,
  0x00, 0x00, 0x3c, 0xaa, 0xe5, 0xfa, 0xe9, 0xaf, 0x3c, 0x00, 0x00, 0x00, 0x00, 0x00, 0x00, 0x00, 0x00, 0x1f, 0x70, 0x1e,
  0x00, 0x00, 0x00, 0x00, 0x00, 0x00, 0x00, 0x00, 0x00, 0x13, 0xe2, 0xf3, 0xe2, 0x12, 0x00, 0x00, 0x00, 0x00, 0x00, 0x00,
  0x00, 0x00, 0xb0, 0xcb, 0x19, 0xcf, 0xac, 0x00, 0x00, 0x00, 0x00, 0x00, 0x00, 0x00, 0x00, 0x5f, 0x15, 0x00, 0x17, 0x5d,
  0x00, 0x00, 0x00, 0x00, 0x00, 0x00, 0x00, 0x00, 0x00, 0x00, 0x00, 0x00, 0x00, 0x00, 0x00, 0x00, 0x00, 0x00, 0x00, 0x00,
  0x3b, 0xac, 0xe8, 0xf9, 0xe3, 0xa8, 0x39, 0x00, 0x00, 0x00, 0x00, 0x00, 0x73, 0xfe, 0xf7, 0xaa, 0x8a, 0xa7, 0xf5, 0xfd,
  0x6f, 0x00, 0x00, 0x00, 0x3b, 0xfe, 0xe7, 0x27, 0x00, 0x00, 0x00, 0x23, 0xe9, 0xfd, 0x39, 0x00, 0x00, 0xad, 0xff, 0x64,
  0x00, 0x00, 0x00, 0x00, 0x00, 0x6c, 0xff, 0xa9, 0x00, 0x00, 0xe8, 0xff, 0x1d, 0x00, 0x00, 0x00, 0x00, 0x00, 0x27, 0xff,
  0xe4, 0x00, 0x00, 0xfa, 0xff, 0x0b, 0x00, 0x00, 0x00, 0x00, 0x00, 0x0b, 0xff, 0xf9, 0x00, 0x00, 0xe5, 0xff, 0x26, 0x00,
  0x00, 0x00, 0x00, 0x00, 0x1e, 0xff, 0xe6, 0x00, 0x00, 0xab, 0xff, 0x6c, 0x00, 0x00, 0x00, 0x00, 0x00, 0x68, 0xff, 0xa8,
  0x00, 0x00, 0x3c, 0xfd, 0xe9, 0x22, 0x00, 0x00, 0x00, 0x27, 0xe8, 0xfd, 0x36, 0x00, 0x00, 0x00, 0x71, 0xfd, 0xf5, 0xa5,
  0x89, 0xa9, 0xf6, 0xfe, 0x6f, 0x00, 0x00, 0x00, 0x00, 0x00, 0x3c, 0xaa, 0xe5, 0xfa, 0xe9, 0xaf, 0x3c, 0x00, 0x00, 0x00,
  0x00, 0x00, 0x00, 0x28, 0x9a, 0x96, 0x38, 0x00, 0x04, 0xa6, 0x17, 0x00, 0x00, 0x00, 0x00, 0x08, 0xe7, 0xc6, 0xca, 0xff,
  0xc4, 0xc9, 0xe1, 0x04, 0x00, 0x00, 0x00, 0x00, 0x1e, 0xa2, 0x02, 0x00, 0x3c, 0x98, 0x9a, 0x27, 0x00, 0x00, 0x00, 0x00,
  0x00, 0x00, 0x00, 0x00, 0x00, 0x00, 0x00, 0x00, 0x00, 0x00, 0x00, 0x00, 0x00, 0x00, 0x00, 0x3b, 0xac, 0xe8, 0xf9, 0xe3,
  0xa8, 0x39, 0x00, 0x00, 0x00, 0x00, 0x00, 0x73, 0xfe, 0xf7, 0xaa, 0x8a, 0xa7, 0xf5, 0xfd, 0x6f, 0x00, 0x00, 0x00, 0x3b,
  0xfe, 0xe7, 0x27, 0x00, 0x00, 0x00, 0x23, 0xe9, 0xfd, 0x39, 0x00, 0x00, 0xad, 0xff, 0x64, 0x00, 0x00, 0x00, 0x00, 0x00,
  0x6c, 0xff, 0xa9, 0x00, 0x00, 0xe8, 0xff, 0x1d, 0x00, 0x00, 0x00, 0x00, 0x00, 0x27, 0xff, 0xe4, 0x00, 0x00, 0xfa, 0xff,
  0x0b, 0x00, 0x00, 0x00, 0x00, 0x00, 0x0b, 0xff, 0xf9, 0x00, 0x00, 0xe5, 0xff, 0x26, 0x00, 0x00, 0x00, 0x00, 0x00, 0x1e,
  0xff, 0xe6, 0x00, 0x00, 0xab, 0xff, 0x6c, 0x00, 0x00, 0x00, 0x00, 0x00, 0x68, 0xff, 0xa8, 0x00, 0x00, 0x3c, 0xfd, 0xe9,
  0x22, 0x00, 0x00, 0x00, 0x27, 0xe8, 0xfd, 0x36, 0x00, 0x00, 0x00, 0x71, 0xfd, 0xf5, 0xa5, 0x89, 0xa9, 0xf6, 0xfe, 0x6f,
  0x00, 0x00, 0x00, 0x00, 0x00, 0x3c, 0xaa, 0xe5, 0xfa, 0xe9, 0xaf, 0x3c, 0x00, 0x00, 0x00, 0x00, 0x00, 0x00, 0x00, 0x5a,
  0x57, 0x00, 0x59, 0x58, 0x00, 0x00, 0x00, 0x00, 0x00, 0x00, 0x00, 0x00, 0xd6, 0xd2, 0x00, 0xd6, 0xd3, 0x00, 0x00, 0x00,
  0x00, 0x00, 0x00, 0x00, 0x00, 0x00, 0x00, 0x00, 0x00, 0x00, 0x00, 0x00, 0x00, 0x00, 0x00, 0x00, 0x00, 0x00, 0x00, 0x00,
  0x00, 0x00, 0x00, 0x00, 0x00, 0x00, 0x00, 0x00, 0x00, 0x00, 0x3b, 0xac, 0xe8, 0xf9, 0xe3, 0xa8, 0x39, 0x00, 0x00, 0x00,
  0x00, 0x00, 0x73, 0xfe, 0xf7, 0xaa, 0x8a, 0xa7, 0xf5, 0xfd, 0x6f, 0x00, 0x00, 0x00, 0x3b, 0xfe, 0xe7, 0x27, 0x00, 0x00,
  0x00, 0x23, 0xe9, 0xfd, 0x39, 0x00, 0x00, 0xad, 0xff, 0x64, 0x00, 0x00, 0x00, 0x00, 0x00, 0x6c, 0xff, 0xa9, 0x00, 0x00,
  0xe8, 0xff, 0x1d, 0x00, 0x00, 0x00, 0x00, 0x00, 0x27, 0xff, 0xe4, 0x00, 0x00, 0xfa, 0xff, 0x0b, 0x00, 0x00, 0x00, 0x00,
  0x00, 0x0b, 0xff, 0xf9, 0x00, 0x00, 0xe5, 0xff, 0x26, 0x00, 0x00, 0x00, 0x00, 0x00, 0x1e, 0xff, 0xe6, 0x00, 0x00, 0xab,
  0xff, 0x6c, 0x00, 0x00, 0x00, 0x00, 0x00, 0x68, 0xff, 0xa8, 0x00, 0x00, 0x3c, 0xfd, 0xe9, 0x22, 0x00, 0x00, 0x00, 0x27,
  0xe8, 0xfd, 0x36, 0x00, 0x00, 0x00, 0x71, 0xfd, 0xf5, 0xa5, 0x89, 0xa9, 0xf6, 0xfe, 0x6f, 0x00, 0x00, 0x00, 0x00, 0x00,
  0x3c, 0xaa, 0xe5, 0xfa, 0xe9, 0xaf, 0x3c, 0x00, 0x00, 0x00, 0x00, 0x02, 0x00, 0x00, 0x00, 0x00, 0x00, 0x00, 0x00, 0x00,
  0x00, 0xb0, 0xb9, 0x09, 0x00, 0x00, 0x2f, 0xdc, 0x44, 0x00, 0x00, 0x43, 0xf6, 0xbc, 0x09, 0x34, 0xee, 0xca, 0x0f, 0x00,
  0x00, 0x00, 0x43, 0xf6, 0xc5, 0xf1, 0xc8, 0x0f, 0x00, 0x00, 0x00, 0x00, 0x00, 0x71, 0xff, 0xf5, 0x17, 0x00, 0x00, 0x00,
  0x00, 0x00, 0x3c, 0xf2, 0xc7, 0xf3, 0xbb, 0x09, 0x00, 0x00, 0x00, 0x3f, 0xf4, 0xb8, 0x08, 0x3d, 0xf3, 0xbc, 0x08, 0x00,
  0x00, 0x9b, 0xa9, 0x07, 0x00, 0x00, 0x3d, 0xf0, 0x3c, 0x00, 0x00, 0x00, 0x00, 0x00, 0x00, 0x00, 0x00, 0x03, 0x00, 0x00,
  0x00, 0x00, 0x00, 0x00, 0x00, 0x00, 0x00, 0x00, 0x00, 0x15, 0x00, 0x00, 0x00, 0x00, 0x00, 0x00, 0x00, 0x00, 0x00, 0x00,
  0x00, 0x38, 0xfb, 0x4e, 0x00, 0x00, 0x00, 0x00, 0x00, 0x3b, 0xac, 0xe8, 0xf9, 0xe3, 0xff, 0xff, 0x12, 0x00, 0x00, 0x00,
  0x00, 0x73, 0xfe, 0xf7, 0xaa, 0x8a, 0xff, 0xff, 0xff, 0x6f, 0x00, 0x00, 0x00, 0x3b, 0xfe, 0xe7, 0x27, 0x00, 0x0a, 0xe2,
  0xf0, 0xeb, 0xfd, 0x39, 0x00, 0x00, 0xad, 0xff, 0x64, 0x00, 0x00, 0x82, 0xff, 0x3b, 0x6c, 0xff, 0xa9, 0x00, 0x00, 0xe8,
  0xff, 0x1d, 0x00, 0x20, 0xf7, 0xa5, 0x00, 0x27, 0xff, 0xe4, 0x00, 0x00, 0xfa, 0xff, 0x0b, 0x00, 0xad, 0xf4, 0x1b, 0x00,
  0x0b, 0xff, 0xf9, 0x00, 0x00, 0xe5, 0xff, 0x26, 0x42, 0xff, 0x7a, 0x00, 0x00, 0x1e, 0xff, 0xe6, 0x00, 0x00, 0xab, 0xff,
  0x70, 0xd3, 0xdd, 0x07, 0x00, 0x00, 0x68, 0xff, 0xa8, 0x00, 0x00, 0x3c, 0xfd, 0xff, 0xff, 0x4f, 0x00, 0x00, 0x27, 0xe8,
  0xfd, 0x36, 0x00, 0x00, 0x00, 0x87, 0xff, 0xff, 0xa5, 0x89, 0xa9, 0xf6, 0xfe, 0x6f, 0x00, 0x00, 0x00, 0x00, 0x9a, 0xff,
  0xde, 0xe5, 0xfa, 0xe9, 0xaf, 0x3c, 0x00, 0x00, 0x00, 0x00, 0x00, 0x8c, 0x81, 0x00, 0x00, 0x00, 0x00, 0x00, 0x00, 0x00,
  0x00, 0x00, 0x00, 0x00, 0x00, 0x30, 0x6c, 0x00, 0x00, 0x00, 0x00, 0x00, 0x00, 0x00, 0x00, 0x00, 0x6b, 0xff, 0x5b, 0x00,
  0x00, 0x00, 0x00, 0x00, 0x00, 0x00, 0x00, 0x00, 0x9a, 0xee, 0x10, 0x00, 0x00, 0x00, 0x00, 0x00, 0x00, 0x00, 0x00, 0x03,
  0x64, 0x08, 0x00, 0x00, 0x00, 0x00, 0x00, 0x00, 0x00, 0x00, 0x00, 0x00, 0x00, 0x00, 0x00, 0x00, 0x00, 0x00, 0xc7, 0xc9,
  0x00, 0x00, 0x00, 0x00, 0x00, 0xc5, 0xca, 0x00, 0x00, 0xff, 0xff, 0x03, 0x00, 0x00, 0x00, 0x00, 0xff, 0xff, 0x04, 0x00,
  0xff, 0xff, 0x04, 0x00, 0x00, 0x00, 0x00, 0xff, 0xff, 0x04, 0x00, 0xff, 0xff, 0x04, 0x00, 0x00, 0x00, 0x00, 0xff, 0xff,
  0x04, 0x00, 0xff, 0xff, 0x04, 0x00, 0x00, 0x00, 0x00, 0xff, 0xff, 0x04, 0x00, 0xff, 0xff, 0x04, 0x00, 0x00, 0x00, 0x00,
  0xff, 0xff, 0x04, 0x00, 0xfd, 0xff, 0x07, 0x00, 0x00, 0x00, 0x03, 0xff, 0xfe, 0x02, 0x00, 0xe9, 0xff, 0x23, 0x00, 0x00,
  0x00, 0x20, 0xff, 0xe9, 0x00, 0x00, 0xaa, 0xff, 0x8d, 0x00, 0x00, 0x00, 0x89, 0xff, 0xa8, 0x00, 0x00, 0x2b, 0xf4, 0xff,
  0xbd, 0x8e, 0xba, 0xff, 0xf4, 0x29, 0x00, 0x00, 0x00, 0x2b, 0xaa, 0xea, 0xfb, 0xe8, 0xa9, 0x2a, 0x00, 0x00, 0x00, 0x00,
  0x00, 0x00, 0x00, 0x00, 0x05, 0x7b, 0x1e, 0x00, 0x00, 0x00, 0x00, 0x00, 0x00, 0x00, 0x00, 0x82, 0xfe, 0x45, 0x00, 0x00,
  0x00, 0x00, 0x00, 0x00, 0x00, 0x29, 0xfb, 0x74, 0x00, 0x00, 0x00, 0x00, 0x00, 0x00, 0x00, 0x00, 0x17, 0x59, 0x00, 0x00,
  0x00, 0x00, 0x00, 0x00, 0x00, 0x00, 0x00, 0x00, 0x00, 0x00, 0x00, 0x00, 0x00, 0x00, 0xc7, 0xc9, 0x00, 0x00, 0x00, 0x00,
  0x00, 0xc5, 0xca, 0x00, 0x00, 0xff, 0xff, 0x03, 0x00, 0x00, 0x00, 0x00, 0xff, 0xff, 0x04, 0x00, 0xff, 0xff, 0x04, 0x00,
  0x00, 0x00, 0x00, 0xff, 0xff, 0x04, 0x00, 0xff, 0xff, 0x04, 0x00, 0x00, 0x00, 0x00, 0xff, 0xff, 0x04, 0x00, 0xff, 0xff,
  0x04, 0x00, 0x00, 0x00, 0x00, 0xff, 0xff, 0x04, 0x00, 0xff, 0xff, 0x04, 0x00, 0x00, 0x00, 0x00, 0xff, 0xff, 0x04, 0x00,
  0xfd, 0xff, 0x07, 0x00, 0x00, 0x00, 0x03, 0xff, 0xfe, 0x02, 0x00, 0xe9, 0xff, 0x23, 0x00, 0x00, 0x00, 0x20, 0xff, 0xe9,
  0x00, 0x00, 0xaa, 0xff, 0x8d, 0x00, 0x00, 0x00, 0x89, 0xff, 0xa8, 0x00, 0x00, 0x2b, 0xf4, 0xff, 0xbd, 0x8e, 0xba, 0xff,
  0xf4, 0x29, 0x00, 0x00, 0x00, 0x2b, 0xaa, 0xea, 0xfb, 0xe8, 0xa9, 0x2a, 0x00, 0x00, 0x00, 0x00, 0x00, 0x00, 0x1e, 0x70,
  0x20, 0x00, 0x00, 0x00, 0x00, 0x00, 0x00, 0x00, 0x12, 0xe0, 0xf3, 0xe6, 0x15, 0x00, 0x00, 0x00, 0x00, 0x00, 0x00, 0xac,
  0xd0, 0x19, 0xca, 0xb1, 0x00, 0x00, 0x00, 0x00, 0x00, 0x00, 0x5d, 0x18, 0x00, 0x14, 0x5f, 0x00, 0x00, 0x00, 0x00, 0x00,
  0x00, 0x00, 0x00, 0x00, 0x00, 0x00, 0x00, 0x00, 0x00, 0x00, 0xc7, 0xca, 0x00, 0x00, 0x00, 0x00, 0x00, 0xc6, 0xca, 0x00,
  0x00, 0xff, 0xff, 0x04, 0x00, 0x00, 0x00, 0x00, 0xff, 0xff, 0x04, 0x00, 0xff, 0xff, 0x04, 0x00, 0x00, 0x00, 0x00, 0xff,
  0xff, 0x04, 0x00, 0xff, 0xff, 0x04, 0x00, 0x00, 0x00, 0x00, 0xff, 0xff, 0x04, 0x00, 0xff, 0xff, 0x04, 0x00, 0x00, 0x00,
  0x00, 0xff, 0xff, 0x04, 0x00, 0xff, 0xff, 0x04, 0x00, 0x00, 0x00, 0x00, 0xff, 0xff, 0x04, 0x00, 0xfd, 0xff, 0x0a, 0x00,
  0x00, 0x00, 0x06, 0xff, 0xfe, 0x02, 0x00, 0xe9, 0xff, 0x2f, 0x00, 0x00, 0x00, 0x2c, 0xff, 0xe9, 0x00, 0x00, 0xaa, 0xff,
  0xb3, 0x0a, 0x00, 0x09, 0xb0, 0xff, 0xa8, 0x00, 0x00, 0x2b, 0xf4, 0xff, 0xf0, 0xce, 0xef, 0xff, 0xf4, 0x29, 0x00, 0x00,
  0x00, 0x2b, 0xaa, 0xea, 0xfb, 0xe8, 0xa9, 0x2a, 0x00, 0x00, 0x00, 0x00, 0x00, 0x55, 0x5a, 0x00, 0x54, 0x59, 0x00, 0x00,
  0x00, 0x00, 0x00, 0x00, 0xce, 0xd6, 0x00, 0xcc, 0xd6, 0x00, 0x00, 0x00, 0x00, 0x00, 0x00, 0x00, 0x00, 0x00, 0x00, 0x00,
  0x00, 0x00, 0x00, 0x00, 0x00, 0x00, 0x00, 0x00, 0x00, 0x00, 0x00, 0x00, 0x00, 0x00, 0x00, 0xc7, 0xc9, 0x00, 0x00, 0x00,
  0x00, 0x00, 0xc3, 0xca, 0x00, 0x00, 0xff, 0xff, 0x03, 0x00, 0x00, 0x00, 0x00, 0xfc, 0xff, 0x04, 0x00, 0xff, 0xff, 0x04,
  0x00, 0x00, 0x00, 0x00, 0xfc, 0xff, 0x04, 0x00, 0xff, 0xff, 0x04, 0x00, 0x00, 0x00, 0x00, 0xfc, 0xff, 0x04, 0x00, 0xff,
  0xff, 0x04, 0x00, 0x00, 0x00, 0x00, 0xfc, 0xff, 0x04, 0x00, 0xff, 0xff, 0x04, 0x00, 0x00, 0x00, 0x00, 0xfc, 0xff, 0x04,
  0x00, 0xfd, 0xff, 0x07, 0x00, 0x00, 0x00, 0x01, 0xfd, 0xfe, 0x02, 0x00, 0xe9, 0xff, 0x23, 0x00, 0x00, 0x00, 0x1c, 0xff,
  0xe9, 0x00, 0x00, 0xaa, 0xff, 0x8d, 0x00, 0x00, 0x00, 0x85, 0xff, 0xa8, 0x00, 0x00, 0x2b, 0xf4, 0xff, 0xbd, 0x8e, 0xb9,
  0xff, 0xf4, 0x29, 0x00, 0x00, 0x00, 0x2b, 0xaa, 0xea, 0xfb, 0xe8, 0xa9, 0x2a, 0x00, 0x00, 0x00, 0x00, 0x00, 0x00, 0x00,
  0x03, 0x79, 0x20, 0x00, 0x00, 0x00, 0x00, 0x00, 0x00, 0x00, 0x7c, 0xff, 0x4b, 0x00, 0x00, 0x00, 0x00, 0x00, 0x00, 0x26,
  0xfa, 0x7c, 0x00, 0x00, 0x00, 0x00, 0x00, 0x00, 0x00, 0x15, 0x5c, 0x00, 0x00, 0x00, 0x00, 0x00, 0x00, 0x00, 0x00, 0x00,
  0x00, 0x00, 0x00, 0x00, 0x00, 0x6d, 0xea, 0x45, 0x00, 0x00, 0x00, 0x00, 0x45, 0xea, 0x55, 0x4c, 0xff, 0xed, 0x1d, 0x00,
  0x00, 0x1a, 0xec, 0xfa, 0x2d, 0x00, 0x93, 0xff, 0xc4, 0x04, 0x02, 0xbc, 0xff, 0x77, 0x00, 0x00, 0x07, 0xcd, 0xff, 0x86,
  0x78, 0xff, 0xbf, 0x02, 0x00, 0x00, 0x00, 0x23, 0xf1, 0xff, 0xff, 0xee, 0x1c, 0x00, 0x00, 0x00, 0x00, 0x00, 0x56, 0xff,
  0xff, 0x57, 0x00, 0x00, 0x00, 0x00, 0x00, 0x00, 0x00, 0xff, 0xff, 0x04, 0x00, 0x00, 0x00, 0x00, 0x00, 0x00, 0x00, 0xff,
  0xff, 0x04, 0x00, 0x00, 0x00, 0x00, 0x00, 0x00, 0x00, 0xff, 0xff, 0x04, 0x00, 0x00, 0x00, 0x00, 0x00, 0x00, 0x00, 0xff,
  0xff, 0x03, 0x00, 0x00, 0x00, 0x00, 0x00, 0x00, 0x00, 0xc5, 0xd1, 0x00, 0x00, 0x00, 0x00, 0x00, 0xc5, 0xd2, 0x01, 0x00,
  0x00, 0x00, 0x00, 0x00, 0x00, 0x00, 0x00, 0xff, 0xff, 0x85, 0x84, 0x83, 0x71, 0x4a, 0x03, 0x00, 0x00, 0x00, 0xff, 0xff,
  0xff, 0xff, 0xff, 0xff, 0xff, 0xd4, 0x21, 0x00, 0x00, 0xff, 0xff, 0x04, 0x00, 0x01, 0x20, 0xaf, 0xff, 0xb3, 0x00, 0x00,
  0xff, 0xff, 0x04, 0x00, 0x00, 0x00, 0x1a, 0xff, 0xf4, 0x00, 0x00, 0xff, 0xff, 0x04, 0x00, 0x00, 0x00, 0x1c, 0xff, 0xf3,
  0x00, 0x00, 0xff, 0xff, 0x04, 0x00, 0x01, 0x20, 0xaf, 0xff, 0xb1, 0x00, 0x00, 0xff, 0xff, 0xff, 0xff, 0xff, 0xff, 0xff,
  0xd4, 0x21, 0x00, 0x00, 0xff, 0xff, 0x85, 0x84, 0x84, 0x72, 0x4a, 0x03, 0x00, 0x00, 0x00, 0xff, 0xff, 0x03, 0x00, 0x00,
  0x00, 0x00, 0x00, 0x00, 0x00, 0x00, 0xc5, 0xc5, 0x00, 0x00, 0x00, 0x00, 0x00, 0x00, 0x00, 0x00, 0x00, 0x00, 0x52, 0xc8,
  0xf6, 0xf5, 0xbf, 0x32, 0x00, 0x00, 0x00, 0x00, 0x54, 0xff, 0xf1, 0x96, 0xb1, 0xff, 0xdf, 0x00, 0x00, 0x00, 0x00, 0xcc,
  0xff, 0x4a, 0x00, 0x10, 0xff, 0xea, 0x00, 0x00, 0x00, 0x00, 0xf8, 0xff, 0x0b, 0x00, 0x9b, 0xff, 0x77, 0x00, 0x00, 0x00,
  0x00, 0xff, 0xff, 0x04, 0x63, 0xff, 0x89, 0x00, 0x00, 0x00, 0x00, 0x00, 0xff, 0xff, 0x04, 0xaa, 0xff, 0x34, 0x00, 0x00,
  0x00, 0x00, 0x00, 0xff, 0xff, 0x04, 0x59, 0xfd, 0xf9, 0xb2, 0x54, 0x00, 0x00, 0x00, 0xff, 0xff, 0x04, 0x00, 0x2e, 0x90,
  0xeb, 0xff, 0x9b, 0x00, 0x00, 0xff, 0xff, 0x04, 0x13, 0x00, 0x00, 0x17, 0xff, 0xf7, 0x00, 0x00, 0xff, 0xff, 0x55, 0xfe,
  0xbe, 0x8e, 0xbb, 0xff, 0xc4, 0x00, 0x00, 0xc1, 0xca, 0x09, 0x7f, 0xd6, 0xf7, 0xec, 0xa3, 0x17, 0x00, 0x00, 0x00, 0x84,
  0x55, 0x00, 0x00, 0x00, 0x00, 0x00, 0x00, 0x00, 0xc2, 0xec, 0x0c, 0x00, 0x00, 0x00, 0x00, 0x00, 0x00, 0x26, 0xf5, 0x7a,
  0x00, 0x00, 0x00, 0x00, 0x00, 0x00, 0x00, 0x62, 0xb2, 0x00, 0x00, 0x00, 0x00, 0x00, 0x00, 0x00, 0x00, 0x00, 0x00, 0x00,
  0x00, 0x00, 0x00, 0x2b, 0xa1, 0xe3, 0xf9, 0xe6, 0x97, 0x0e, 0x00, 0x00, 0x9a, 0xef, 0xa8, 0x8c, 0xcc, 0xff, 0xa1, 0x00,
  0x00, 0x06, 0x03, 0x00, 0x00, 0x15, 0xff, 0xf0, 0x00, 0x00, 0x22, 0xa3, 0xdd, 0xf6, 0xfe, 0xff, 0xff, 0x03, 0x00, 0xce,
  0xff, 0xca, 0x90, 0x88, 0xff, 0xff, 0x04, 0x00, 0xf7, 0xff, 0x18, 0x00, 0x42, 0xff, 0xff, 0x04, 0x00, 0xba, 0xff, 0xc2,
  0x95, 0xdd, 0xff, 0xff, 0x04, 0x00, 0x19, 0xb2, 0xf5, 0xde, 0x51, 0xcb, 0xc9, 0x00, 0x00, 0x00, 0x00, 0x00, 0x00, 0x61,
  0x77, 0x00, 0x00, 0x00, 0x00, 0x00, 0x00, 0x16, 0xf4, 0xb1, 0x00, 0x00, 0x00, 0x00, 0x00, 0x00, 0x8e, 0xef, 0x1d, 0x00,
  0x00, 0x00, 0x00, 0x00, 0x00, 0xc3, 0x57, 0x00, 0x00, 0x00, 0x00, 0x00, 0x00, 0x00, 0x00, 0x00, 0x00, 0x00, 0x00, 0x00,
  0x2b, 0xa1, 0xe3, 0xf9, 0xe6, 0x97, 0x0e, 0x00, 0x00, 0x9a, 0xef, 0xa8, 0x8c, 0xcc, 0xff, 0xa1, 0x00, 0x00, 0x06, 0x03,
  0x00, 0x00, 0x15, 0xff, 0xf0, 0x00, 0x00, 0x22, 0xa3, 0xdd, 0xf6, 0xfe, 0xff, 0xff, 0x03, 0x00, 0xce, 0xff, 0xca, 0x90,
  0x88, 0xff, 0xff, 0x04, 0x00, 0xf7, 0xff, 0x18, 0x00, 0x42, 0xff, 0xff, 0x04, 0x00, 0xba, 0xff, 0xc2, 0x95, 0xdd, 0xff,
  0xff, 0x04, 0x00, 0x19, 0xb2, 0xf5, 0xde, 0x51, 0xcb, 0xc9, 0x00, 0x00, 0x00, 0x00, 0x1c, 0xac, 0x5b, 0x00, 0x00, 0x00,
  0x00, 0x00, 0x00, 0xb4, 0xef, 0xf9, 0x21, 0x00, 0x00, 0x00, 0x00, 0x3f, 0xfb, 0x33, 0xc4, 0xa3, 0x00, 0x00, 0x00, 0x00,
  0x86, 0x80, 0x00, 0x29, 0xd9, 0x01, 0x00, 0x00, 0x00, 0x00, 0x00, 0x00, 0x00, 0x00, 0x00, 0x00, 0x00, 0x2b, 0xa1, 0xe3,
  0xf9, 0xe6, 0x97, 0x0e, 0x00, 0x00, 0x9a, 0xef, 0xa8, 0x8c, 0xcc, 0xff, 0xa1, 0x00, 0x00, 0x06, 0x03, 0x00, 0x00, 0x15,
  0xff, 0xf0, 0x00, 0x00, 0x22, 0xa3, 0xdd, 0xf6, 0xfe, 0xff, 0xff, 0x03, 0x00, 0xce, 0xff, 0xca, 0x90, 0x88, 0xff, 0xff,
  0x04, 0x00, 0xf7, 0xff, 0x18, 0x00, 0x42, 0xff, 0xff, 0x04, 0x00, 0xba, 0xff, 0xc2, 0x95, 0xdd, 0xff, 0xff, 0x04, 0x00,
  0x19, 0xb2, 0xf5, 0xde, 0x51, 0xcb, 0xc9, 0x00, 0x00, 0x00, 0x6e, 0x9e, 0x32, 0x00, 0x64, 0x56, 0x00, 0x00, 0x54, 0xf1,
  0xb9, 0xf8, 0xb4, 0xf4, 0x3a, 0x00, 0x00, 0x66, 0x56, 0x00, 0x3e, 0xa2, 0x63, 0x00, 0x00, 0x00, 0x00, 0x00, 0x00, 0x00,
  0x00, 0x00, 0x00, 0x00, 0x00, 0x2b, 0xa1, 0xe3, 0xf9, 0xe6, 0x97, 0x0e, 0x00, 0x00, 0x9a, 0xef, 0xa8, 0x8c, 0xcc, 0xff,
  0xa1, 0x00, 0x00, 0x06, 0x03, 0x00, 0x00, 0x15, 0xff, 0xf0, 0x00, 0x00, 0x22, 0xa3, 0xdd, 0xf6, 0xfe, 0xff, 0xff, 0x03,
  0x00, 0xce, 0xff, 0xca, 0x90, 0x88, 0xff, 0xff, 0x04, 0x00, 0xf7, 0xff, 0x18, 0x00, 0x42, 0xff, 0xff, 0x04, 0x00, 0xba,
  0xff, 0xc2, 0x95, 0xdd, 0xff, 0xff, 0x04, 0x00, 0x19, 0xb2, 0xf5, 0xde, 0x51, 0xcb, 0xc9, 0x00, 0x00, 0x00, 0xd0, 0xd4,
  0x00, 0xd0, 0xd3, 0x00, 0x00, 0x00, 0x00, 0x5a, 0x5b, 0x00, 0x59, 0x59, 0x00, 0x00, 0x00, 0x00, 0x00, 0x00, 0x00, 0x00,
  0x00, 0x00, 0x00, 0x00, 0x2b, 0xa1, 0xe3, 0xf9, 0xe6, 0x97, 0x0e, 0x00, 0x00, 0x9a, 0xef, 0xa8, 0x8c, 0xcc, 0xff, 0xa1,
  0x00, 0x00, 0x06, 0x03, 0x00, 0x00, 0x15, 0xff, 0xf0, 0x00, 0x00, 0x22, 0xa3, 0xdd, 0xf6, 0xfe, 0xff, 0xff, 0x03, 0x00,
  0xce, 0xff, 0xca, 0x8f, 0x88, 0xff, 0xff, 0x04, 0x00, 0xf7, 0xff, 0x18, 0x00, 0x42, 0xff, 0xff, 0x04, 0x00, 0xba, 0xff,
  0xc2, 0x95, 0xdd, 0xff, 0xff, 0x04, 0x00, 0x19, 0xb2, 0xf5, 0xde, 0x51, 0xcb, 0xc9, 0x00, 0x00, 0x00, 0x00, 0x07, 0x69,
  0x69, 0x06, 0x00, 0x00, 0x00, 0x00, 0x00, 0x9c, 0xff, 0xff, 0x9b, 0x00, 0x00, 0x00, 0x00, 0x00, 0xee, 0x32, 0x33, 0xf6,
  0x00, 0x00, 0x00, 0x00, 0x00, 0xd4, 0xb2, 0xb3, 0xda, 0x00, 0x00, 0x00, 0x00, 0x00, 0x3c, 0xe5, 0xe5, 0x39, 0x00, 0x00,
  0x00, 0x00, 0x00, 0x00, 0x00, 0x00, 0x00, 0x00, 0x00, 0x00, 0x2b, 0xa1, 0xe3, 0xf9, 0xe6, 0x97, 0x0e, 0x00, 0x00, 0x9a,
  0xef, 0xa8, 0x8c, 0xcc, 0xff, 0xa1, 0x00, 0x00, 0x06, 0x03, 0x00, 0x00, 0x15, 0xff, 0xf0, 0x00, 0x00, 0x1f, 0x9f, 0xdb,
  0xf5, 0xfe, 0xff, 0xff, 0x03, 0x00, 0xcc, 0xff, 0xcb, 0x91, 0x89, 0xff, 0xff, 0x04, 0x00, 0xf7, 0xff, 0x18, 0x00, 0x42,
  0xff, 0xff, 0x04, 0x00, 0xba, 0xff, 0xc2, 0x95, 0xdd, 0xff, 0xff, 0x04, 0x00, 0x19, 0xb2, 0xf5, 0xde, 0x51, 0xcb, 0xc9,
  0x00, 0x00, 0x29, 0xa0, 0xe2, 0xf9, 0xe2, 0x84, 0x25, 0xa6, 0xec, 0xf8, 0xc7, 0x3c, 0x00, 0x00, 0x00, 0x96, 0xf0, 0xa9,
  0x8c, 0xcc, 0xff, 0xff, 0xf9, 0x9e, 0x9a, 0xec, 0xfe, 0x3a, 0x00, 0x00, 0x06, 0x04, 0x00, 0x00, 0x15, 0xff, 0xff, 0x66,
  0x00, 0x00, 0x3f, 0xff, 0xc1, 0x00, 0x00, 0x22, 0xa3, 0xdd, 0xf5, 0xfe, 0xff, 0xff, 0xff, 0xff, 0xff, 0xff, 0xff, 0xf6,
  0x00, 0x00, 0xce, 0xff, 0xca, 0x90, 0x89, 0xff, 0xff, 0x98, 0x84, 0x84, 0x84, 0x84, 0x67, 0x00, 0x00, 0xf7, 0xff, 0x18,
  0x00, 0x42, 0xff, 0xff, 0x62, 0x00, 0x00, 0x00, 0x0d, 0x02, 0x00, 0x00, 0xb7, 0xff, 0xc2, 0x95, 0xeb, 0xb7, 0xe3, 0xfb,
  0xa9, 0x8c, 0xb5, 0xfa, 0x63, 0x00, 0x00, 0x15, 0xa7, 0xf1, 0xef, 0xa2, 0x0e, 0x1d, 0xa2, 0xe8, 0xf8, 0xd9, 0x81, 0x0a,
  0x00, 0x00, 0x00, 0x37, 0xbe, 0xf4, 0xf0, 0xb7, 0x36, 0x00, 0x39, 0xfd, 0xfc, 0xa8, 0x92, 0xdc, 0x94, 0x00, 0xc4, 0xff,
  0x66, 0x00, 0x00, 0x00, 0x00, 0x00, 0xf6, 0xff, 0x14, 0x00, 0x00, 0x00, 0x00, 0x00, 0xf2, 0xff, 0x15, 0x00, 0x00, 0x00,
  0x00, 0x00, 0xbd, 0xff, 0x6d, 0x00, 0x00, 0x00, 0x00, 0x00, 0x3d, 0xfc, 0xfd, 0xa8, 0x90, 0xda, 0x84, 0x00, 0x00, 0x3e,
  0xbe, 0xff, 0xff, 0xb6, 0x30, 0x00, 0x00, 0x00, 0x00, 0xcf, 0xc3, 0x40, 0x00, 0x00, 0x00, 0x00, 0x0c, 0x4d, 0x9c, 0xef,
  0x00, 0x00, 0x00, 0x00, 0x70, 0xec, 0xe7, 0x76, 0x00, 0x00, 0x00, 0x76, 0x62, 0x00, 0x00, 0x00, 0x00, 0x00, 0x00, 0x00,
  0x00, 0xae, 0xf5, 0x17, 0x00, 0x00, 0x00, 0x00, 0x00, 0x00, 0x00, 0x1a, 0xed, 0x8e, 0x00, 0x00, 0x00, 0x00, 0x00, 0x00,
  0x00, 0x00, 0x51, 0xc3, 0x00, 0x00, 0x00, 0x00, 0x00, 0x00, 0x00, 0x00, 0x00, 0x00, 0x00, 0x00, 0x00, 0x00, 0x00, 0x00,
  0x00, 0x29, 0xac, 0xec, 0xf8, 0xc8, 0x3f, 0x00, 0x00, 0x00, 0x2d, 0xf3, 0xfa, 0xa0, 0x99, 0xec, 0xfe, 0x3e, 0x00, 0x00,
  0xb4, 0xff, 0x6a, 0x00, 0x00, 0x3f, 0xff, 0xc5, 0x00, 0x00, 0xf1, 0xff, 0xff, 0xff, 0xff, 0xff, 0xff, 0xf7, 0x00, 0x00,
  0xf1, 0xff, 0x98, 0x84, 0x84, 0x84, 0x84, 0x65, 0x00, 0x00, 0xb7, 0xff, 0x69, 0x00, 0x00, 0x00, 0x0b, 0x04, 0x00, 0x00,
  0x31, 0xf5, 0xfd, 0xaf, 0x8c, 0xaf, 0xf8, 0x77, 0x00, 0x00, 0x00, 0x29, 0xa8, 0xe8, 0xf8, 0xdd, 0x89, 0x10, 0x00, 0x00,
  0x00, 0x00, 0x00, 0x00, 0x53, 0x86, 0x00, 0x00, 0x00, 0x00, 0x00, 0x00, 0x00, 0x0c, 0xea, 0xc6, 0x00, 0x00, 0x00, 0x00,
  0x00, 0x00, 0x00, 0x7a, 0xf7, 0x29, 0x00, 0x00, 0x00, 0x00, 0x00, 0x00, 0x00, 0xb1, 0x68, 0x00, 0x00, 0x00, 0x00, 0x00,
  0x00, 0x00, 0x00, 0x00, 0x00, 0x00, 0x00, 0x00, 0x00, 0x00, 0x00, 0x29, 0xac, 0xec, 0xf8, 0xc8, 0x3f, 0x00, 0x00, 0x00,
  0x2d, 0xf3, 0xfa, 0xa0, 0x99, 0xec, 0xfe, 0x3e, 0x00, 0x00, 0xb4, 0xff, 0x6a, 0x00, 0x00, 0x3f, 0xff, 0xc5, 0x00, 0x00,
  0xf1, 0xff, 0xff, 0xff, 0xff, 0xff, 0xff, 0xf7, 0x00, 0x00, 0xf1, 0xff, 0x98, 0x84, 0x84, 0x84, 0x84, 0x65, 0x00, 0x00,
  0xb7, 0xff, 0x69, 0x00, 0x00, 0x00, 0x0b, 0x04, 0x00, 0x00, 0x31, 0xf5, 0xfd, 0xaf, 0x8c, 0xaf, 0xf8, 0x77, 0x00, 0x00,
  0x00, 0x29, 0xa8, 0xe8, 0xf8, 0xdd, 0x89, 0x10, 0x00, 0x00, 0x00, 0x00, 0x00, 0x86, 0x97, 0x06, 0x00, 0x00, 0x00, 0x00,
  0x00, 0x00, 0x58, 0xfc, 0xf3, 0x79, 0x00, 0x00, 0x00, 0x00, 0x00, 0x05, 0xdd, 0x89, 0x6a, 0xef, 0x11, 0x00, 0x00, 0x00,
  0x00, 0x30, 0xcd, 0x09, 0x01, 0xb8, 0x49, 0x00, 0x00, 0x00, 0x00, 0x00, 0x00, 0x00, 0x00, 0x00, 0x00, 0x00, 0x00, 0x00,
  0x00, 0x29, 0xac, 0xec, 0xf8, 0xc8, 0x3f, 0x00, 0x00, 0x00, 0x2d, 0xf3, 0xfa, 0xa0, 0x99, 0xec, 0xfe, 0x3e, 0x00, 0x00,
  0xb4, 0xff, 0x6a, 0x00, 0x00, 0x3f, 0xff, 0xc5, 0x00, 0x00, 0xf1, 0xff, 0xff, 0xff, 0xff, 0xff, 0xff, 0xf7, 0x00, 0x00,
  0xf1, 0xff, 0x98, 0x84, 0x84, 0x84, 0x84, 0x65, 0x00, 0x00, 0xb7, 0xff, 0x69, 0x00, 0x00, 0x00, 0x0b, 0x04, 0x00, 0x00,
  0x31, 0xf5, 0xfd, 0xaf, 0x8c, 0xaf, 0xf8, 0x77, 0x00, 0x00, 0x00, 0x29, 0xa8, 0xe8, 0xf8, 0xdd, 0x89, 0x10, 0x00, 0x00,
  0x00, 0xd0, 0xd4, 0x00, 0xca, 0xd4, 0x00, 0x00, 0x00, 0x00, 0x00, 0x59, 0x5b, 0x00, 0x57, 0x5b, 0x00, 0x00, 0x00, 0x00,
  0x00, 0x00, 0x00, 0x00, 0x00, 0x00, 0x00, 0x00, 0x00, 0x00, 0x00, 0x29, 0xac, 0xec, 0xf8, 0xc8, 0x3f, 0x00, 0x00, 0x00,
  0x2d, 0xf3, 0xfa, 0xa0, 0x99, 0xec, 0xfe, 0x3e, 0x00, 0x00, 0xb4, 0xff, 0x6a, 0x00, 0x00, 0x3f, 0xff, 0xc5, 0x00, 0x00,
  0xf1, 0xff, 0xff, 0xff, 0xff, 0xff, 0xff, 0xf7, 0x00, 0x00, 0xf1, 0xff, 0x98, 0x84, 0x84, 0x84, 0x84, 0x64, 0x00, 0x00,
  0xb7, 0xff, 0x69, 0x00, 0x00, 0x00, 0x0b, 0x04, 0x00, 0x00, 0x31, 0xf5, 0xfd, 0xaf, 0x8c, 0xaf, 0xf8, 0x77, 0x00, 0x00,
  0x00, 0x29, 0xa8, 0xe8, 0xf8, 0xdd, 0x89, 0x10, 0x00, 0x25, 0xa3, 0x13, 0x00, 0x00, 0x32, 0xfd, 0x8d, 0x00, 0x00, 0x00,
  0x89, 0xf6, 0x18, 0x00, 0x00, 0x06, 0xc4, 0x4a, 0x00, 0x00, 0x00, 0x00, 0x00, 0x00, 0x00, 0x00, 0xc3, 0xcb, 0x00, 0x00,
  0x00, 0xff, 0xff, 0x03, 0x00, 0x00, 0xff, 0xff, 0x04, 0x00, 0x00, 0xff, 0xff, 0x04, 0x00, 0x00, 0xff, 0xff, 0x04, 0x00,
  0x00, 0xff, 0xff, 0x04, 0x00, 0x00, 0xff, 0xff, 0x03, 0x00, 0x00, 0xc3, 0xcc, 0x00, 0x00, 0x00, 0x0b, 0x9f, 0x2e, 0x00,
  0x00, 0x7a, 0xff, 0x45, 0x00, 0x0d, 0xed, 0x9e, 0x00, 0x00, 0x3a, 0xcf, 0x0d, 0x00, 0x00, 0x00, 0x00, 0x00, 0x00, 0x00,
  0xc3, 0xcb, 0x00, 0x00, 0x00, 0xff, 0xff, 0x03, 0x00, 0x00, 0xff, 0xff, 0x04, 0x00, 0x00, 0xff, 0xff, 0x04, 0x00, 0x00,
  0xff, 0xff, 0x04, 0x00, 0x00, 0xff, 0xff, 0x04, 0x00, 0x00, 0xff, 0xff, 0x03, 0x00, 0x00, 0xc3, 0xcc, 0x00, 0x00, 0x00,
  0x02, 0x8b, 0x8c, 0x02, 0x00, 0x00, 0x66, 0xf7, 0xf8, 0x67, 0x00, 0x0a, 0xe5, 0x79, 0x7a, 0xe6, 0x0a, 0x3c, 0xc3, 0x04,
  0x04, 0xc3, 0x3b, 0x00, 0x00, 0x00, 0x00, 0x00, 0x00, 0x00, 0x00, 0xc3, 0xcb, 0x00, 0x00, 0x00, 0x00, 0xff, 0xff, 0x03,
  0x00, 0x00, 0x00, 0xff, 0xff, 0x04, 0x00, 0x00, 0x00, 0xff, 0xff, 0x04, 0x00, 0x00, 0x00, 0xff, 0xff, 0x04, 0x00, 0x00,
  0x00, 0xff, 0xff, 0x04, 0x00, 0x00, 0x00, 0xff, 0xff, 0x03, 0x00, 0x00, 0x00, 0xc3, 0xcc, 0x00, 0x00, 0xd0, 0xd4, 0x00,
  0xd0, 0xd4, 0x00, 0x59, 0x5b, 0x00, 0x5a, 0x5b, 0x00, 0x00, 0x00, 0x00, 0x00, 0x00, 0x00, 0x00, 0x00, 0xc7, 0xc7, 0x00,
  0x00, 0x00, 0x03, 0xff, 0xff, 0x00, 0x00, 0x00, 0x04, 0xff, 0xff, 0x00, 0x00, 0x00, 0x04, 0xff, 0xff, 0x00, 0x00, 0x00,
  0x04, 0xff, 0xff, 0x00, 0x00, 0x00, 0x04, 0xff, 0xff, 0x00, 0x00, 0x00, 0x03, 0xff, 0xff, 0x00, 0x00, 0x00, 0x00, 0xc7,
  0xc8, 0x00, 0x00, 0x00, 0x00, 0x40, 0x6d, 0x1d, 0x00, 0x1b, 0x65, 0x07, 0x00, 0x00, 0x00, 0x67, 0xf9, 0xfc, 0xc4, 0xf9,
  0xdc, 0x14, 0x00, 0x00, 0x00, 0x1d, 0xaf, 0xff, 0xff, 0xf3, 0x1b, 0x00, 0x00, 0x00, 0x00, 0xdd, 0xd9, 0x65, 0x6d, 0xff,
  0xc7, 0x03, 0x00, 0x00, 0x00, 0x14, 0x52, 0x7a, 0x5c, 0xa9, 0xff, 0x62, 0x00, 0x00, 0x12, 0xcd, 0xff, 0xff, 0xff, 0xff,
  0xff, 0xc2, 0x00, 0x00, 0x9c, 0xff, 0xb8, 0x17, 0x19, 0xb9, 0xff, 0xf4, 0x00, 0x00, 0xeb, 0xff, 0x28, 0x00, 0x00, 0x20,
  0xff, 0xfd, 0x00, 0x00, 0xf6, 0xff, 0x0f, 0x00, 0x00, 0x10, 0xff, 0xe4, 0x00, 0x00, 0xc7, 0xff, 0x55, 0x00, 0x00, 0x5c,
  0xff, 0xa0, 0x00, 0x00, 0x48, 0xfd, 0xf6, 0x9c, 0x98, 0xf6, 0xf2, 0x25, 0x00, 0x00, 0x00, 0x45, 0xc4, 0xf5, 0xf2, 0xb7,
  0x2f, 0x00, 0x00, 0x00, 0x00, 0x4a, 0xa1, 0x54, 0x00, 0x36, 0x85, 0x00, 0x00, 0x1e, 0xf7, 0xb7, 0xf3, 0xc0, 0xe4, 0x79,
  0x00, 0x00, 0x37, 0x85, 0x00, 0x21, 0x98, 0x89, 0x04, 0x00, 0x00, 0x00, 0x00, 0x00, 0x00, 0x00, 0x00, 0x00, 0x00, 0x00,
  0xc5, 0xd0, 0x49, 0xd4, 0xf8, 0xcb, 0x28, 0x00, 0x00, 0xff, 0xff, 0xe6, 0x92, 0xc9, 0xff, 0xbd, 0x00, 0x00, 0xff, 0xff,
  0x41, 0x00, 0x1c, 0xff, 0xf6, 0x00, 0x00, 0xff, 0xff, 0x08, 0x00, 0x00, 0xff, 0xff, 0x03, 0x00, 0xff, 0xff, 0x04, 0x00,
  0x00, 0xff, 0xff, 0x04, 0x00, 0xff, 0xff, 0x04, 0x00, 0x00, 0xff, 0xff, 0x04, 0x00, 0xff, 0xff, 0x04, 0x00, 0x00, 0xff,
  0xff, 0x04, 0x00, 0xc6, 0xd2, 0x00, 0x00, 0x00, 0xc6, 0xca, 0x00, 0x00, 0x00, 0x6b, 0x6f, 0x00, 0x00, 0x00, 0x00, 0x00,
  0x00, 0x00, 0x00, 0x9e, 0xfb, 0x23, 0x00, 0x00, 0x00, 0x00, 0x00, 0x00, 0x00, 0x12, 0xe5, 0x9f, 0x00, 0x00, 0x00, 0x00,
  0x00, 0x00, 0x00, 0x00, 0x44, 0xd0, 0x00, 0x00, 0x00, 0x00, 0x00, 0x00, 0x00, 0x00, 0x00, 0x00, 0x00, 0x00, 0x00, 0x00,
  0x00, 0x00, 0x00, 0x40, 0xbf, 0xf4, 0xf1, 0xbb, 0x39, 0x00, 0x00, 0x00, 0x33, 0xfc, 0xf7, 0x9c, 0x9f, 0xfa, 0xfa, 0x39,
  0x00, 0x00, 0xbd, 0xff, 0x5e, 0x00, 0x00, 0x61, 0xff, 0xbb, 0x00, 0x00, 0xf5, 0xff, 0x10, 0x00, 0x00, 0x14, 0xff, 0xf1,
  0x00, 0x00, 0xf2, 0xff, 0x13, 0x00, 0x00, 0x1c, 0xff, 0xf4, 0x00, 0x00, 0xbe, 0xff, 0x61, 0x00, 0x00, 0x61, 0xff, 0xbe,
  0x00, 0x00, 0x3e, 0xfc, 0xfa, 0x9f, 0x9c, 0xf8, 0xfb, 0x33, 0x00, 0x00, 0x00, 0x3f, 0xbe, 0xf2, 0xf5, 0xbf, 0x34, 0x00,
  0x00, 0x00, 0x00, 0x00, 0x00, 0x00, 0x48, 0x91, 0x00, 0x00, 0x00, 0x00, 0x00, 0x00, 0x00, 0x06, 0xe0, 0xd6, 0x00, 0x00,
  0x00, 0x00, 0x00, 0x00, 0x00, 0x6a, 0xfb, 0x35, 0x00, 0x00, 0x00, 0x00, 0x00, 0x00, 0x00, 0xa0, 0x77, 0x00, 0x00, 0x00,
  0x00, 0x00, 0x00, 0x00, 0x00, 0x00, 0x00, 0x00, 0x00, 0x00, 0x00, 0x00, 0x00, 0x40, 0xbf, 0xf4, 0xf1, 0xbb, 0x39, 0x00,
  0x00, 0x00, 0x33, 0xfc, 0xf7, 0x9c, 0x9f, 0xfa, 0xfa, 0x39, 0x00, 0x00, 0xbd, 0xff, 0x5e, 0x00, 0x00, 0x61, 0xff, 0xbb,
  0x00, 0x00, 0xf5, 0xff, 0x10, 0x00, 0x00, 0x14, 0xff, 0xf1, 0x00, 0x00, 0xf2, 0xff, 0x13, 0x00, 0x00, 0x1c, 0xff, 0xf4,
  0x00, 0x00, 0xbe, 0xff, 0x61, 0x00, 0x00, 0x61, 0xff, 0xbe, 0x00, 0x00, 0x3e, 0xfc, 0xfa, 0x9f, 0x9c, 0xf8, 0xfb, 0x33,
  0x00, 0x00, 0x00, 0x3f, 0xbe, 0xf2, 0xf5, 0xbf, 0x34, 0x00, 0x00, 0x00, 0x00, 0x00, 0x02, 0x8f, 0x8f, 0x03, 0x00, 0x00,
  0x00, 0x00, 0x00, 0x00, 0x67, 0xf7, 0xf8, 0x69, 0x00, 0x00, 0x00, 0x00, 0x00, 0x0a, 0xe6, 0x79, 0x7a, 0xe6, 0x0a, 0x00,
  0x00, 0x00, 0x00, 0x3c, 0xc3, 0x04, 0x04, 0xc3, 0x3b, 0x00, 0x00, 0x00, 0x00, 0x00, 0x00, 0x00, 0x00, 0x00, 0x00, 0x00,
  0x00, 0x00, 0x00, 0x40, 0xbf, 0xf4, 0xf1, 0xbb, 0x39, 0x00, 0x00, 0x00, 0x33, 0xfc, 0xf7, 0x9c, 0x9f, 0xfa, 0xfa, 0x39,
  0x00, 0x00, 0xbd, 0xff, 0x5e, 0x00, 0x00, 0x61, 0xff, 0xbb, 0x00, 0x00, 0xf5, 0xff, 0x10, 0x00, 0x00, 0x14, 0xff, 0xf1,
  0x00, 0x00, 0xf2, 0xff, 0x13, 0x00, 0x00, 0x1c, 0xff, 0xf4, 0x00, 0x00, 0xbe, 0xff, 0x61, 0x00, 0x00, 0x61, 0xff, 0xbe,
  0x00, 0x00, 0x3e, 0xfc, 0xfa, 0x9f, 0x9c, 0xf8, 0xfb, 0x33, 0x00, 0x00, 0x00, 0x3f, 0xbe, 0xf2, 0xf5, 0xbf, 0x34, 0x00,
  0x00, 0x00, 0x00, 0x58, 0xa1, 0x47, 0x00, 0x48, 0x72, 0x00, 0x00, 0x00, 0x31, 0xf8, 0xb7, 0xf7, 0xb9, 0xec, 0x60, 0x00,
  0x00, 0x00, 0x4a, 0x72, 0x00, 0x2c, 0x9d, 0x7d, 0x00, 0x00, 0x00, 0x00, 0x00, 0x00, 0x00, 0x00, 0x00, 0x00, 0x00, 0x00,
  0x00, 0x00, 0x00, 0x40, 0xbf, 0xf4, 0xf1, 0xbb, 0x39, 0x00, 0x00, 0x00, 0x33, 0xfc, 0xf7, 0x9c, 0x9f, 0xfa, 0xfa, 0x39,
  0x00, 0x00, 0xbd, 0xff, 0x5e, 0x00, 0x00, 0x61, 0xff, 0xbb, 0x00, 0x00, 0xf5, 0xff, 0x10, 0x00, 0x00, 0x14, 0xff, 0xf1,
  0x00, 0x00, 0xf2, 0xff, 0x13, 0x00, 0x00, 0x1c, 0xff, 0xf4, 0x00, 0x00, 0xbe, 0xff, 0x61, 0x00, 0x00, 0x61, 0xff, 0xbe,
  0x00, 0x00, 0x3e, 0xfc, 0xfa, 0x9f, 0x9c, 0xf8, 0xfb, 0x33, 0x00, 0x00, 0x00, 0x3f, 0xbe, 0xf2, 0xf5, 0xbf, 0x34, 0x00,
  0x00, 0x00, 0x00, 0xd4, 0xd0, 0x00, 0x00, 0xce, 0xd0, 0x00, 0x00, 0x00, 0x00, 0x5c, 0x59, 0x00, 0x00, 0x59, 0x59, 0x00,
  0x00, 0x00, 0x00, 0x00, 0x00, 0x00, 0x00, 0x00, 0x00, 0x00, 0x00, 0x00, 0x00, 0x40, 0xbf, 0xf4, 0xf1, 0xbb, 0x39, 0x00,
  0x00, 0x00, 0x33, 0xfc, 0xf7, 0x9c, 0x9f, 0xfa, 0xfa, 0x39, 0x00, 0x00, 0xbd, 0xff, 0x5e, 0x00, 0x00, 0x61, 0xff, 0xbb,
  0x00, 0x00, 0xf5, 0xff, 0x10, 0x00, 0x00, 0x14, 0xff, 0xf1, 0x00, 0x00, 0xf2, 0xff, 0x13, 0x00, 0x00, 0x1c, 0xff, 0xf4,
  0x00, 0x00, 0xbe, 0xff, 0x61, 0x00, 0x00, 0x61, 0xff, 0xbe, 0x00, 0x00, 0x3e, 0xfc, 0xfa, 0x9f, 0x9c, 0xf8, 0xfb, 0x33,
  0x00, 0x00, 0x00, 0x3f, 0xbe, 0xf2, 0xf5, 0xbf, 0x34, 0x00, 0x00, 0x00, 0x00, 0x00, 0x00, 0xce, 0xce, 0x00, 0x00, 0x00,
  0x00, 0x00, 0x00, 0x00, 0x00, 0x57, 0x5b, 0x00, 0x00, 0x00, 0x00, 0x00, 0x00, 0x00, 0x00, 0x00, 0x00, 0x00, 0x00, 0x00,
  0x00, 0x00, 0xd8, 0xff, 0xff, 0xff, 0xff, 0xff, 0xff, 0xd8, 0x00, 0x00, 0x61, 0x84, 0x84, 0x84, 0x84, 0x84, 0x84, 0x61,
  0x00, 0x00, 0x00, 0x00, 0x00, 0x00, 0x00, 0x00, 0x00, 0x00, 0x00, 0x00, 0x00, 0x00, 0x00, 0x57, 0x57, 0x00, 0x00, 0x00,
  0x00, 0x00, 0x00, 0x00, 0x00, 0xce, 0xd2, 0x00, 0x00, 0x00, 0x00, 0x00, 0x00, 0x00, 0x00, 0x00, 0x00, 0x00, 0x00, 0x00,
  0x00, 0x00, 0x00, 0x00, 0x00, 0x00, 0x00, 0x56, 0x5d, 0x00, 0x00, 0x00, 0x00, 0x40, 0xbf, 0xf4, 0xff, 0xff, 0xab, 0x00,
  0x00, 0x00, 0x33, 0xfc, 0xf7, 0x9c, 0xff, 0xff, 0xff, 0x39, 0x00, 0x00, 0xbd, 0xff, 0x5e, 0x35, 0xfe, 0xa8, 0xff, 0xbb,
  0x00, 0x00, 0xf5, 0xff, 0x11, 0xc7, 0xb1, 0x14, 0xff, 0xf1, 0x00, 0x00, 0xf2, 0xff, 0x72, 0xf8, 0x22, 0x1c, 0xff, 0xf4,
  0x00, 0x00, 0xbe, 0xff, 0xff, 0x85, 0x00, 0x61, 0xff, 0xbe, 0x00, 0x00, 0x3e, 0xff, 0xff, 0xaa, 0x9c, 0xf8, 0xfb, 0x33,
  0x00, 0x00, 0x25, 0xff, 0xff, 0xf2, 0xf5, 0xbf, 0x34, 0x00, 0x00, 0x00, 0x45, 0xa4, 0x00, 0x00, 0x00, 0x00, 0x00, 0x00,
  0x00, 0x00, 0x00, 0x68, 0x72, 0x00, 0x00, 0x00, 0x00, 0x00, 0x00, 0x00, 0x97, 0xfc, 0x26, 0x00, 0x00, 0x00, 0x00, 0x00,
  0x00, 0x0f, 0xe2, 0xa3, 0x00, 0x00, 0x00, 0x00, 0x00, 0x00, 0x00, 0x40, 0xd3, 0x00, 0x00, 0x00, 0x00, 0x00, 0x00, 0x00,
  0x00, 0x00, 0x00, 0x00, 0x00, 0x00, 0x00, 0xbf, 0xca, 0x00, 0x00, 0x00, 0xbf, 0xca, 0x00, 0x00, 0xff, 0xff, 0x04, 0x00,
  0x00, 0xff, 0xff, 0x04, 0x00, 0xff, 0xff, 0x04, 0x00, 0x00, 0xff, 0xff, 0x04, 0x00, 0xff, 0xff, 0x04, 0x00, 0x00, 0xff,
  0xff, 0x04, 0x00, 0xff, 0xff, 0x04, 0x00, 0x04, 0xff, 0xff, 0x04, 0x00, 0xf1, 0xff, 0x1d, 0x00, 0x3f, 0xff, 0xff, 0x04,
  0x00, 0xb3, 0xff, 0xca, 0x91, 0xe3, 0xff, 0xff, 0x04, 0x00, 0x20, 0xc1, 0xf7, 0xdc, 0x4d, 0xcb, 0xc4, 0x00, 0x00, 0x00,
  0x00, 0x00, 0x00, 0x45, 0x94, 0x01, 0x00, 0x00, 0x00, 0x00, 0x00, 0x05, 0xdd, 0xd9, 0x01, 0x00, 0x00, 0x00, 0x00, 0x00,
  0x66, 0xfc, 0x38, 0x00, 0x00, 0x00, 0x00, 0x00, 0x00, 0x9c, 0x7b, 0x00, 0x00, 0x00, 0x00, 0x00, 0x00, 0x00, 0x00, 0x00,
  0x00, 0x00, 0x00, 0x00, 0xbf, 0xca, 0x00, 0x00, 0x00, 0xbf, 0xca, 0x00, 0x00, 0xff, 0xff, 0x04, 0x00, 0x00, 0xff, 0xff,
  0x04, 0x00, 0xff, 0xff, 0x04, 0x00, 0x00, 0xff, 0xff, 0x04, 0x00, 0xff, 0xff, 0x04, 0x00, 0x00, 0xff, 0xff, 0x04, 0x00,
  0xff, 0xff, 0x04, 0x00, 0x04, 0xff, 0xff, 0x04, 0x00, 0xf1, 0xff, 0x1d, 0x00, 0x3f, 0xff, 0xff, 0x04, 0x00, 0xb3, 0xff,
  0xca, 0x91, 0xe3, 0xff, 0xff, 0x04, 0x00, 0x20, 0xc1, 0xf7, 0xdc, 0x4d, 0xcb, 0xc4, 0x00, 0x00, 0x00, 0x00, 0x36, 0xaa,
  0x3b, 0x00, 0x00, 0x00, 0x00, 0x00, 0x05, 0xdc, 0xef, 0xe3, 0x08, 0x00, 0x00, 0x00, 0x00, 0x6c, 0xea, 0x23, 0xe6, 0x74,
  0x00, 0x00, 0x00, 0x00, 0xb0, 0x54, 0x00, 0x4d, 0xb5, 0x00, 0x00, 0x00, 0x00, 0x00, 0x00, 0x00, 0x00, 0x00, 0x00, 0x00,
  0x00, 0xbf, 0xca, 0x00, 0x00, 0x00, 0xc7, 0xca, 0x00, 0x00, 0xff, 0xff, 0x04, 0x00, 0x00, 0xff, 0xff, 0x04, 0x00, 0xff,
  0xff, 0x04, 0x00, 0x00, 0xff, 0xff, 0x04, 0x00, 0xff, 0xff, 0x04, 0x00, 0x00, 0xff, 0xff, 0x04, 0x00, 0xff, 0xff, 0x04,
  0x00, 0x05, 0xff, 0xff, 0x04, 0x00, 0xf1, 0xff, 0x20, 0x00, 0x45, 0xff, 0xff, 0x04, 0x00, 0xb3, 0xff, 0xd3, 0x9d, 0xe8,
  0xff, 0xff, 0x04, 0x00, 0x20, 0xc1, 0xf7, 0xdc, 0x4d, 0xcb, 0xc4, 0x00, 0x00, 0x00, 0xd0, 0xd4, 0x00, 0xca, 0xd4, 0x00,
  0x00, 0x00, 0x00, 0x59, 0x5b, 0x00, 0x57, 0x5b, 0x00, 0x00, 0x00, 0x00, 0x00, 0x00, 0x00, 0x00, 0x00, 0x00, 0x00, 0x00,
  0xbf, 0xca, 0x00, 0x00, 0x00, 0xbf, 0xca, 0x00, 0x00, 0xff, 0xff, 0x04, 0x00, 0x00, 0xff, 0xff, 0x04, 0x00, 0xff, 0xff,
  0x04, 0x00, 0x00, 0xff, 0xff, 0x04, 0x00, 0xff, 0xff, 0x04, 0x00, 0x00, 0xff, 0xff, 0x04, 0x00, 0xff, 0xff, 0x04, 0x00,
  0x04, 0xff, 0xff, 0x04, 0x00, 0xf1, 0xff, 0x1d, 0x00, 0x3f, 0xff, 0xff, 0x04, 0x00, 0xb3, 0xff, 0xca, 0x91, 0xe3, 0xff,
  0xff, 0x04, 0x00, 0x20, 0xc1, 0xf7, 0xdc, 0x4d, 0xcb, 0xc4, 0x00, 0x00, 0x00, 0x00, 0x00, 0x00, 0x8a, 0x4e, 0x00, 0x00,
  0x00, 0x00, 0x00, 0x00, 0x47, 0xff, 0x75, 0x00, 0x00, 0x00, 0x00, 0x00, 0x00, 0xc9, 0xca, 0x04, 0x00, 0x00, 0x00, 0x00,
  0x00, 0x12, 0xde, 0x26, 0x00, 0x00, 0x00, 0x00, 0x00, 0x00, 0x00, 0x00, 0x00, 0x00, 0x00, 0x00, 0x74, 0xeb, 0x2f, 0x00,
  0x00, 0x00, 0x90, 0xe0, 0x07, 0x71, 0xff, 0x9f, 0x00, 0x00, 0x17, 0xfa, 0xe2, 0x01, 0x11, 0xf5, 0xf5, 0x0f, 0x00, 0x7b,
  0xff, 0x77, 0x00, 0x00, 0x9a, 0xff, 0x6b, 0x02, 0xdf, 0xf5, 0x11, 0x00, 0x00, 0x2c, 0xff, 0xd0, 0x4a, 0xff, 0x97, 0x00,
  0x00, 0x00, 0x00, 0xbe, 0xff, 0xe8, 0xfe, 0x29, 0x00, 0x00, 0x00, 0x00, 0x50, 0xff, 0xff, 0xb8, 0x00, 0x00, 0x00, 0x00,
  0x00, 0x02, 0xfe, 0xff, 0x49, 0x00, 0x00, 0x00, 0x00, 0x00, 0x2f, 0xff, 0xd7, 0x01, 0x00, 0x00, 0x00, 0x00, 0x00, 0x9f,
  0xff, 0x69, 0x00, 0x00, 0x00, 0x00, 0x00, 0x00, 0xa6, 0xd3, 0x0a, 0x00, 0x00, 0x00, 0x00, 0x00, 0xc1, 0xcc, 0x00, 0x00,
  0x00, 0x00, 0x00, 0x00, 0x00, 0x00, 0xff, 0xff, 0x04, 0x00, 0x00, 0x00, 0x00, 0x00, 0x00, 0x00, 0xff, 0xff, 0x04, 0x00,
  0x00, 0x00, 0x00, 0x00, 0x00, 0x00, 0xff, 0xff, 0x40, 0xcb, 0xf7, 0xd6, 0x5a, 0x00, 0x00, 0x00, 0xff, 0xff, 0xec, 0x9b,
  0x9f, 0xfa, 0xff, 0x50, 0x00, 0x00, 0xff, 0xff, 0x5a, 0x00, 0x00, 0x61, 0xff, 0xc4, 0x00, 0x00, 0xff, 0xff, 0x0f, 0x00,
  0x00, 0x14, 0xff, 0xf3, 0x00, 0x00, 0xff, 0xff, 0x13, 0x00, 0x00, 0x1c, 0xff, 0xf3, 0x00, 0x00, 0xff, 0xff, 0x5f, 0x00,
  0x00, 0x60, 0xff, 0xc4, 0x00, 0x00, 0xff, 0xff, 0xf7, 0x9e, 0x9b, 0xf7, 0xff, 0x51, 0x00, 0x00, 0xff, 0xff, 0x57, 0xd4,
  0xf8, 0xd8, 0x5e, 0x00, 0x00, 0x00, 0xff, 0xff, 0x04, 0x00, 0x00, 0x00, 0x00, 0x00, 0x00, 0x00, 0xff, 0xff, 0x04, 0x00,
  0x00, 0x00, 0x00, 0x00, 0x00, 0x00, 0xc0, 0xc9, 0x00, 0x00, 0x00, 0x00, 0x00, 0x00, 0x00, 0x00, 0x00, 0xd0, 0xd4, 0x00,
  0xd0, 0xd4, 0x00, 0x00, 0x00, 0x00, 0x5a, 0x5b, 0x00, 0x59, 0x5c, 0x00, 0x00, 0x00, 0x00, 0x00, 0x00, 0x00, 0x00, 0x00,
  0x00, 0x00, 0x32, 0xec, 0x6f, 0x00, 0x00, 0x00, 0x50, 0xec, 0x3b, 0x26, 0xff, 0xe5, 0x03, 0x00, 0x00, 0xcb, 0xff, 0x2c,
  0x00, 0xbc, 0xff, 0x4d, 0x00, 0x32, 0xff, 0xbf, 0x00, 0x00, 0x4e, 0xff, 0xb1, 0x00, 0x9a, 0xff, 0x4f, 0x00, 0x00, 0x02,
  0xdd, 0xfb, 0x26, 0xf3, 0xdd, 0x02, 0x00, 0x00, 0x00, 0x72, 0xff, 0xe2, 0xff, 0x70, 0x00, 0x00, 0x00, 0x00, 0x0f, 0xf4,
  0xff, 0xf2, 0x0e, 0x00, 0x00, 0x00, 0x00, 0x00, 0xb5, 0xff, 0x91, 0x00, 0x00, 0x00, 0x00, 0x00, 0x03, 0xdf, 0xfd, 0x23,
  0x00, 0x00, 0x00, 0x00, 0x00, 0x53, 0xff, 0xb1, 0x00, 0x00, 0x00, 0x00, 0x00, 0x00, 0x5e, 0xec, 0x36, 0x00, 0x00, 0x00,
  0x00, 0x00, 0x73, 0x84, 0x84, 0x84, 0x84, 0x84, 0x84, 0x73, 0x00, 0x0b, 0xef, 0xff, 0xff, 0xff, 0xff, 0xff, 0xff, 0xef,
  0x0b, 0x00, 0x00, 0x00, 0x00, 0x00, 0x00, 0x00, 0x00, 0x00, 0x00, 0x00, 0x00, 0x00, 0x00, 0x00, 0x00, 0x00, 0x00, 0x00,
  0x00, 0x00, 0x00, 0x00, 0x00, 0x00, 0x00, 0x00, 0x00, 0x00, 0x00, 0x00, 0x00, 0x00, 0x00, 0x00, 0x00, 0x00, 0x00, 0x00,
  0x00, 0x00, 0x73, 0x84, 0x84, 0x84, 0x84, 0x84, 0x84, 0x84, 0x84, 0x84, 0x84, 0x84, 0x84, 0x84, 0x84, 0x73, 0x00, 0x0b,
  0xef, 0xff, 0xff, 0xff, 0xff, 0xff, 0xff, 0xff, 0xff, 0xff, 0xff, 0xff, 0xff, 0xff, 0xff, 0xef, 0x0b, 0x00, 0x00, 0x00,
  0x00, 0x00, 0x00, 0x00, 0x00, 0x00, 0x00, 0x00, 0x00, 0x00, 0x00, 0x00, 0x00, 0x00, 0x00, 0x00, 0x00, 0x00, 0x00, 0x00,
  0x00, 0x00, 0x00, 0x00, 0x00, 0x00, 0x00, 0x00, 0x00, 0x00, 0x00, 0x00, 0x00, 0x00, 0x00, 0x00, 0x00, 0x00, 0x00, 0x00,
  0x00, 0x00, 0x00, 0x00, 0x00, 0x00, 0x00, 0x00, 0x00, 0x00, 0x00, 0x00, 0x00, 0x00, 0x00, 0x00, 0x00, 0x00, 0x00, 0x00,
  0x00, 0x00, 0x00, 0x00, 0x00, 0x00, 0x00, 0x00, 0x00, 0x00, 0x00, 0x0c, 0x00, 0x00, 0x62, 0xa4, 0x00, 0x00, 0xd4, 0x43,
  0x00, 0x00, 0xfa, 0xe3, 0x00, 0x00, 0xbb, 0xc8, 0x00, 0x00, 0x00, 0x00, 0x00, 0x00, 0x00, 0x00, 0x00, 0x00, 0x00, 0x00,
  0x00, 0x00, 0x00, 0x00, 0x00, 0x00, 0x00, 0x00, 0x00, 0x00, 0x00, 0x00, 0x00, 0x00, 0x00, 0x00, 0x00, 0x00, 0xc6, 0xbf,
  0x00, 0x00, 0xe3, 0xfd, 0x00, 0x00, 0x45, 0xd7, 0x00, 0x00, 0xa4, 0x62, 0x00, 0x00, 0x0a, 0x00, 0x00, 0x00, 0x00, 0x00,
  0x00, 0x00, 0x00, 0x00, 0x00, 0x00, 0x00, 0x00, 0x00, 0x00, 0x00, 0x00, 0x00, 0x00, 0x00, 0x00, 0x00, 0x00, 0x00, 0x00,
  0x00, 0x00, 0x00, 0x0c, 0x00, 0x00, 0x0c, 0x00, 0x00, 0x62, 0xa4, 0x00, 0x64, 0xa4, 0x00, 0x00, 0xd4, 0x43, 0x00, 0xd4,
  0x43, 0x00, 0x00, 0xfa, 0xe3, 0x00, 0xfa, 0xe3, 0x00, 0x00, 0xbb, 0xc8, 0x00, 0xbb, 0xc8, 0x00, 0x00, 0x00, 0x00, 0x00,
  0x00, 0x00, 0x00, 0x00, 0x00, 0x00, 0x00, 0x00, 0x00, 0x00, 0x00, 0x00, 0x00, 0x00, 0x00, 0x00, 0x00, 0x00, 0x00, 0x00,
  0x00, 0x00, 0x00, 0x00, 0x00, 0x00, 0x00, 0x00, 0x00, 0x00, 0x00, 0x00, 0x00, 0x00, 0x00, 0x00, 0x00, 0x00, 0x00, 0x00,
  0x00, 0x00, 0x00, 0x00, 0x00, 0x00, 0xc6, 0xbf, 0x00, 0xc6, 0xbf, 0x00, 0x00, 0xe3, 0xfd, 0x00, 0xe3, 0xfd, 0x00, 0x00,
  0x45, 0xd7, 0x00, 0x48, 0xd7, 0x00, 0x00, 0xa4, 0x62, 0x00, 0xa6, 0x62, 0x00, 0x00, 0x0a, 0x00, 0x00, 0x0a, 0x00, 0x00,
  0x00, 0x00, 0x00, 0x00, 0x00, 0x00, 0x00, 0x00, 0x00, 0x00, 0x00, 0x00, 0x00, 0x00, 0x00, 0x00, 0x00, 0x00, 0x00, 0x00,
  0x00, 0x00, 0x00, 0x00, 0x00, 0x00, 0x00, 0x00, 0x00, 0x00, 0x00, 0x00, 0x00, 0x00, 0x00, 0x00, 0x00, 0x00, 0x00, 0x00,
  0x00, 0x00, 0x00, 0x05, 0x8b, 0xed, 0xec, 0x88, 0x05, 0x00, 0x00, 0x88, 0xff, 0xff, 0xff, 0xff, 0x8a, 0x00, 0x00, 0xec,
  0xff, 0xff, 0xff, 0xff, 0xed, 0x00, 0x00, 0xee, 0xff, 0xff, 0xff, 0xff, 0xed, 0x00, 0x00, 0x8e, 0xff, 0xff, 0xff, 0xff,
  0x89, 0x00, 0x00, 0x06, 0x8d, 0xed, 0xed, 0x8a, 0x05, 0x00, 0x00, 0x00, 0x00, 0x00, 0x00, 0x00, 0x00, 0x00, 0x00, 0x0d,
  0x0e, 0x00, 0x00, 0x0d, 0x0e, 0x00, 0x00, 0x0d, 0x0e, 0x00, 0x00, 0xe0, 0xe4, 0x00, 0x00, 0xe0, 0xe4, 0x00, 0x00, 0xe0,
  0xe4, 0x00, 0x00, 0xc5, 0xca, 0x00, 0x00, 0xc5, 0xca, 0x00, 0x00, 0xc5, 0xca, 0x00
};
